labels,predictions,outputs,categories
1.0,1.0,0.5054251,ddpm
1.0,1.0,0.5412196,ddpm
1.0,1.0,0.55546266,ddpm
1.0,1.0,0.5659237,ddpm
1.0,0.0,0.48947427,ddpm
1.0,1.0,0.5362372,ddpm
1.0,1.0,0.5057537,ddpm
1.0,1.0,0.5475958,ddpm
1.0,1.0,0.5255439,ddpm
1.0,1.0,0.5131392,ddpm
1.0,1.0,0.50913054,ddpm
1.0,1.0,0.52202666,ddpm
1.0,1.0,0.51624477,ddpm
1.0,1.0,0.51519537,ddpm
1.0,1.0,0.51182264,ddpm
1.0,1.0,0.5218685,ddpm
1.0,1.0,0.50426424,ddpm
1.0,1.0,0.5021019,ddpm
1.0,1.0,0.56457067,ddpm
1.0,1.0,0.5311169,ddpm
1.0,0.0,0.49853322,ddpm
1.0,1.0,0.5290211,ddpm
1.0,0.0,0.4824446,ddpm
1.0,0.0,0.49687302,ddpm
1.0,0.0,0.48785532,ddpm
1.0,1.0,0.55272543,ddpm
1.0,1.0,0.5695361,ddpm
1.0,1.0,0.54100883,ddpm
1.0,1.0,0.5020415,ddpm
1.0,1.0,0.51583475,ddpm
1.0,1.0,0.5038453,ddpm
1.0,1.0,0.556741,ddpm
1.0,1.0,0.5168858,ddpm
1.0,1.0,0.5223079,ddpm
1.0,1.0,0.5260332,ddpm
1.0,1.0,0.5065572,ddpm
1.0,0.0,0.49610054,ddpm
1.0,1.0,0.5266927,ddpm
1.0,1.0,0.5444825,ddpm
1.0,1.0,0.5002398,ddpm
1.0,1.0,0.5029437,ddpm
1.0,1.0,0.5026733,ddpm
1.0,1.0,0.5282723,ddpm
1.0,1.0,0.5313297,ddpm
1.0,0.0,0.49113193,ddpm
1.0,0.0,0.4872222,ddpm
1.0,0.0,0.49389064,ddpm
1.0,1.0,0.56545967,ddpm
1.0,1.0,0.52875173,ddpm
1.0,1.0,0.5268053,ddpm
1.0,1.0,0.5315493,ddpm
1.0,1.0,0.53834784,ddpm
1.0,1.0,0.5457589,ddpm
1.0,1.0,0.5433786,ddpm
1.0,1.0,0.53204477,ddpm
1.0,1.0,0.5537913,ddpm
1.0,1.0,0.5365917,ddpm
1.0,1.0,0.5502104,ddpm
1.0,1.0,0.5068391,ddpm
1.0,1.0,0.554456,ddpm
1.0,0.0,0.4989991,ddpm
1.0,1.0,0.50555056,ddpm
1.0,0.0,0.49854732,ddpm
1.0,1.0,0.54253846,ddpm
1.0,1.0,0.52612734,ddpm
1.0,0.0,0.47366163,ddpm
1.0,1.0,0.5123305,ddpm
1.0,1.0,0.52776194,ddpm
1.0,1.0,0.5493608,ddpm
1.0,0.0,0.49798292,ddpm
1.0,1.0,0.5492659,ddpm
1.0,0.0,0.49673468,ddpm
1.0,1.0,0.5336038,ddpm
1.0,1.0,0.57941777,ddpm
1.0,1.0,0.54989505,ddpm
1.0,0.0,0.47876078,ddpm
1.0,1.0,0.52454513,ddpm
1.0,1.0,0.5465339,ddpm
1.0,0.0,0.48402354,ddpm
1.0,1.0,0.5344994,ddpm
1.0,1.0,0.5218492,ddpm
1.0,1.0,0.5117707,ddpm
1.0,1.0,0.53183365,ddpm
1.0,1.0,0.56239635,ddpm
1.0,1.0,0.51337713,ddpm
1.0,1.0,0.50077814,ddpm
1.0,1.0,0.5531765,ddpm
1.0,1.0,0.5783372,ddpm
1.0,1.0,0.5087209,ddpm
1.0,1.0,0.5548098,ddpm
1.0,1.0,0.5174382,ddpm
1.0,1.0,0.50373423,ddpm
1.0,0.0,0.45756775,ddpm
1.0,1.0,0.52283305,ddpm
1.0,1.0,0.51408505,ddpm
1.0,1.0,0.52051115,ddpm
1.0,1.0,0.51715004,ddpm
1.0,0.0,0.4678599,ddpm
1.0,0.0,0.48490062,ddpm
1.0,0.0,0.4850299,ddpm
1.0,1.0,0.52549064,ddpm
1.0,0.0,0.49799687,ddpm
1.0,1.0,0.54323244,ddpm
1.0,1.0,0.5362864,ddpm
1.0,1.0,0.5318597,ddpm
1.0,0.0,0.4831004,ddpm
1.0,1.0,0.5291895,ddpm
1.0,1.0,0.50949013,ddpm
1.0,0.0,0.4933474,ddpm
1.0,1.0,0.56501395,ddpm
1.0,1.0,0.5236971,ddpm
1.0,1.0,0.50390327,ddpm
1.0,1.0,0.56902176,ddpm
1.0,1.0,0.57295823,ddpm
1.0,1.0,0.51176393,ddpm
1.0,1.0,0.55472445,ddpm
1.0,1.0,0.53476614,ddpm
1.0,1.0,0.53378063,ddpm
1.0,1.0,0.51300657,ddpm
1.0,1.0,0.51833385,ddpm
1.0,1.0,0.54388946,ddpm
1.0,0.0,0.46869478,ddpm
1.0,1.0,0.5163044,ddpm
1.0,1.0,0.53921586,ddpm
1.0,1.0,0.53703666,ddpm
1.0,1.0,0.5217033,ddpm
1.0,1.0,0.5115951,ddpm
1.0,1.0,0.5538419,ddpm
1.0,1.0,0.5106375,ddpm
1.0,1.0,0.57578254,ddpm
1.0,1.0,0.52824783,ddpm
1.0,1.0,0.5619526,ddpm
1.0,1.0,0.51882803,ddpm
1.0,0.0,0.46696034,ddpm
1.0,1.0,0.54027754,ddpm
1.0,1.0,0.5172445,ddpm
1.0,0.0,0.4880564,ddpm
1.0,0.0,0.4942169,ddpm
1.0,0.0,0.49026543,ddpm
1.0,1.0,0.5413165,ddpm
1.0,1.0,0.51020265,ddpm
1.0,0.0,0.4974221,ddpm
1.0,1.0,0.53379494,ddpm
1.0,1.0,0.59565395,ddpm
1.0,1.0,0.50388354,ddpm
1.0,1.0,0.522456,ddpm
1.0,1.0,0.5246607,ddpm
1.0,1.0,0.5389795,ddpm
1.0,1.0,0.5257907,ddpm
1.0,1.0,0.56222016,ddpm
1.0,1.0,0.5286319,ddpm
1.0,1.0,0.5555249,ddpm
1.0,1.0,0.5585647,ddpm
1.0,1.0,0.53111833,ddpm
1.0,1.0,0.50554734,ddpm
1.0,1.0,0.5171503,ddpm
1.0,1.0,0.509241,ddpm
1.0,0.0,0.47979537,ddpm
1.0,1.0,0.5598819,ddpm
1.0,1.0,0.5487399,ddpm
1.0,1.0,0.5073962,ddpm
1.0,1.0,0.50042224,ddpm
1.0,1.0,0.5554918,ddpm
1.0,1.0,0.51370776,ddpm
1.0,0.0,0.48746365,ddpm
1.0,1.0,0.5306884,ddpm
1.0,1.0,0.5154539,ddpm
1.0,0.0,0.49959973,ddpm
1.0,1.0,0.5277047,ddpm
1.0,1.0,0.52361727,ddpm
1.0,1.0,0.5182901,ddpm
1.0,1.0,0.53388125,ddpm
1.0,1.0,0.5073961,ddpm
1.0,1.0,0.5374177,ddpm
1.0,1.0,0.5930075,ddpm
1.0,1.0,0.5853717,ddpm
1.0,0.0,0.48875165,ddpm
1.0,1.0,0.52920806,ddpm
1.0,1.0,0.5147452,ddpm
1.0,1.0,0.56002605,ddpm
1.0,1.0,0.599152,ddpm
1.0,1.0,0.5264384,ddpm
1.0,0.0,0.48681274,ddpm
1.0,1.0,0.5653135,ddpm
1.0,1.0,0.53059185,ddpm
1.0,1.0,0.5221766,ddpm
1.0,1.0,0.5358832,ddpm
1.0,1.0,0.51514673,ddpm
1.0,1.0,0.51133937,ddpm
1.0,1.0,0.54995626,ddpm
1.0,1.0,0.50705165,ddpm
1.0,1.0,0.54219806,ddpm
1.0,1.0,0.5333323,ddpm
1.0,1.0,0.5286046,ddpm
1.0,1.0,0.51290613,ddpm
1.0,0.0,0.49819225,ddpm
1.0,1.0,0.5210891,ddpm
1.0,1.0,0.5244667,ddpm
1.0,1.0,0.5081506,ddpm
1.0,1.0,0.5092488,ddpm
1.0,0.0,0.49456653,ddpm
1.0,1.0,0.54193497,ddpm
1.0,1.0,0.6054274,ddpm
1.0,0.0,0.49169445,ddpm
1.0,1.0,0.5372135,ddpm
1.0,1.0,0.50209236,ddpm
1.0,1.0,0.5030873,ddpm
1.0,1.0,0.51638466,ddpm
1.0,1.0,0.51580024,ddpm
1.0,1.0,0.50517756,ddpm
1.0,1.0,0.57885885,ddpm
1.0,0.0,0.4890529,ddpm
1.0,1.0,0.52017504,ddpm
1.0,1.0,0.5300481,ddpm
1.0,1.0,0.50283706,ddpm
1.0,1.0,0.52125317,ddpm
1.0,1.0,0.5342046,ddpm
1.0,1.0,0.5047088,ddpm
1.0,1.0,0.51151633,ddpm
1.0,1.0,0.504097,ddpm
1.0,1.0,0.57773525,ddpm
1.0,1.0,0.5472171,ddpm
1.0,1.0,0.5210323,ddpm
1.0,1.0,0.55590916,ddpm
1.0,1.0,0.576142,ddpm
1.0,1.0,0.5319873,ddpm
1.0,0.0,0.49267212,ddpm
1.0,0.0,0.4624203,ddpm
1.0,1.0,0.5248522,ddpm
1.0,1.0,0.5565667,ddpm
1.0,1.0,0.5252555,ddpm
1.0,1.0,0.51194155,ddpm
1.0,1.0,0.5320751,ddpm
1.0,1.0,0.5019704,ddpm
1.0,0.0,0.4715097,ddpm
1.0,1.0,0.52962154,ddpm
1.0,1.0,0.52244,ddpm
1.0,1.0,0.5005732,ddpm
1.0,1.0,0.5463731,ddpm
1.0,1.0,0.58027184,ddpm
1.0,1.0,0.5468752,ddpm
1.0,1.0,0.5251627,ddpm
1.0,0.0,0.48457563,ddpm
1.0,1.0,0.5046517,ddpm
1.0,1.0,0.5166972,ddpm
1.0,0.0,0.4976778,ddpm
1.0,0.0,0.49410194,ddpm
1.0,1.0,0.507609,ddpm
1.0,1.0,0.50678307,ddpm
1.0,1.0,0.56698364,ddpm
1.0,0.0,0.48374435,ddpm
1.0,0.0,0.46666667,ddpm
1.0,0.0,0.47955048,ddpm
1.0,1.0,0.54616517,ddpm
1.0,1.0,0.5621737,ddpm
1.0,1.0,0.55355084,ddpm
1.0,1.0,0.56988823,ddpm
1.0,1.0,0.52586305,ddpm
1.0,1.0,0.50943047,ddpm
1.0,1.0,0.5199172,ddpm
1.0,1.0,0.5299054,ddpm
1.0,1.0,0.52475595,ddpm
1.0,1.0,0.527691,ddpm
1.0,1.0,0.5281889,ddpm
1.0,1.0,0.51886815,ddpm
1.0,0.0,0.47574273,ddpm
1.0,1.0,0.5271236,ddpm
1.0,1.0,0.5394958,ddpm
1.0,1.0,0.5558799,ddpm
1.0,0.0,0.49532902,ddpm
1.0,0.0,0.46826658,ddpm
1.0,1.0,0.5444768,ddpm
1.0,1.0,0.5292158,ddpm
1.0,1.0,0.563898,ddpm
1.0,1.0,0.5178051,ddpm
1.0,1.0,0.5219312,ddpm
1.0,0.0,0.49752077,ddpm
1.0,1.0,0.51959693,ddpm
1.0,0.0,0.4996806,ddpm
1.0,1.0,0.50418556,ddpm
1.0,1.0,0.55962527,ddpm
1.0,1.0,0.5284413,ddpm
1.0,1.0,0.5994095,ddpm
1.0,1.0,0.53737587,ddpm
1.0,1.0,0.5456656,ddpm
1.0,1.0,0.51384676,ddpm
1.0,1.0,0.55682766,ddpm
1.0,1.0,0.52045196,ddpm
1.0,0.0,0.47409058,ddpm
1.0,1.0,0.5333206,ddpm
1.0,0.0,0.4937762,ddpm
1.0,0.0,0.47175533,ddpm
1.0,0.0,0.49961573,ddpm
1.0,1.0,0.5073449,ddpm
1.0,1.0,0.567465,ddpm
1.0,1.0,0.52630335,ddpm
1.0,1.0,0.5071863,ddpm
1.0,1.0,0.5778841,ddpm
1.0,1.0,0.5270645,ddpm
1.0,1.0,0.5145684,ddpm
1.0,1.0,0.5294913,ddpm
1.0,0.0,0.49918985,ddpm
1.0,1.0,0.51247054,ddpm
1.0,1.0,0.5258681,ddpm
1.0,1.0,0.50981915,ddpm
1.0,0.0,0.49702105,ddpm
1.0,1.0,0.52608234,ddpm
1.0,1.0,0.5199882,ddpm
1.0,1.0,0.5613084,ddpm
1.0,1.0,0.55803597,ddpm
1.0,1.0,0.5036684,ddpm
1.0,1.0,0.51380616,ddpm
1.0,1.0,0.53572,ddpm
1.0,0.0,0.49934873,ddpm
1.0,1.0,0.52252483,ddpm
1.0,1.0,0.540744,ddpm
1.0,1.0,0.51814353,ddpm
1.0,1.0,0.5219603,ddpm
1.0,0.0,0.49864018,ddpm
1.0,1.0,0.55211014,ddpm
1.0,1.0,0.53353286,ddpm
1.0,1.0,0.52475446,ddpm
1.0,1.0,0.5150413,ddpm
1.0,1.0,0.5822749,ddpm
1.0,1.0,0.5186685,ddpm
1.0,0.0,0.49290708,ddpm
1.0,1.0,0.543076,ddpm
1.0,1.0,0.55014586,ddpm
1.0,0.0,0.4679266,ddpm
1.0,1.0,0.5078975,ddpm
1.0,1.0,0.5650787,ddpm
1.0,1.0,0.512815,ddpm
1.0,1.0,0.5943397,ddpm
1.0,1.0,0.50122356,ddpm
1.0,1.0,0.5220474,ddpm
1.0,1.0,0.5296149,ddpm
1.0,0.0,0.48368594,ddpm
1.0,0.0,0.45368576,ddpm
1.0,1.0,0.52684546,ddpm
1.0,1.0,0.56515086,ddpm
1.0,0.0,0.4641121,ddpm
1.0,0.0,0.49307802,ddpm
1.0,1.0,0.5173049,ddpm
1.0,0.0,0.4905399,ddpm
1.0,0.0,0.47605872,ddpm
1.0,0.0,0.49697682,ddpm
1.0,0.0,0.49952117,ddpm
1.0,1.0,0.51909435,ddpm
1.0,1.0,0.5266409,ddpm
1.0,0.0,0.49825457,ddpm
1.0,1.0,0.54901105,ddpm
1.0,0.0,0.4938475,ddpm
1.0,1.0,0.5261179,ddpm
1.0,1.0,0.5435415,ddpm
1.0,0.0,0.48080948,ddpm
1.0,1.0,0.52853495,ddpm
1.0,1.0,0.544804,ddpm
1.0,0.0,0.4995993,ddpm
1.0,1.0,0.53186375,ddpm
1.0,0.0,0.49795207,ddpm
1.0,1.0,0.529234,ddpm
1.0,1.0,0.58493674,ddpm
1.0,1.0,0.5675549,ddpm
1.0,1.0,0.53070116,ddpm
1.0,0.0,0.49605268,ddpm
1.0,0.0,0.4914611,ddpm
1.0,1.0,0.52907515,ddpm
1.0,1.0,0.54765624,ddpm
1.0,0.0,0.49459743,ddpm
1.0,1.0,0.5168041,ddpm
1.0,1.0,0.5281955,ddpm
1.0,1.0,0.51936764,ddpm
1.0,1.0,0.54413164,ddpm
1.0,1.0,0.52246773,ddpm
1.0,0.0,0.4706825,ddpm
1.0,1.0,0.54418594,ddpm
1.0,1.0,0.502169,ddpm
1.0,0.0,0.45468193,ddpm
1.0,1.0,0.5764669,ddpm
1.0,0.0,0.4982464,ddpm
1.0,1.0,0.53235537,ddpm
1.0,0.0,0.49396333,ddpm
1.0,1.0,0.5284756,ddpm
1.0,1.0,0.53746814,ddpm
1.0,1.0,0.55933154,ddpm
1.0,1.0,0.52406126,ddpm
1.0,1.0,0.52926517,ddpm
1.0,1.0,0.50095195,ddpm
1.0,1.0,0.559776,ddpm
1.0,1.0,0.52682805,ddpm
1.0,1.0,0.5819666,ddpm
1.0,1.0,0.542442,ddpm
1.0,1.0,0.5206659,ddpm
1.0,1.0,0.5577289,ddpm
1.0,1.0,0.5521833,ddpm
1.0,1.0,0.52719474,ddpm
1.0,0.0,0.49496105,ddpm
1.0,0.0,0.4989464,ddpm
1.0,1.0,0.53470904,ddpm
1.0,1.0,0.51092887,ddpm
1.0,1.0,0.53488034,ddpm
1.0,1.0,0.5190902,ddpm
1.0,1.0,0.5409545,ddpm
1.0,1.0,0.6030688,ddpm
1.0,0.0,0.47733793,ddpm
1.0,1.0,0.54116076,ddpm
1.0,1.0,0.5040338,ddpm
1.0,1.0,0.5397665,ddpm
1.0,1.0,0.59547454,ddpm
1.0,0.0,0.49686855,ddpm
1.0,1.0,0.5349165,ddpm
1.0,0.0,0.49706653,ddpm
1.0,1.0,0.5576149,ddpm
1.0,1.0,0.5452901,ddpm
1.0,1.0,0.53548664,ddpm
1.0,0.0,0.48034096,ddpm
1.0,1.0,0.50114006,ddpm
1.0,1.0,0.5103575,ddpm
1.0,0.0,0.4856713,ddpm
1.0,0.0,0.4749505,ddpm
1.0,1.0,0.5059685,ddpm
1.0,1.0,0.528615,ddpm
1.0,0.0,0.4973672,ddpm
1.0,1.0,0.5094297,ddpm
1.0,0.0,0.48333713,ddpm
1.0,1.0,0.51431054,ddpm
1.0,1.0,0.5100622,ddpm
1.0,1.0,0.5049375,ddpm
1.0,1.0,0.5043909,ddpm
1.0,1.0,0.5539815,ddpm
1.0,1.0,0.5260873,ddpm
1.0,1.0,0.5097077,ddpm
1.0,1.0,0.52342385,ddpm
1.0,1.0,0.5455741,ddpm
1.0,1.0,0.51668674,ddpm
1.0,1.0,0.5204755,ddpm
1.0,1.0,0.5156088,ddpm
1.0,1.0,0.5270307,ddpm
1.0,1.0,0.5744068,ddpm
1.0,1.0,0.5877519,ddpm
1.0,1.0,0.51851875,ddpm
1.0,1.0,0.50233096,ddpm
1.0,1.0,0.56225413,ddpm
1.0,1.0,0.5123283,ddpm
1.0,0.0,0.4633298,ddpm
1.0,1.0,0.51268226,ddpm
1.0,1.0,0.5569586,ddpm
1.0,1.0,0.560559,ddpm
1.0,1.0,0.51550883,ddpm
1.0,0.0,0.4957171,ddpm
1.0,0.0,0.48622847,ddpm
1.0,1.0,0.54566187,ddpm
1.0,1.0,0.5315239,ddpm
1.0,1.0,0.50217,ddpm
1.0,1.0,0.5025556,ddpm
1.0,1.0,0.5016043,ddpm
1.0,1.0,0.52956533,ddpm
1.0,0.0,0.48214447,ddpm
1.0,0.0,0.4858188,ddpm
1.0,1.0,0.51362383,ddpm
1.0,0.0,0.48831546,ddpm
1.0,1.0,0.5121532,ddpm
1.0,1.0,0.5469235,ddpm
1.0,1.0,0.5584255,ddpm
1.0,1.0,0.5678753,ddpm
1.0,0.0,0.4987249,ddpm
1.0,1.0,0.56451744,ddpm
1.0,0.0,0.47664464,ddpm
1.0,1.0,0.54689866,ddpm
1.0,1.0,0.5185707,ddpm
1.0,1.0,0.53417546,ddpm
1.0,1.0,0.53272986,ddpm
1.0,0.0,0.49762383,ddpm
1.0,1.0,0.5150948,ddpm
1.0,1.0,0.5061598,ddpm
1.0,1.0,0.5120482,ddpm
1.0,1.0,0.54851335,ddpm
1.0,1.0,0.5859536,ddpm
1.0,1.0,0.5462071,ddpm
1.0,1.0,0.5624297,ddpm
1.0,1.0,0.56468046,ddpm
1.0,1.0,0.50882185,ddpm
1.0,1.0,0.5073224,ddpm
1.0,1.0,0.5172537,ddpm
1.0,1.0,0.54086673,ddpm
1.0,0.0,0.49236062,ddpm
1.0,0.0,0.49060342,ddpm
1.0,0.0,0.49502528,ddpm
1.0,1.0,0.55799705,ddpm
1.0,1.0,0.5242775,ddpm
1.0,1.0,0.5176925,ddpm
1.0,1.0,0.5057476,ddpm
1.0,1.0,0.5449898,ddpm
1.0,1.0,0.593878,ddpm
1.0,1.0,0.500123,ddpm
1.0,0.0,0.49163324,ddpm
1.0,1.0,0.502605,ddpm
1.0,1.0,0.58286047,ddpm
1.0,1.0,0.51713294,ddpm
1.0,1.0,0.50625443,ddpm
1.0,0.0,0.47508848,ddpm
1.0,1.0,0.53194875,ddpm
1.0,1.0,0.53986406,ddpm
1.0,1.0,0.5543146,ddpm
1.0,1.0,0.5154261,ddpm
1.0,1.0,0.5538137,ddpm
1.0,1.0,0.5192641,ddpm
1.0,1.0,0.5039626,ddpm
1.0,0.0,0.48364964,ddpm
1.0,1.0,0.52196175,ddpm
1.0,1.0,0.55095315,ddpm
1.0,0.0,0.49850535,ddpm
1.0,1.0,0.55344415,ddpm
1.0,1.0,0.52793515,ddpm
1.0,1.0,0.531979,ddpm
1.0,0.0,0.47739482,ddpm
1.0,0.0,0.49726972,ddpm
1.0,0.0,0.49869153,ddpm
1.0,1.0,0.50551295,ddpm
1.0,0.0,0.49568102,ddpm
1.0,0.0,0.47181392,ddpm
1.0,1.0,0.50547427,ddpm
1.0,1.0,0.5156942,ddpm
1.0,1.0,0.5186266,ddpm
1.0,0.0,0.49863878,ddpm
1.0,1.0,0.506595,ddpm
1.0,1.0,0.5670255,ddpm
1.0,1.0,0.51232654,ddpm
1.0,1.0,0.5269792,ddpm
1.0,1.0,0.53815186,ddpm
1.0,0.0,0.49343187,ddpm
1.0,1.0,0.5241547,ddpm
1.0,1.0,0.54038674,ddpm
1.0,0.0,0.49971488,ddpm
1.0,1.0,0.5534641,ddpm
1.0,0.0,0.47053403,ddpm
1.0,1.0,0.56199265,ddpm
1.0,1.0,0.505011,ddpm
1.0,0.0,0.49047673,ddpm
1.0,1.0,0.5435682,ddpm
1.0,1.0,0.5428338,ddpm
1.0,1.0,0.52783644,ddpm
1.0,1.0,0.52878374,ddpm
1.0,0.0,0.49757618,ddpm
1.0,0.0,0.49446008,ddpm
1.0,1.0,0.5615343,ddpm
1.0,1.0,0.52884746,ddpm
1.0,1.0,0.5112101,ddpm
1.0,1.0,0.58274364,ddpm
1.0,1.0,0.5434292,ddpm
1.0,1.0,0.5006109,ddpm
1.0,0.0,0.47235665,ddpm
1.0,1.0,0.52380115,ddpm
1.0,1.0,0.5555913,ddpm
1.0,1.0,0.54410726,ddpm
1.0,1.0,0.558121,ddpm
1.0,1.0,0.532392,ddpm
1.0,0.0,0.496161,ddpm
1.0,1.0,0.51867163,ddpm
1.0,1.0,0.56836665,ddpm
1.0,1.0,0.5059646,ddpm
1.0,1.0,0.52936035,ddpm
1.0,1.0,0.50865686,ddpm
1.0,0.0,0.488589,ddpm
1.0,0.0,0.47937304,ddpm
1.0,1.0,0.56794417,ddpm
1.0,1.0,0.5409675,ddpm
1.0,1.0,0.5681575,ddpm
1.0,1.0,0.5062953,ddpm
1.0,1.0,0.537802,ddpm
1.0,1.0,0.54872745,ddpm
1.0,1.0,0.5334653,ddpm
1.0,1.0,0.56444454,ddpm
1.0,1.0,0.54149365,ddpm
1.0,0.0,0.4982248,ddpm
1.0,1.0,0.53035635,ddpm
1.0,0.0,0.4794663,ddpm
1.0,1.0,0.5125461,ddpm
1.0,1.0,0.5025164,ddpm
1.0,1.0,0.5195559,ddpm
1.0,0.0,0.4957893,ddpm
1.0,0.0,0.4838124,ddpm
1.0,0.0,0.49900487,ddpm
1.0,0.0,0.48802164,ddpm
1.0,0.0,0.48585978,ddpm
1.0,1.0,0.5653788,ddpm
1.0,1.0,0.5229376,ddpm
1.0,1.0,0.522376,ddpm
1.0,1.0,0.5266596,ddpm
1.0,1.0,0.51922464,ddpm
1.0,1.0,0.5213126,ddpm
1.0,0.0,0.49719226,ddpm
1.0,0.0,0.47410104,ddpm
1.0,1.0,0.5688055,ddpm
1.0,1.0,0.5005163,ddpm
1.0,1.0,0.5079455,ddpm
1.0,1.0,0.53767896,ddpm
1.0,1.0,0.53128684,ddpm
1.0,1.0,0.52783436,ddpm
1.0,0.0,0.49458343,ddpm
1.0,0.0,0.46544203,ddpm
1.0,0.0,0.48454508,ddpm
1.0,0.0,0.493676,ddpm
1.0,1.0,0.6126753,ddpm
1.0,1.0,0.507943,ddpm
1.0,0.0,0.4830449,ddpm
1.0,1.0,0.5461872,ddpm
1.0,1.0,0.5538497,ddpm
1.0,1.0,0.51847965,ddpm
1.0,1.0,0.53030235,ddpm
1.0,1.0,0.50233257,ddpm
1.0,1.0,0.51964146,ddpm
1.0,0.0,0.49608752,ddpm
1.0,0.0,0.49455908,ddpm
1.0,1.0,0.541313,ddpm
1.0,1.0,0.5252577,ddpm
1.0,1.0,0.5234801,ddpm
1.0,0.0,0.45092082,ddpm
1.0,0.0,0.48004413,ddpm
1.0,0.0,0.4915454,ddpm
1.0,0.0,0.49382108,ddpm
1.0,1.0,0.57018775,ddpm
1.0,1.0,0.5522016,ddpm
1.0,1.0,0.5075867,ddpm
1.0,0.0,0.48072076,ddpm
1.0,0.0,0.4866657,ddpm
1.0,1.0,0.51486635,ddpm
1.0,1.0,0.57786244,ddpm
1.0,1.0,0.55178756,ddpm
1.0,1.0,0.5349709,ddpm
1.0,1.0,0.52673006,ddpm
1.0,1.0,0.5042825,ddpm
1.0,1.0,0.5328066,ddpm
1.0,1.0,0.54960805,ddpm
1.0,1.0,0.58806026,ddpm
1.0,0.0,0.49249613,ddpm
1.0,1.0,0.5346078,ddpm
1.0,0.0,0.4952341,ddpm
1.0,1.0,0.51004285,ddpm
1.0,1.0,0.59212,ddpm
1.0,1.0,0.5309943,ddpm
1.0,0.0,0.47389448,ddpm
1.0,1.0,0.5251269,ddpm
1.0,1.0,0.5272433,ddpm
1.0,1.0,0.5499127,ddpm
1.0,0.0,0.49214688,ddpm
1.0,0.0,0.49890935,ddpm
1.0,1.0,0.52715737,ddpm
1.0,1.0,0.5493305,ddpm
1.0,0.0,0.48821855,ddpm
1.0,0.0,0.48055068,ddpm
1.0,1.0,0.505123,ddpm
1.0,1.0,0.5346752,ddpm
1.0,0.0,0.4981591,ddpm
1.0,1.0,0.54113036,ddpm
1.0,0.0,0.48814172,ddpm
1.0,0.0,0.47183368,ddpm
1.0,1.0,0.591946,ddpm
1.0,0.0,0.48407906,ddpm
1.0,1.0,0.5280967,ddpm
1.0,1.0,0.50142795,ddpm
1.0,1.0,0.5222743,ddpm
1.0,0.0,0.47532168,ddpm
1.0,0.0,0.48688412,ddpm
1.0,0.0,0.49186152,ddpm
1.0,0.0,0.47972557,ddpm
1.0,1.0,0.5486271,ddpm
1.0,1.0,0.5049037,ddpm
1.0,0.0,0.49307957,ddpm
1.0,1.0,0.5192277,ddpm
1.0,1.0,0.5451445,ddpm
1.0,0.0,0.4979569,ddpm
1.0,1.0,0.51351815,ddpm
1.0,0.0,0.49928474,ddpm
1.0,1.0,0.5290821,ddpm
1.0,1.0,0.519941,ddpm
1.0,1.0,0.58333564,ddpm
1.0,1.0,0.5026246,ddpm
1.0,1.0,0.53742456,ddpm
1.0,1.0,0.5429027,ddpm
1.0,1.0,0.5110103,ddpm
1.0,1.0,0.55866104,ddpm
1.0,1.0,0.5205573,ddpm
1.0,0.0,0.48764706,ddpm
1.0,1.0,0.5541176,ddpm
1.0,1.0,0.5458883,ddpm
1.0,1.0,0.5540237,ddpm
1.0,1.0,0.5108764,ddpm
1.0,1.0,0.500196,ddpm
1.0,1.0,0.57153434,ddpm
1.0,1.0,0.54424536,ddpm
1.0,1.0,0.53437465,ddpm
1.0,1.0,0.52134,ddpm
1.0,0.0,0.47199932,ddpm
1.0,1.0,0.5422287,ddpm
1.0,0.0,0.4904928,ddpm
1.0,1.0,0.52473533,ddpm
1.0,1.0,0.5409318,ddpm
1.0,1.0,0.5209812,ddpm
1.0,0.0,0.4919549,ddpm
1.0,1.0,0.5817502,ddpm
1.0,1.0,0.5394537,ddpm
1.0,0.0,0.49602348,ddpm
1.0,1.0,0.5527486,ddpm
1.0,1.0,0.54140186,ddpm
1.0,0.0,0.49005303,ddpm
1.0,1.0,0.54162216,ddpm
1.0,0.0,0.4881367,ddpm
1.0,1.0,0.57540166,ddpm
1.0,0.0,0.47894758,ddpm
1.0,1.0,0.5213232,ddpm
1.0,1.0,0.5393771,ddpm
1.0,0.0,0.48816547,ddpm
1.0,1.0,0.52311033,ddpm
1.0,1.0,0.5172913,ddpm
1.0,1.0,0.56324834,ddpm
1.0,1.0,0.5230704,ddpm
1.0,1.0,0.5380572,ddpm
1.0,1.0,0.50608563,ddpm
1.0,1.0,0.54247653,ddpm
1.0,0.0,0.49392053,ddpm
1.0,1.0,0.5425436,ddpm
1.0,1.0,0.5178215,ddpm
1.0,0.0,0.47809145,ddpm
1.0,1.0,0.52603924,ddpm
1.0,0.0,0.4882061,ddpm
1.0,1.0,0.50847185,ddpm
1.0,1.0,0.53121084,ddpm
1.0,1.0,0.5022113,ddpm
1.0,1.0,0.57824886,ddpm
1.0,0.0,0.49931383,ddpm
1.0,1.0,0.51873857,ddpm
1.0,1.0,0.5340828,ddpm
1.0,1.0,0.52573264,ddpm
1.0,1.0,0.5319565,ddpm
1.0,1.0,0.54296917,ddpm
1.0,1.0,0.5204819,ddpm
1.0,1.0,0.5201054,ddpm
1.0,1.0,0.5453241,ddpm
1.0,1.0,0.53563476,ddpm
1.0,1.0,0.506619,ddpm
1.0,1.0,0.5188614,ddpm
1.0,1.0,0.5558486,ddpm
1.0,1.0,0.50669116,ddpm
1.0,1.0,0.51645696,ddpm
1.0,1.0,0.5036629,ddpm
1.0,0.0,0.49803507,ddpm
1.0,0.0,0.48729545,ddpm
1.0,1.0,0.55286044,ddpm
1.0,1.0,0.5364831,ddpm
1.0,0.0,0.48678505,ddpm
1.0,0.0,0.4937261,ddpm
1.0,1.0,0.5094787,ddpm
1.0,1.0,0.52902466,ddpm
1.0,0.0,0.4777312,ddpm
1.0,0.0,0.48385367,ddpm
1.0,1.0,0.5352428,ddpm
1.0,0.0,0.48448205,ddpm
1.0,1.0,0.5504748,ddpm
1.0,1.0,0.51186496,ddpm
1.0,0.0,0.4783866,ddpm
1.0,0.0,0.49316323,ddpm
1.0,1.0,0.5470611,ddpm
1.0,1.0,0.53279597,ddpm
1.0,1.0,0.5367599,ddpm
1.0,1.0,0.56548375,ddpm
1.0,0.0,0.4964835,ddpm
1.0,1.0,0.5308762,ddpm
1.0,0.0,0.49882248,ddpm
1.0,1.0,0.5210229,ddpm
1.0,0.0,0.47052944,ddpm
1.0,1.0,0.5308254,ddpm
1.0,0.0,0.47436944,ddpm
1.0,1.0,0.5476865,ddpm
1.0,1.0,0.5077141,ddpm
1.0,1.0,0.5594728,ddpm
1.0,0.0,0.4786041,ddpm
1.0,1.0,0.52443874,ddpm
1.0,0.0,0.4722993,ddpm
1.0,1.0,0.5321375,ddpm
1.0,0.0,0.4866484,ddpm
1.0,1.0,0.53049105,ddpm
1.0,0.0,0.47499165,ddpm
1.0,1.0,0.5417955,ddpm
1.0,1.0,0.55178005,ddpm
1.0,1.0,0.5367069,ddpm
1.0,1.0,0.5342692,ddpm
1.0,1.0,0.5176857,ddpm
1.0,1.0,0.5480619,ddpm
1.0,1.0,0.5052025,ddpm
1.0,1.0,0.50503683,ddpm
1.0,1.0,0.5456751,ddpm
1.0,1.0,0.5466249,ddpm
1.0,1.0,0.50660396,ddpm
1.0,0.0,0.46963626,ddpm
1.0,1.0,0.5093588,ddpm
1.0,0.0,0.49609077,ddpm
1.0,1.0,0.53870505,ddpm
1.0,0.0,0.4991112,ddpm
1.0,1.0,0.5090329,ddpm
1.0,1.0,0.5033401,ddpm
1.0,1.0,0.5083684,ddpm
1.0,1.0,0.5250969,ddpm
1.0,1.0,0.55303395,ddpm
1.0,1.0,0.5396163,ddpm
1.0,1.0,0.52402425,ddpm
1.0,0.0,0.49217945,ddpm
1.0,1.0,0.53502935,ddpm
1.0,1.0,0.536635,ddpm
1.0,0.0,0.44431365,ddpm
1.0,1.0,0.5420132,ddpm
1.0,0.0,0.48582894,ddpm
1.0,0.0,0.49520263,ddpm
1.0,1.0,0.51113737,ddpm
1.0,1.0,0.53127885,ddpm
1.0,1.0,0.5197657,ddpm
1.0,1.0,0.53263724,ddpm
1.0,1.0,0.52613664,ddpm
1.0,1.0,0.5324357,ddpm
1.0,0.0,0.48673347,ddpm
1.0,1.0,0.5489908,ddpm
1.0,1.0,0.5568103,ddpm
1.0,1.0,0.5029608,ddpm
1.0,1.0,0.50617576,ddpm
1.0,1.0,0.5062459,ddpm
1.0,1.0,0.50095165,ddpm
1.0,1.0,0.5212944,ddpm
1.0,1.0,0.52879053,ddpm
1.0,1.0,0.5127625,ddpm
1.0,0.0,0.492775,ddpm
1.0,1.0,0.53822696,ddpm
1.0,1.0,0.52097744,ddpm
1.0,0.0,0.4903326,ddpm
1.0,1.0,0.52771765,ddpm
1.0,1.0,0.535752,ddpm
1.0,1.0,0.5152563,ddpm
1.0,1.0,0.565565,ddpm
1.0,0.0,0.48693594,ddpm
1.0,1.0,0.5172434,ddpm
1.0,1.0,0.5409237,ddpm
1.0,1.0,0.55763346,ddpm
1.0,1.0,0.56531113,ddpm
1.0,1.0,0.5074508,ddpm
1.0,1.0,0.5417146,ddpm
1.0,1.0,0.50764704,ddpm
1.0,1.0,0.5169156,ddpm
1.0,0.0,0.4884752,ddpm
1.0,1.0,0.533168,ddpm
1.0,1.0,0.5205296,ddpm
1.0,0.0,0.48776287,ddpm
1.0,1.0,0.50464034,ddpm
1.0,1.0,0.56962985,ddpm
1.0,1.0,0.5658479,ddpm
1.0,1.0,0.5334901,ddpm
1.0,1.0,0.50493926,ddpm
1.0,1.0,0.57979214,ddpm
1.0,1.0,0.55685914,ddpm
1.0,1.0,0.54587156,ddpm
1.0,1.0,0.5273986,ddpm
1.0,1.0,0.52528834,ddpm
1.0,1.0,0.5748212,ddpm
1.0,1.0,0.51575327,ddpm
1.0,1.0,0.5083905,ddpm
1.0,1.0,0.50504196,ddpm
1.0,0.0,0.48025554,ddpm
1.0,1.0,0.5408009,ddpm
1.0,1.0,0.52611756,ddpm
1.0,1.0,0.55122167,ddpm
1.0,1.0,0.5371348,ddpm
1.0,1.0,0.50085056,ddpm
1.0,1.0,0.52682555,ddpm
1.0,1.0,0.5396906,ddpm
1.0,0.0,0.48659727,ddpm
1.0,0.0,0.48424238,ddpm
1.0,0.0,0.4807882,ddpm
1.0,0.0,0.49104118,ddpm
1.0,1.0,0.53346366,ddpm
1.0,1.0,0.51761824,ddpm
1.0,1.0,0.6050843,ddpm
1.0,1.0,0.5008448,ddpm
1.0,1.0,0.51096004,ddpm
1.0,1.0,0.56391484,ddpm
1.0,1.0,0.53467846,ddpm
1.0,0.0,0.48518386,ddpm
1.0,0.0,0.49778885,ddpm
1.0,1.0,0.5371753,ddpm
1.0,1.0,0.5073884,ddpm
1.0,1.0,0.52199286,ddpm
1.0,1.0,0.5252044,ddpm
1.0,1.0,0.5134093,ddpm
1.0,1.0,0.51558757,ddpm
1.0,0.0,0.4872762,ddpm
1.0,0.0,0.46818912,ddpm
1.0,0.0,0.47370788,ddpm
1.0,1.0,0.5039656,ddpm
1.0,1.0,0.5511938,ddpm
1.0,1.0,0.5085437,ddpm
1.0,1.0,0.5167122,ddpm
1.0,1.0,0.55048645,ddpm
1.0,0.0,0.49773943,ddpm
1.0,1.0,0.5706069,ddpm
1.0,0.0,0.47487238,ddpm
1.0,1.0,0.55316144,ddpm
1.0,1.0,0.53537565,ddpm
1.0,1.0,0.5924309,ddpm
1.0,1.0,0.5119433,ddpm
1.0,1.0,0.5499945,ddpm
1.0,1.0,0.5063401,ddpm
1.0,0.0,0.47494793,ddpm
1.0,1.0,0.5089217,ddpm
1.0,1.0,0.5272516,ddpm
1.0,0.0,0.49434805,ddpm
1.0,1.0,0.53357327,ddpm
1.0,1.0,0.586085,ddpm
1.0,0.0,0.49567702,ddpm
1.0,1.0,0.5440468,ddpm
1.0,1.0,0.5235549,ddpm
1.0,1.0,0.5600013,ddpm
1.0,1.0,0.54331946,ddpm
1.0,1.0,0.58060783,ddpm
1.0,1.0,0.54481167,ddpm
1.0,1.0,0.538045,ddpm
1.0,1.0,0.5130834,ddpm
1.0,0.0,0.4958387,ddpm
1.0,1.0,0.54402566,ddpm
1.0,0.0,0.4675662,ddpm
1.0,1.0,0.5379526,ddpm
1.0,0.0,0.4806715,ddpm
1.0,1.0,0.5350109,ddpm
1.0,1.0,0.53551924,ddpm
1.0,1.0,0.5305019,ddpm
1.0,1.0,0.53135574,ddpm
1.0,1.0,0.5027649,ddpm
1.0,1.0,0.5332057,ddpm
1.0,1.0,0.5009902,ddpm
1.0,0.0,0.4998073,ddpm
1.0,0.0,0.4987473,ddpm
1.0,0.0,0.48811182,ddpm
1.0,1.0,0.51221997,ddpm
1.0,1.0,0.52989197,ddpm
1.0,1.0,0.5586707,ddpm
1.0,1.0,0.5960411,ddpm
1.0,1.0,0.53764445,ddpm
1.0,1.0,0.5226138,ddpm
1.0,0.0,0.4863895,ddpm
1.0,1.0,0.53834766,ddpm
1.0,1.0,0.5298712,ddpm
1.0,1.0,0.51733965,ddpm
1.0,1.0,0.5180556,ddpm
1.0,1.0,0.52398664,ddpm
1.0,1.0,0.54413265,ddpm
1.0,1.0,0.5504891,ddpm
1.0,1.0,0.50303537,ddpm
1.0,1.0,0.5871558,ddpm
1.0,1.0,0.52083576,ddpm
1.0,1.0,0.50284636,ddpm
1.0,1.0,0.5172346,ddpm
1.0,0.0,0.48236504,ddpm
1.0,1.0,0.5095383,ddpm
1.0,0.0,0.4949481,ddpm
1.0,1.0,0.5386054,ddpm
1.0,0.0,0.48605043,ddpm
1.0,1.0,0.520887,ddpm
1.0,1.0,0.54813474,ddpm
1.0,1.0,0.53674877,ddpm
1.0,1.0,0.5644801,ddpm
1.0,1.0,0.51426035,ddpm
1.0,1.0,0.5061775,ddpm
1.0,1.0,0.5587925,ddpm
1.0,1.0,0.55948687,ddpm
1.0,1.0,0.55050427,ddpm
1.0,0.0,0.49289235,ddpm
1.0,1.0,0.5306798,ddpm
1.0,1.0,0.5637935,ddpm
1.0,1.0,0.563895,ddpm
1.0,1.0,0.5348599,ddpm
1.0,1.0,0.50100577,ddpm
1.0,1.0,0.53988594,ddpm
1.0,1.0,0.51438695,ddpm
1.0,1.0,0.53003585,ddpm
1.0,1.0,0.5528759,ddpm
1.0,1.0,0.54046214,ddpm
1.0,0.0,0.4894001,ddpm
1.0,1.0,0.5864303,ddpm
1.0,1.0,0.5056566,ddpm
1.0,1.0,0.5501625,ddpm
1.0,0.0,0.46737015,ddpm
1.0,1.0,0.5107839,ddpm
1.0,0.0,0.4956578,ddpm
1.0,1.0,0.5211368,ddpm
1.0,1.0,0.52105594,ddpm
1.0,1.0,0.53063524,ddpm
1.0,0.0,0.48175853,ddpm
1.0,1.0,0.53543484,ddpm
1.0,1.0,0.50200456,ddpm
1.0,0.0,0.48127577,ddpm
1.0,0.0,0.48638082,ddpm
1.0,1.0,0.51070416,ddpm
1.0,1.0,0.51470023,ddpm
1.0,0.0,0.47951695,ddpm
1.0,0.0,0.49570832,deepfloyd_if
1.0,0.0,0.4723276,deepfloyd_if
1.0,1.0,0.54369056,deepfloyd_if
1.0,0.0,0.46539134,deepfloyd_if
1.0,1.0,0.5612085,deepfloyd_if
1.0,0.0,0.49175063,deepfloyd_if
1.0,1.0,0.5047282,deepfloyd_if
1.0,0.0,0.4875778,deepfloyd_if
1.0,0.0,0.49055085,deepfloyd_if
1.0,1.0,0.53404963,deepfloyd_if
1.0,0.0,0.4944532,deepfloyd_if
1.0,0.0,0.48424533,deepfloyd_if
1.0,1.0,0.5262433,deepfloyd_if
1.0,1.0,0.57811564,deepfloyd_if
1.0,0.0,0.48411688,deepfloyd_if
1.0,1.0,0.5194993,deepfloyd_if
1.0,1.0,0.5217613,deepfloyd_if
1.0,1.0,0.5665617,deepfloyd_if
1.0,0.0,0.48667938,deepfloyd_if
1.0,0.0,0.47801474,deepfloyd_if
1.0,1.0,0.5206184,deepfloyd_if
1.0,1.0,0.5018078,deepfloyd_if
1.0,1.0,0.52424645,deepfloyd_if
1.0,0.0,0.46775824,deepfloyd_if
1.0,1.0,0.51246727,deepfloyd_if
1.0,1.0,0.54499507,deepfloyd_if
1.0,0.0,0.48864627,deepfloyd_if
1.0,0.0,0.46209744,deepfloyd_if
1.0,1.0,0.5052447,deepfloyd_if
1.0,1.0,0.5480382,deepfloyd_if
1.0,0.0,0.48588493,deepfloyd_if
1.0,0.0,0.49419534,deepfloyd_if
1.0,0.0,0.47982967,deepfloyd_if
1.0,1.0,0.5005558,deepfloyd_if
1.0,0.0,0.44082737,deepfloyd_if
1.0,1.0,0.53344536,deepfloyd_if
1.0,0.0,0.4750993,deepfloyd_if
1.0,0.0,0.47682855,deepfloyd_if
1.0,1.0,0.5084149,deepfloyd_if
1.0,0.0,0.4709575,deepfloyd_if
1.0,0.0,0.4898737,deepfloyd_if
1.0,1.0,0.5361452,deepfloyd_if
1.0,0.0,0.4630364,deepfloyd_if
1.0,1.0,0.5406145,deepfloyd_if
1.0,1.0,0.5791565,deepfloyd_if
1.0,0.0,0.4844767,deepfloyd_if
1.0,1.0,0.5034327,deepfloyd_if
1.0,0.0,0.49802276,deepfloyd_if
1.0,1.0,0.52286935,deepfloyd_if
1.0,0.0,0.47831422,deepfloyd_if
1.0,0.0,0.46753109,deepfloyd_if
1.0,1.0,0.56777084,deepfloyd_if
1.0,0.0,0.49215785,deepfloyd_if
1.0,0.0,0.459626,deepfloyd_if
1.0,1.0,0.56683195,deepfloyd_if
1.0,0.0,0.48093784,deepfloyd_if
1.0,0.0,0.44220227,deepfloyd_if
1.0,0.0,0.48713443,deepfloyd_if
1.0,1.0,0.54964113,deepfloyd_if
1.0,1.0,0.51400405,deepfloyd_if
1.0,1.0,0.5637084,deepfloyd_if
1.0,0.0,0.47716293,deepfloyd_if
1.0,0.0,0.47855872,deepfloyd_if
1.0,0.0,0.47723964,deepfloyd_if
1.0,1.0,0.5488934,deepfloyd_if
1.0,1.0,0.50399375,deepfloyd_if
1.0,0.0,0.47644472,deepfloyd_if
1.0,1.0,0.51590323,deepfloyd_if
1.0,0.0,0.475906,deepfloyd_if
1.0,1.0,0.569869,deepfloyd_if
1.0,0.0,0.49704427,deepfloyd_if
1.0,0.0,0.48691,deepfloyd_if
1.0,1.0,0.5288651,deepfloyd_if
1.0,0.0,0.49555698,deepfloyd_if
1.0,1.0,0.5114841,deepfloyd_if
1.0,0.0,0.46899554,deepfloyd_if
1.0,0.0,0.4768132,deepfloyd_if
1.0,1.0,0.5091989,deepfloyd_if
1.0,0.0,0.46146873,deepfloyd_if
1.0,0.0,0.46580216,deepfloyd_if
1.0,0.0,0.49476793,deepfloyd_if
1.0,1.0,0.50358707,deepfloyd_if
1.0,0.0,0.4711675,deepfloyd_if
1.0,0.0,0.46796653,deepfloyd_if
1.0,0.0,0.46638024,deepfloyd_if
1.0,1.0,0.5447439,deepfloyd_if
1.0,0.0,0.47526845,deepfloyd_if
1.0,0.0,0.4703755,deepfloyd_if
1.0,1.0,0.51827514,deepfloyd_if
1.0,0.0,0.49043956,deepfloyd_if
1.0,1.0,0.5355824,deepfloyd_if
1.0,1.0,0.5014454,deepfloyd_if
1.0,0.0,0.44579583,deepfloyd_if
1.0,0.0,0.4902441,deepfloyd_if
1.0,0.0,0.49030256,deepfloyd_if
1.0,1.0,0.53430784,deepfloyd_if
1.0,0.0,0.46677482,deepfloyd_if
1.0,1.0,0.5041815,deepfloyd_if
1.0,0.0,0.473294,deepfloyd_if
1.0,1.0,0.50735736,deepfloyd_if
1.0,1.0,0.5686783,deepfloyd_if
1.0,1.0,0.5272627,deepfloyd_if
1.0,0.0,0.46990728,deepfloyd_if
1.0,0.0,0.46791282,deepfloyd_if
1.0,0.0,0.4748178,deepfloyd_if
1.0,1.0,0.5299794,deepfloyd_if
1.0,1.0,0.53724736,deepfloyd_if
1.0,1.0,0.53334457,deepfloyd_if
1.0,1.0,0.5161542,deepfloyd_if
1.0,0.0,0.4820146,deepfloyd_if
1.0,0.0,0.45293725,deepfloyd_if
1.0,0.0,0.47587854,deepfloyd_if
1.0,1.0,0.5054786,deepfloyd_if
1.0,0.0,0.48871845,deepfloyd_if
1.0,1.0,0.5705872,deepfloyd_if
1.0,0.0,0.4855483,deepfloyd_if
1.0,0.0,0.47497046,deepfloyd_if
1.0,1.0,0.5967993,deepfloyd_if
1.0,1.0,0.5239495,deepfloyd_if
1.0,0.0,0.49672133,deepfloyd_if
1.0,1.0,0.5393111,deepfloyd_if
1.0,0.0,0.4802305,deepfloyd_if
1.0,0.0,0.49288616,deepfloyd_if
1.0,0.0,0.48054,deepfloyd_if
1.0,0.0,0.4676362,deepfloyd_if
1.0,0.0,0.4924861,deepfloyd_if
1.0,0.0,0.4392887,deepfloyd_if
1.0,1.0,0.5019563,deepfloyd_if
1.0,0.0,0.47067547,deepfloyd_if
1.0,1.0,0.5542737,deepfloyd_if
1.0,1.0,0.5238889,deepfloyd_if
1.0,1.0,0.5054638,deepfloyd_if
1.0,1.0,0.5240231,deepfloyd_if
1.0,0.0,0.4736323,deepfloyd_if
1.0,0.0,0.49177122,deepfloyd_if
1.0,0.0,0.46389452,deepfloyd_if
1.0,0.0,0.49096313,deepfloyd_if
1.0,0.0,0.4695155,deepfloyd_if
1.0,0.0,0.45552075,deepfloyd_if
1.0,0.0,0.44173306,deepfloyd_if
1.0,0.0,0.4881541,deepfloyd_if
1.0,0.0,0.45249796,deepfloyd_if
1.0,0.0,0.4637628,deepfloyd_if
1.0,0.0,0.46521294,deepfloyd_if
1.0,0.0,0.4734715,deepfloyd_if
1.0,1.0,0.5203219,deepfloyd_if
1.0,0.0,0.47862765,deepfloyd_if
1.0,1.0,0.54995966,deepfloyd_if
1.0,1.0,0.5038402,deepfloyd_if
1.0,0.0,0.45926502,deepfloyd_if
1.0,1.0,0.5043148,deepfloyd_if
1.0,1.0,0.50037456,deepfloyd_if
1.0,0.0,0.4770688,deepfloyd_if
1.0,1.0,0.52975947,deepfloyd_if
1.0,1.0,0.5020133,deepfloyd_if
1.0,0.0,0.45289817,deepfloyd_if
1.0,1.0,0.574043,deepfloyd_if
1.0,0.0,0.48511496,deepfloyd_if
1.0,0.0,0.37759402,deepfloyd_if
1.0,0.0,0.4907256,deepfloyd_if
1.0,0.0,0.47302017,deepfloyd_if
1.0,1.0,0.52348095,deepfloyd_if
1.0,1.0,0.50381714,deepfloyd_if
1.0,0.0,0.4762943,deepfloyd_if
1.0,1.0,0.5067297,deepfloyd_if
1.0,0.0,0.47400388,deepfloyd_if
1.0,1.0,0.50214916,deepfloyd_if
1.0,1.0,0.5240138,deepfloyd_if
1.0,0.0,0.4584021,deepfloyd_if
1.0,0.0,0.45656124,deepfloyd_if
1.0,1.0,0.5017913,deepfloyd_if
1.0,1.0,0.5139653,deepfloyd_if
1.0,0.0,0.48656136,deepfloyd_if
1.0,1.0,0.5055752,deepfloyd_if
1.0,0.0,0.48721287,deepfloyd_if
1.0,1.0,0.50720006,deepfloyd_if
1.0,1.0,0.52030045,deepfloyd_if
1.0,0.0,0.49245775,deepfloyd_if
1.0,0.0,0.49091086,deepfloyd_if
1.0,0.0,0.4561981,deepfloyd_if
1.0,1.0,0.5384265,deepfloyd_if
1.0,0.0,0.47129118,deepfloyd_if
1.0,0.0,0.49170256,deepfloyd_if
1.0,1.0,0.5004784,deepfloyd_if
1.0,1.0,0.5732424,deepfloyd_if
1.0,0.0,0.4934688,deepfloyd_if
1.0,1.0,0.50512445,deepfloyd_if
1.0,0.0,0.46137077,deepfloyd_if
1.0,1.0,0.51382554,deepfloyd_if
1.0,1.0,0.504172,deepfloyd_if
1.0,1.0,0.5106375,deepfloyd_if
1.0,1.0,0.5206984,deepfloyd_if
1.0,0.0,0.4984094,deepfloyd_if
1.0,1.0,0.5869637,deepfloyd_if
1.0,0.0,0.496524,deepfloyd_if
1.0,1.0,0.55421853,deepfloyd_if
1.0,1.0,0.5322657,deepfloyd_if
1.0,1.0,0.5799366,deepfloyd_if
1.0,0.0,0.47505146,deepfloyd_if
1.0,1.0,0.55105656,deepfloyd_if
1.0,0.0,0.4954893,deepfloyd_if
1.0,0.0,0.47699794,deepfloyd_if
1.0,1.0,0.5673701,deepfloyd_if
1.0,0.0,0.44911343,deepfloyd_if
1.0,0.0,0.49413198,deepfloyd_if
1.0,1.0,0.50942636,deepfloyd_if
1.0,0.0,0.49151027,deepfloyd_if
1.0,0.0,0.47773564,deepfloyd_if
1.0,1.0,0.5080189,deepfloyd_if
1.0,0.0,0.4643243,deepfloyd_if
1.0,1.0,0.5199772,deepfloyd_if
1.0,1.0,0.54336435,deepfloyd_if
1.0,0.0,0.4771755,deepfloyd_if
1.0,1.0,0.516266,deepfloyd_if
1.0,0.0,0.47161037,deepfloyd_if
1.0,1.0,0.52850586,deepfloyd_if
1.0,1.0,0.5106507,deepfloyd_if
1.0,0.0,0.4821513,deepfloyd_if
1.0,1.0,0.51797205,deepfloyd_if
1.0,1.0,0.54294133,deepfloyd_if
1.0,1.0,0.56162715,deepfloyd_if
1.0,0.0,0.473657,deepfloyd_if
1.0,0.0,0.48443532,deepfloyd_if
1.0,0.0,0.44897532,deepfloyd_if
1.0,1.0,0.52145284,deepfloyd_if
1.0,0.0,0.48769093,deepfloyd_if
1.0,1.0,0.5174967,deepfloyd_if
1.0,1.0,0.5186652,deepfloyd_if
1.0,1.0,0.50382185,deepfloyd_if
1.0,0.0,0.4915575,deepfloyd_if
1.0,1.0,0.5576261,deepfloyd_if
1.0,0.0,0.47537372,deepfloyd_if
1.0,1.0,0.5772901,deepfloyd_if
1.0,0.0,0.4681007,deepfloyd_if
1.0,0.0,0.49916157,deepfloyd_if
1.0,0.0,0.4652253,deepfloyd_if
1.0,1.0,0.5239232,deepfloyd_if
1.0,0.0,0.4776825,deepfloyd_if
1.0,0.0,0.4705725,deepfloyd_if
1.0,0.0,0.48556325,deepfloyd_if
1.0,1.0,0.513086,deepfloyd_if
1.0,0.0,0.49806085,deepfloyd_if
1.0,0.0,0.4868529,deepfloyd_if
1.0,1.0,0.51093614,deepfloyd_if
1.0,0.0,0.49885345,deepfloyd_if
1.0,1.0,0.5466501,deepfloyd_if
1.0,1.0,0.511929,deepfloyd_if
1.0,0.0,0.4647422,deepfloyd_if
1.0,1.0,0.5151485,deepfloyd_if
1.0,0.0,0.46833926,deepfloyd_if
1.0,0.0,0.49675745,deepfloyd_if
1.0,1.0,0.5803057,deepfloyd_if
1.0,1.0,0.52068675,deepfloyd_if
1.0,1.0,0.53190106,deepfloyd_if
1.0,0.0,0.46404764,deepfloyd_if
1.0,0.0,0.44864106,deepfloyd_if
1.0,1.0,0.5406819,deepfloyd_if
1.0,0.0,0.49709505,deepfloyd_if
1.0,1.0,0.505015,deepfloyd_if
1.0,1.0,0.50583047,deepfloyd_if
1.0,1.0,0.5599949,deepfloyd_if
1.0,0.0,0.47476178,deepfloyd_if
1.0,1.0,0.516656,deepfloyd_if
1.0,0.0,0.49930757,deepfloyd_if
1.0,0.0,0.46392447,deepfloyd_if
1.0,1.0,0.5465071,deepfloyd_if
1.0,0.0,0.45894945,deepfloyd_if
1.0,0.0,0.45979437,deepfloyd_if
1.0,0.0,0.45986116,deepfloyd_if
1.0,0.0,0.45849118,deepfloyd_if
1.0,0.0,0.4584357,deepfloyd_if
1.0,1.0,0.5041207,deepfloyd_if
1.0,0.0,0.4680646,deepfloyd_if
1.0,0.0,0.4771599,deepfloyd_if
1.0,0.0,0.48825827,deepfloyd_if
1.0,0.0,0.48385763,deepfloyd_if
1.0,0.0,0.48766106,deepfloyd_if
1.0,1.0,0.54455256,deepfloyd_if
1.0,1.0,0.50319827,deepfloyd_if
1.0,0.0,0.49298933,deepfloyd_if
1.0,0.0,0.4897667,deepfloyd_if
1.0,1.0,0.5040586,deepfloyd_if
1.0,0.0,0.4971053,deepfloyd_if
1.0,0.0,0.49825805,deepfloyd_if
1.0,1.0,0.5496061,deepfloyd_if
1.0,0.0,0.45953745,deepfloyd_if
1.0,0.0,0.4486328,deepfloyd_if
1.0,1.0,0.52594686,deepfloyd_if
1.0,1.0,0.52253723,deepfloyd_if
1.0,1.0,0.5044031,deepfloyd_if
1.0,0.0,0.45630267,deepfloyd_if
1.0,0.0,0.47789356,deepfloyd_if
1.0,0.0,0.47308394,deepfloyd_if
1.0,0.0,0.46000618,deepfloyd_if
1.0,0.0,0.48814335,deepfloyd_if
1.0,0.0,0.446418,deepfloyd_if
1.0,1.0,0.5158937,deepfloyd_if
1.0,0.0,0.44855565,deepfloyd_if
1.0,0.0,0.4926323,deepfloyd_if
1.0,1.0,0.50415623,deepfloyd_if
1.0,1.0,0.5160548,deepfloyd_if
1.0,0.0,0.4702632,deepfloyd_if
1.0,0.0,0.4721219,deepfloyd_if
1.0,1.0,0.55939007,deepfloyd_if
1.0,1.0,0.54036266,deepfloyd_if
1.0,1.0,0.555827,deepfloyd_if
1.0,1.0,0.5438424,deepfloyd_if
1.0,1.0,0.51318914,deepfloyd_if
1.0,1.0,0.52263623,deepfloyd_if
1.0,1.0,0.58806086,deepfloyd_if
1.0,0.0,0.48097274,deepfloyd_if
1.0,0.0,0.49268734,deepfloyd_if
1.0,0.0,0.47831133,deepfloyd_if
1.0,1.0,0.5531047,deepfloyd_if
1.0,0.0,0.4886449,deepfloyd_if
1.0,0.0,0.48281413,deepfloyd_if
1.0,1.0,0.54865944,deepfloyd_if
1.0,1.0,0.5234494,deepfloyd_if
1.0,1.0,0.506186,deepfloyd_if
1.0,0.0,0.47863036,deepfloyd_if
1.0,0.0,0.49439093,deepfloyd_if
1.0,1.0,0.5106294,deepfloyd_if
1.0,0.0,0.48040217,deepfloyd_if
1.0,0.0,0.46354413,deepfloyd_if
1.0,0.0,0.481168,deepfloyd_if
1.0,1.0,0.52541554,deepfloyd_if
1.0,1.0,0.51737344,deepfloyd_if
1.0,0.0,0.49043116,deepfloyd_if
1.0,1.0,0.528679,deepfloyd_if
1.0,1.0,0.550189,deepfloyd_if
1.0,1.0,0.5120723,deepfloyd_if
1.0,1.0,0.5049426,deepfloyd_if
1.0,0.0,0.4874085,deepfloyd_if
1.0,1.0,0.5098938,deepfloyd_if
1.0,1.0,0.51718205,deepfloyd_if
1.0,1.0,0.542934,deepfloyd_if
1.0,0.0,0.47343674,deepfloyd_if
1.0,1.0,0.533564,deepfloyd_if
1.0,1.0,0.53063685,deepfloyd_if
1.0,1.0,0.5235354,deepfloyd_if
1.0,1.0,0.5024433,deepfloyd_if
1.0,1.0,0.5339001,deepfloyd_if
1.0,0.0,0.49950463,deepfloyd_if
1.0,1.0,0.5038916,deepfloyd_if
1.0,1.0,0.5524089,deepfloyd_if
1.0,0.0,0.47691876,deepfloyd_if
1.0,0.0,0.459051,deepfloyd_if
1.0,0.0,0.4962304,deepfloyd_if
1.0,1.0,0.55290186,deepfloyd_if
1.0,0.0,0.43207246,deepfloyd_if
1.0,0.0,0.46296597,deepfloyd_if
1.0,0.0,0.47603992,deepfloyd_if
1.0,0.0,0.46893942,deepfloyd_if
1.0,1.0,0.53239876,deepfloyd_if
1.0,1.0,0.5033379,deepfloyd_if
1.0,1.0,0.5257007,deepfloyd_if
1.0,0.0,0.49441215,deepfloyd_if
1.0,0.0,0.46254858,deepfloyd_if
1.0,0.0,0.46752465,deepfloyd_if
1.0,1.0,0.51715016,deepfloyd_if
1.0,0.0,0.49636945,deepfloyd_if
1.0,0.0,0.46564052,deepfloyd_if
1.0,0.0,0.47556084,deepfloyd_if
1.0,1.0,0.512015,deepfloyd_if
1.0,0.0,0.47478038,deepfloyd_if
1.0,1.0,0.5074593,deepfloyd_if
1.0,0.0,0.4834462,deepfloyd_if
1.0,0.0,0.46657386,deepfloyd_if
1.0,1.0,0.53239185,deepfloyd_if
1.0,1.0,0.54217875,deepfloyd_if
1.0,0.0,0.45653298,deepfloyd_if
1.0,0.0,0.47678545,deepfloyd_if
1.0,0.0,0.4481683,deepfloyd_if
1.0,0.0,0.47821411,deepfloyd_if
1.0,0.0,0.44926047,deepfloyd_if
1.0,0.0,0.49006435,deepfloyd_if
1.0,1.0,0.50653523,deepfloyd_if
1.0,0.0,0.4770694,deepfloyd_if
1.0,1.0,0.5268639,deepfloyd_if
1.0,0.0,0.49951756,deepfloyd_if
1.0,1.0,0.5222479,deepfloyd_if
1.0,0.0,0.4789756,deepfloyd_if
1.0,1.0,0.5431225,deepfloyd_if
1.0,0.0,0.46628723,deepfloyd_if
1.0,0.0,0.4780442,deepfloyd_if
1.0,0.0,0.42291257,deepfloyd_if
1.0,1.0,0.50859725,deepfloyd_if
1.0,1.0,0.5018808,deepfloyd_if
1.0,1.0,0.57636344,deepfloyd_if
1.0,1.0,0.5325071,deepfloyd_if
1.0,0.0,0.48719227,deepfloyd_if
1.0,0.0,0.46844292,deepfloyd_if
1.0,0.0,0.44285035,deepfloyd_if
1.0,1.0,0.51877826,deepfloyd_if
1.0,1.0,0.5672087,deepfloyd_if
1.0,1.0,0.5489535,deepfloyd_if
1.0,1.0,0.50119716,deepfloyd_if
1.0,1.0,0.53381187,deepfloyd_if
1.0,0.0,0.46751565,deepfloyd_if
1.0,1.0,0.52466756,deepfloyd_if
1.0,1.0,0.5039582,deepfloyd_if
1.0,0.0,0.49412057,deepfloyd_if
1.0,1.0,0.5151143,deepfloyd_if
1.0,1.0,0.5005948,deepfloyd_if
1.0,1.0,0.57805365,deepfloyd_if
1.0,1.0,0.50969195,deepfloyd_if
1.0,0.0,0.4835146,deepfloyd_if
1.0,0.0,0.47958323,deepfloyd_if
1.0,1.0,0.52464074,deepfloyd_if
1.0,0.0,0.46516722,deepfloyd_if
1.0,0.0,0.47990736,deepfloyd_if
1.0,0.0,0.49019656,deepfloyd_if
1.0,0.0,0.4522218,deepfloyd_if
1.0,1.0,0.50594205,deepfloyd_if
1.0,1.0,0.527336,deepfloyd_if
1.0,0.0,0.49290285,deepfloyd_if
1.0,1.0,0.5058804,deepfloyd_if
1.0,1.0,0.51540536,deepfloyd_if
1.0,0.0,0.488037,deepfloyd_if
1.0,0.0,0.48068208,deepfloyd_if
1.0,0.0,0.4909282,deepfloyd_if
1.0,0.0,0.49089453,deepfloyd_if
1.0,1.0,0.5284455,deepfloyd_if
1.0,0.0,0.4613052,deepfloyd_if
1.0,1.0,0.51206416,deepfloyd_if
1.0,0.0,0.43154064,deepfloyd_if
1.0,1.0,0.60695416,deepfloyd_if
1.0,0.0,0.49184284,deepfloyd_if
1.0,0.0,0.44765064,deepfloyd_if
1.0,0.0,0.4883295,deepfloyd_if
1.0,0.0,0.49739298,deepfloyd_if
1.0,0.0,0.47660497,deepfloyd_if
1.0,0.0,0.4789549,deepfloyd_if
1.0,0.0,0.47953075,deepfloyd_if
1.0,1.0,0.56242526,deepfloyd_if
1.0,1.0,0.5270593,deepfloyd_if
1.0,0.0,0.47972035,deepfloyd_if
1.0,0.0,0.48265558,deepfloyd_if
1.0,0.0,0.4882615,deepfloyd_if
1.0,0.0,0.46787754,deepfloyd_if
1.0,0.0,0.47704655,deepfloyd_if
1.0,0.0,0.4795982,deepfloyd_if
1.0,1.0,0.5091544,deepfloyd_if
1.0,0.0,0.44490644,deepfloyd_if
1.0,1.0,0.532059,deepfloyd_if
1.0,0.0,0.45144206,deepfloyd_if
1.0,0.0,0.40563646,deepfloyd_if
1.0,0.0,0.466925,deepfloyd_if
1.0,0.0,0.48303428,deepfloyd_if
1.0,1.0,0.5266334,deepfloyd_if
1.0,1.0,0.55318975,deepfloyd_if
1.0,1.0,0.5694993,deepfloyd_if
1.0,0.0,0.46878272,deepfloyd_if
1.0,0.0,0.4615616,deepfloyd_if
1.0,0.0,0.46903953,deepfloyd_if
1.0,0.0,0.44593006,deepfloyd_if
1.0,1.0,0.52974993,deepfloyd_if
1.0,0.0,0.4929716,deepfloyd_if
1.0,1.0,0.5041118,deepfloyd_if
1.0,0.0,0.46962506,deepfloyd_if
1.0,1.0,0.52150536,deepfloyd_if
1.0,1.0,0.50590247,deepfloyd_if
1.0,0.0,0.45697272,deepfloyd_if
1.0,1.0,0.514711,deepfloyd_if
1.0,0.0,0.4771508,deepfloyd_if
1.0,0.0,0.4625927,deepfloyd_if
1.0,0.0,0.46544886,deepfloyd_if
1.0,0.0,0.46521047,deepfloyd_if
1.0,1.0,0.5344326,deepfloyd_if
1.0,1.0,0.553544,deepfloyd_if
1.0,1.0,0.5187072,deepfloyd_if
1.0,1.0,0.55242354,deepfloyd_if
1.0,1.0,0.50733864,deepfloyd_if
1.0,0.0,0.4918794,deepfloyd_if
1.0,0.0,0.49582222,deepfloyd_if
1.0,1.0,0.50976497,deepfloyd_if
1.0,0.0,0.48137698,deepfloyd_if
1.0,1.0,0.52724326,deepfloyd_if
1.0,1.0,0.5131013,deepfloyd_if
1.0,0.0,0.49514922,deepfloyd_if
1.0,0.0,0.49758515,deepfloyd_if
1.0,0.0,0.47197777,deepfloyd_if
1.0,1.0,0.5137811,deepfloyd_if
1.0,1.0,0.5136111,deepfloyd_if
1.0,1.0,0.52163905,deepfloyd_if
1.0,0.0,0.48688355,deepfloyd_if
1.0,0.0,0.49948925,deepfloyd_if
1.0,0.0,0.47051564,deepfloyd_if
1.0,1.0,0.53251404,deepfloyd_if
1.0,1.0,0.5750364,deepfloyd_if
1.0,0.0,0.49364707,deepfloyd_if
1.0,1.0,0.5026806,deepfloyd_if
1.0,0.0,0.47005743,deepfloyd_if
1.0,0.0,0.47646308,deepfloyd_if
1.0,1.0,0.5267811,deepfloyd_if
1.0,0.0,0.4910953,deepfloyd_if
1.0,0.0,0.4877799,deepfloyd_if
1.0,0.0,0.4769591,deepfloyd_if
1.0,0.0,0.46484435,deepfloyd_if
1.0,0.0,0.44316742,deepfloyd_if
1.0,0.0,0.4461547,deepfloyd_if
1.0,1.0,0.50162274,deepfloyd_if
1.0,0.0,0.44698927,deepfloyd_if
1.0,1.0,0.51391906,deepfloyd_if
1.0,0.0,0.49182543,deepfloyd_if
1.0,0.0,0.47324547,deepfloyd_if
1.0,0.0,0.49878547,deepfloyd_if
1.0,1.0,0.5137413,deepfloyd_if
1.0,1.0,0.5509585,deepfloyd_if
1.0,1.0,0.5481167,deepfloyd_if
1.0,1.0,0.5370485,deepfloyd_if
1.0,0.0,0.472521,deepfloyd_if
1.0,0.0,0.47544333,deepfloyd_if
1.0,0.0,0.46525586,deepfloyd_if
1.0,1.0,0.50453144,deepfloyd_if
1.0,1.0,0.5131398,deepfloyd_if
1.0,0.0,0.4335347,deepfloyd_if
1.0,1.0,0.55521613,deepfloyd_if
1.0,0.0,0.42155358,deepfloyd_if
1.0,1.0,0.5204332,deepfloyd_if
1.0,1.0,0.50487524,deepfloyd_if
1.0,0.0,0.49856573,deepfloyd_if
1.0,0.0,0.48297325,deepfloyd_if
1.0,0.0,0.471172,deepfloyd_if
1.0,1.0,0.50485,deepfloyd_if
1.0,0.0,0.48647058,deepfloyd_if
1.0,0.0,0.4960866,deepfloyd_if
1.0,1.0,0.51397395,deepfloyd_if
1.0,1.0,0.5263502,deepfloyd_if
1.0,0.0,0.4941682,deepfloyd_if
1.0,1.0,0.55869997,deepfloyd_if
1.0,0.0,0.49766892,deepfloyd_if
1.0,0.0,0.4603225,deepfloyd_if
1.0,0.0,0.4848042,deepfloyd_if
1.0,0.0,0.46283302,deepfloyd_if
1.0,1.0,0.5626171,deepfloyd_if
1.0,1.0,0.51902163,deepfloyd_if
1.0,1.0,0.5114227,deepfloyd_if
1.0,0.0,0.4740218,deepfloyd_if
1.0,0.0,0.49673304,deepfloyd_if
1.0,0.0,0.469216,deepfloyd_if
1.0,0.0,0.4838878,deepfloyd_if
1.0,0.0,0.49230456,deepfloyd_if
1.0,0.0,0.47348592,deepfloyd_if
1.0,0.0,0.46909845,deepfloyd_if
1.0,0.0,0.47986993,deepfloyd_if
1.0,0.0,0.4765805,deepfloyd_if
1.0,0.0,0.45847386,deepfloyd_if
1.0,0.0,0.49337608,deepfloyd_if
1.0,0.0,0.49177694,deepfloyd_if
1.0,0.0,0.48666644,deepfloyd_if
1.0,1.0,0.5190374,deepfloyd_if
1.0,0.0,0.44639635,deepfloyd_if
1.0,1.0,0.53449535,deepfloyd_if
1.0,1.0,0.5429764,deepfloyd_if
1.0,0.0,0.43580544,deepfloyd_if
1.0,1.0,0.501044,deepfloyd_if
1.0,0.0,0.4776523,deepfloyd_if
1.0,0.0,0.47150794,deepfloyd_if
1.0,0.0,0.49049956,deepfloyd_if
1.0,0.0,0.4641036,deepfloyd_if
1.0,0.0,0.48310488,deepfloyd_if
1.0,0.0,0.48941395,deepfloyd_if
1.0,1.0,0.51663524,deepfloyd_if
1.0,0.0,0.4984745,deepfloyd_if
1.0,1.0,0.5546579,deepfloyd_if
1.0,1.0,0.524172,deepfloyd_if
1.0,0.0,0.46978623,deepfloyd_if
1.0,0.0,0.48742515,deepfloyd_if
1.0,1.0,0.5407331,deepfloyd_if
1.0,1.0,0.54340404,deepfloyd_if
1.0,1.0,0.56721014,deepfloyd_if
1.0,0.0,0.46576875,deepfloyd_if
1.0,1.0,0.5021833,deepfloyd_if
1.0,0.0,0.4914984,deepfloyd_if
1.0,1.0,0.51943433,deepfloyd_if
1.0,1.0,0.5417662,deepfloyd_if
1.0,1.0,0.5168112,deepfloyd_if
1.0,0.0,0.47420523,deepfloyd_if
1.0,1.0,0.52527505,deepfloyd_if
1.0,1.0,0.53633857,deepfloyd_if
1.0,1.0,0.5145877,deepfloyd_if
1.0,1.0,0.50721407,deepfloyd_if
1.0,0.0,0.47094977,deepfloyd_if
1.0,0.0,0.46955356,deepfloyd_if
1.0,0.0,0.4839903,deepfloyd_if
1.0,0.0,0.44079772,deepfloyd_if
1.0,0.0,0.4777328,deepfloyd_if
1.0,1.0,0.5438331,deepfloyd_if
1.0,0.0,0.467518,deepfloyd_if
1.0,1.0,0.5034711,deepfloyd_if
1.0,1.0,0.5570129,deepfloyd_if
1.0,0.0,0.463691,deepfloyd_if
1.0,0.0,0.47174308,deepfloyd_if
1.0,0.0,0.49502286,deepfloyd_if
1.0,1.0,0.5061725,deepfloyd_if
1.0,1.0,0.5759574,deepfloyd_if
1.0,0.0,0.42746446,deepfloyd_if
1.0,1.0,0.5524328,deepfloyd_if
1.0,0.0,0.4742634,deepfloyd_if
1.0,0.0,0.4509376,deepfloyd_if
1.0,0.0,0.494104,deepfloyd_if
1.0,1.0,0.53012735,deepfloyd_if
1.0,0.0,0.4839266,deepfloyd_if
1.0,0.0,0.47696018,deepfloyd_if
1.0,0.0,0.43059576,deepfloyd_if
1.0,0.0,0.49100935,deepfloyd_if
1.0,0.0,0.48859718,deepfloyd_if
1.0,0.0,0.48146528,deepfloyd_if
1.0,1.0,0.52394295,deepfloyd_if
1.0,0.0,0.4857614,deepfloyd_if
1.0,1.0,0.5189764,deepfloyd_if
1.0,0.0,0.46416253,deepfloyd_if
1.0,0.0,0.49088833,deepfloyd_if
1.0,0.0,0.47683883,deepfloyd_if
1.0,1.0,0.5375253,deepfloyd_if
1.0,0.0,0.49314457,deepfloyd_if
1.0,0.0,0.45872396,deepfloyd_if
1.0,0.0,0.43605745,deepfloyd_if
1.0,0.0,0.49018273,deepfloyd_if
1.0,1.0,0.5227268,deepfloyd_if
1.0,0.0,0.4628817,deepfloyd_if
1.0,1.0,0.5102363,deepfloyd_if
1.0,0.0,0.46835187,deepfloyd_if
1.0,1.0,0.55426455,deepfloyd_if
1.0,1.0,0.6072043,deepfloyd_if
1.0,0.0,0.4746626,deepfloyd_if
1.0,1.0,0.5022387,deepfloyd_if
1.0,1.0,0.5129795,deepfloyd_if
1.0,0.0,0.46508056,deepfloyd_if
1.0,1.0,0.52597314,deepfloyd_if
1.0,1.0,0.51974577,deepfloyd_if
1.0,1.0,0.52301246,deepfloyd_if
1.0,1.0,0.50199014,deepfloyd_if
1.0,1.0,0.5182419,deepfloyd_if
1.0,0.0,0.46895248,deepfloyd_if
1.0,0.0,0.48247647,deepfloyd_if
1.0,1.0,0.5824447,deepfloyd_if
1.0,0.0,0.47023326,deepfloyd_if
1.0,1.0,0.50231695,deepfloyd_if
1.0,0.0,0.49562022,deepfloyd_if
1.0,1.0,0.5079218,deepfloyd_if
1.0,1.0,0.51404786,deepfloyd_if
1.0,1.0,0.5091762,deepfloyd_if
1.0,1.0,0.5226728,deepfloyd_if
1.0,0.0,0.49658847,deepfloyd_if
1.0,1.0,0.50081205,deepfloyd_if
1.0,1.0,0.5417089,deepfloyd_if
1.0,0.0,0.47187182,deepfloyd_if
1.0,0.0,0.48787904,deepfloyd_if
1.0,0.0,0.49577358,deepfloyd_if
1.0,0.0,0.48910645,deepfloyd_if
1.0,1.0,0.5308113,deepfloyd_if
1.0,0.0,0.46067566,deepfloyd_if
1.0,0.0,0.47277465,deepfloyd_if
1.0,0.0,0.48669976,deepfloyd_if
1.0,0.0,0.4344994,deepfloyd_if
1.0,0.0,0.44345942,deepfloyd_if
1.0,1.0,0.5234947,deepfloyd_if
1.0,0.0,0.4713786,deepfloyd_if
1.0,0.0,0.47466186,deepfloyd_if
1.0,0.0,0.48232123,deepfloyd_if
1.0,1.0,0.5467208,deepfloyd_if
1.0,0.0,0.4706676,deepfloyd_if
1.0,0.0,0.45908076,deepfloyd_if
1.0,1.0,0.5247939,deepfloyd_if
1.0,0.0,0.48320574,deepfloyd_if
1.0,0.0,0.4644009,deepfloyd_if
1.0,0.0,0.45785058,deepfloyd_if
1.0,0.0,0.49479723,deepfloyd_if
1.0,0.0,0.48052853,deepfloyd_if
1.0,1.0,0.5596184,deepfloyd_if
1.0,0.0,0.47143432,deepfloyd_if
1.0,0.0,0.48631698,deepfloyd_if
1.0,1.0,0.5289029,deepfloyd_if
1.0,0.0,0.46206453,deepfloyd_if
1.0,0.0,0.4837675,deepfloyd_if
1.0,0.0,0.494548,deepfloyd_if
1.0,0.0,0.4947503,deepfloyd_if
1.0,0.0,0.4893829,deepfloyd_if
1.0,1.0,0.50156003,deepfloyd_if
1.0,0.0,0.4546214,deepfloyd_if
1.0,0.0,0.48845488,deepfloyd_if
1.0,1.0,0.5156134,deepfloyd_if
1.0,0.0,0.45603982,deepfloyd_if
1.0,0.0,0.4770013,deepfloyd_if
1.0,1.0,0.5483096,deepfloyd_if
1.0,0.0,0.4908132,deepfloyd_if
1.0,0.0,0.47086406,deepfloyd_if
1.0,0.0,0.48051193,deepfloyd_if
1.0,1.0,0.50690055,deepfloyd_if
1.0,0.0,0.47606078,deepfloyd_if
1.0,0.0,0.48976097,deepfloyd_if
1.0,1.0,0.55232614,deepfloyd_if
1.0,1.0,0.5856424,deepfloyd_if
1.0,0.0,0.48720488,deepfloyd_if
1.0,0.0,0.4641619,deepfloyd_if
1.0,0.0,0.48304424,deepfloyd_if
1.0,0.0,0.4989409,deepfloyd_if
1.0,0.0,0.4766932,deepfloyd_if
1.0,0.0,0.4988509,deepfloyd_if
1.0,1.0,0.50372094,deepfloyd_if
1.0,0.0,0.4729097,deepfloyd_if
1.0,0.0,0.4613959,deepfloyd_if
1.0,1.0,0.5157842,deepfloyd_if
1.0,1.0,0.508007,deepfloyd_if
1.0,0.0,0.48508444,deepfloyd_if
1.0,1.0,0.5118035,deepfloyd_if
1.0,1.0,0.5136445,deepfloyd_if
1.0,0.0,0.48150656,deepfloyd_if
1.0,1.0,0.51690334,deepfloyd_if
1.0,1.0,0.5230689,deepfloyd_if
1.0,0.0,0.48208362,deepfloyd_if
1.0,0.0,0.49933475,deepfloyd_if
1.0,0.0,0.4587876,deepfloyd_if
1.0,1.0,0.5370816,deepfloyd_if
1.0,1.0,0.5496807,deepfloyd_if
1.0,1.0,0.54351455,deepfloyd_if
1.0,0.0,0.49349043,deepfloyd_if
1.0,0.0,0.49513605,deepfloyd_if
1.0,1.0,0.5096323,deepfloyd_if
1.0,1.0,0.56197155,deepfloyd_if
1.0,0.0,0.4561752,deepfloyd_if
1.0,1.0,0.5114052,deepfloyd_if
1.0,1.0,0.5197543,deepfloyd_if
1.0,1.0,0.55254734,deepfloyd_if
1.0,0.0,0.4738532,deepfloyd_if
1.0,1.0,0.5094124,deepfloyd_if
1.0,1.0,0.5031793,deepfloyd_if
1.0,1.0,0.50100213,deepfloyd_if
1.0,0.0,0.4619994,deepfloyd_if
1.0,1.0,0.5142148,deepfloyd_if
1.0,1.0,0.5204042,deepfloyd_if
1.0,0.0,0.45181164,deepfloyd_if
1.0,0.0,0.45977238,deepfloyd_if
1.0,0.0,0.49782175,deepfloyd_if
1.0,0.0,0.48651454,deepfloyd_if
1.0,1.0,0.50179595,deepfloyd_if
1.0,0.0,0.49726027,deepfloyd_if
1.0,0.0,0.490563,deepfloyd_if
1.0,0.0,0.47710982,deepfloyd_if
1.0,0.0,0.48480803,deepfloyd_if
1.0,0.0,0.48033687,deepfloyd_if
1.0,0.0,0.48465464,deepfloyd_if
1.0,0.0,0.484357,deepfloyd_if
1.0,0.0,0.49826872,deepfloyd_if
1.0,0.0,0.45443854,deepfloyd_if
1.0,1.0,0.5307026,deepfloyd_if
1.0,0.0,0.44875962,deepfloyd_if
1.0,0.0,0.48789346,deepfloyd_if
1.0,1.0,0.54613143,deepfloyd_if
1.0,1.0,0.5372672,deepfloyd_if
1.0,1.0,0.5269397,deepfloyd_if
1.0,0.0,0.46239004,deepfloyd_if
1.0,1.0,0.5106305,deepfloyd_if
1.0,1.0,0.52503,deepfloyd_if
1.0,1.0,0.57086253,deepfloyd_if
1.0,1.0,0.54268956,deepfloyd_if
1.0,0.0,0.48554212,deepfloyd_if
1.0,1.0,0.5487593,deepfloyd_if
1.0,0.0,0.4718154,deepfloyd_if
1.0,1.0,0.5868614,deepfloyd_if
1.0,0.0,0.49876982,deepfloyd_if
1.0,1.0,0.5012721,deepfloyd_if
1.0,0.0,0.4619645,deepfloyd_if
1.0,0.0,0.491521,deepfloyd_if
1.0,0.0,0.49280554,deepfloyd_if
1.0,0.0,0.4577769,deepfloyd_if
1.0,0.0,0.49856943,deepfloyd_if
1.0,1.0,0.51302326,deepfloyd_if
1.0,0.0,0.4621841,deepfloyd_if
1.0,1.0,0.51336586,deepfloyd_if
1.0,0.0,0.49784574,deepfloyd_if
1.0,0.0,0.4935872,deepfloyd_if
1.0,0.0,0.48682114,deepfloyd_if
1.0,0.0,0.47214103,deepfloyd_if
1.0,1.0,0.50343156,deepfloyd_if
1.0,0.0,0.48929042,deepfloyd_if
1.0,1.0,0.52549255,deepfloyd_if
1.0,0.0,0.46064717,deepfloyd_if
1.0,0.0,0.483902,deepfloyd_if
1.0,0.0,0.46904096,deepfloyd_if
1.0,1.0,0.53440166,deepfloyd_if
1.0,0.0,0.47323367,deepfloyd_if
1.0,0.0,0.4723044,deepfloyd_if
1.0,0.0,0.47897744,deepfloyd_if
1.0,0.0,0.49591738,deepfloyd_if
1.0,1.0,0.5596711,deepfloyd_if
1.0,1.0,0.5399714,deepfloyd_if
1.0,1.0,0.5552607,deepfloyd_if
1.0,1.0,0.5659505,deepfloyd_if
1.0,1.0,0.50805706,deepfloyd_if
1.0,1.0,0.5019893,deepfloyd_if
1.0,0.0,0.49117702,deepfloyd_if
1.0,0.0,0.4739196,deepfloyd_if
1.0,1.0,0.51258194,deepfloyd_if
1.0,1.0,0.5113474,deepfloyd_if
1.0,0.0,0.4990059,deepfloyd_if
1.0,1.0,0.5413919,deepfloyd_if
1.0,1.0,0.54409575,deepfloyd_if
1.0,0.0,0.4979744,deepfloyd_if
1.0,1.0,0.51363987,deepfloyd_if
1.0,1.0,0.5625709,deepfloyd_if
1.0,0.0,0.46322104,deepfloyd_if
1.0,1.0,0.5441516,deepfloyd_if
1.0,1.0,0.5869223,deepfloyd_if
1.0,1.0,0.53587747,deepfloyd_if
1.0,1.0,0.5299419,deepfloyd_if
1.0,0.0,0.46910286,deepfloyd_if
1.0,0.0,0.48412767,deepfloyd_if
1.0,0.0,0.47112998,deepfloyd_if
1.0,0.0,0.49506775,deepfloyd_if
1.0,0.0,0.48538995,deepfloyd_if
1.0,0.0,0.49667674,deepfloyd_if
1.0,1.0,0.5213398,deepfloyd_if
1.0,0.0,0.49709585,deepfloyd_if
1.0,1.0,0.5142916,deepfloyd_if
1.0,0.0,0.48299018,deepfloyd_if
1.0,1.0,0.528538,deepfloyd_if
1.0,0.0,0.49658126,deepfloyd_if
1.0,1.0,0.50373346,deepfloyd_if
1.0,1.0,0.54750013,deepfloyd_if
1.0,0.0,0.49772528,deepfloyd_if
1.0,0.0,0.48360196,deepfloyd_if
1.0,0.0,0.4681258,deepfloyd_if
1.0,0.0,0.47615632,deepfloyd_if
1.0,1.0,0.5152586,deepfloyd_if
1.0,0.0,0.49703577,deepfloyd_if
1.0,0.0,0.45920128,deepfloyd_if
1.0,1.0,0.50725806,deepfloyd_if
1.0,1.0,0.55381185,deepfloyd_if
1.0,0.0,0.49544176,deepfloyd_if
1.0,0.0,0.44735944,deepfloyd_if
1.0,0.0,0.49317136,deepfloyd_if
1.0,0.0,0.46068478,deepfloyd_if
1.0,0.0,0.49460793,deepfloyd_if
1.0,1.0,0.595836,deepfloyd_if
1.0,1.0,0.50541085,deepfloyd_if
1.0,0.0,0.4959658,deepfloyd_if
1.0,1.0,0.5152789,deepfloyd_if
1.0,0.0,0.47970274,deepfloyd_if
1.0,0.0,0.4259204,deepfloyd_if
1.0,1.0,0.5282676,deepfloyd_if
1.0,0.0,0.45941615,deepfloyd_if
1.0,0.0,0.4764851,deepfloyd_if
1.0,0.0,0.4848832,deepfloyd_if
1.0,1.0,0.5238392,deepfloyd_if
1.0,1.0,0.51178384,deepfloyd_if
1.0,0.0,0.45943034,deepfloyd_if
1.0,0.0,0.46404508,deepfloyd_if
1.0,1.0,0.52130234,deepfloyd_if
1.0,1.0,0.53677046,deepfloyd_if
1.0,0.0,0.49951077,deepfloyd_if
1.0,1.0,0.5734669,deepfloyd_if
1.0,0.0,0.48625666,deepfloyd_if
1.0,0.0,0.4695443,deepfloyd_if
1.0,0.0,0.45963833,deepfloyd_if
1.0,0.0,0.47307512,deepfloyd_if
1.0,1.0,0.5338452,deepfloyd_if
1.0,0.0,0.4120458,deepfloyd_if
1.0,0.0,0.46458915,deepfloyd_if
1.0,0.0,0.48134547,deepfloyd_if
1.0,1.0,0.5189541,deepfloyd_if
1.0,0.0,0.4827397,deepfloyd_if
1.0,1.0,0.5071997,deepfloyd_if
1.0,0.0,0.46451092,deepfloyd_if
1.0,1.0,0.5306429,deepfloyd_if
1.0,0.0,0.490981,deepfloyd_if
1.0,1.0,0.50615954,deepfloyd_if
1.0,1.0,0.5111355,deepfloyd_if
1.0,1.0,0.5233406,deepfloyd_if
1.0,1.0,0.5336264,deepfloyd_if
1.0,1.0,0.5022676,deepfloyd_if
1.0,0.0,0.4516898,deepfloyd_if
1.0,0.0,0.46347213,deepfloyd_if
1.0,1.0,0.5314051,deepfloyd_if
1.0,1.0,0.5220234,deepfloyd_if
1.0,0.0,0.49272856,deepfloyd_if
1.0,0.0,0.48751998,deepfloyd_if
1.0,1.0,0.54604334,deepfloyd_if
1.0,0.0,0.4846159,deepfloyd_if
1.0,0.0,0.48613364,deepfloyd_if
1.0,1.0,0.50192374,deepfloyd_if
1.0,0.0,0.46478134,deepfloyd_if
1.0,0.0,0.47747388,deepfloyd_if
1.0,0.0,0.4862721,deepfloyd_if
1.0,0.0,0.47602987,deepfloyd_if
1.0,0.0,0.4037014,deepfloyd_if
1.0,0.0,0.48620975,deepfloyd_if
1.0,1.0,0.51765275,deepfloyd_if
1.0,0.0,0.49965835,deepfloyd_if
1.0,0.0,0.49621043,deepfloyd_if
1.0,0.0,0.48505798,deepfloyd_if
1.0,0.0,0.46175748,deepfloyd_if
1.0,1.0,0.5033881,deepfloyd_if
1.0,0.0,0.4834843,deepfloyd_if
1.0,1.0,0.58019364,deepfloyd_if
1.0,1.0,0.5247504,deepfloyd_if
1.0,1.0,0.51059777,deepfloyd_if
1.0,1.0,0.5478991,deepfloyd_if
1.0,0.0,0.47754875,deepfloyd_if
1.0,1.0,0.5104323,deepfloyd_if
1.0,0.0,0.4812158,deepfloyd_if
1.0,1.0,0.5645886,deepfloyd_if
1.0,1.0,0.51078105,deepfloyd_if
1.0,1.0,0.54696316,deepfloyd_if
1.0,1.0,0.5837029,deepfloyd_if
1.0,0.0,0.4780332,deepfloyd_if
1.0,0.0,0.47130963,deepfloyd_if
1.0,1.0,0.5008352,deepfloyd_if
1.0,0.0,0.45078817,deepfloyd_if
1.0,0.0,0.4697171,deepfloyd_if
1.0,0.0,0.49603978,deepfloyd_if
1.0,0.0,0.4922837,deepfloyd_if
1.0,1.0,0.5955139,deepfloyd_if
1.0,0.0,0.48502374,deepfloyd_if
1.0,0.0,0.48002842,deepfloyd_if
1.0,1.0,0.52906024,deepfloyd_if
1.0,1.0,0.5317683,deepfloyd_if
1.0,0.0,0.45784438,deepfloyd_if
1.0,1.0,0.52014726,deepfloyd_if
1.0,1.0,0.5055084,deepfloyd_if
1.0,0.0,0.4758006,deepfloyd_if
1.0,0.0,0.4997891,deepfloyd_if
1.0,0.0,0.48005688,deepfloyd_if
1.0,1.0,0.5748528,deepfloyd_if
1.0,0.0,0.48386836,deepfloyd_if
1.0,1.0,0.5144698,deepfloyd_if
1.0,1.0,0.512945,deepfloyd_if
1.0,1.0,0.55424947,deepfloyd_if
1.0,0.0,0.49785987,deepfloyd_if
1.0,0.0,0.47369757,deepfloyd_if
1.0,1.0,0.56605893,deepfloyd_if
1.0,0.0,0.49310693,deepfloyd_if
1.0,0.0,0.46856278,deepfloyd_if
1.0,1.0,0.5242089,deepfloyd_if
1.0,1.0,0.5130251,deepfloyd_if
1.0,1.0,0.5656704,deepfloyd_if
1.0,0.0,0.4830176,deepfloyd_if
1.0,1.0,0.5128691,deepfloyd_if
1.0,1.0,0.5201943,deepfloyd_if
1.0,0.0,0.47494394,deepfloyd_if
1.0,0.0,0.47161365,deepfloyd_if
1.0,0.0,0.48797077,deepfloyd_if
1.0,1.0,0.5252387,deepfloyd_if
1.0,0.0,0.45851323,deepfloyd_if
1.0,1.0,0.5838321,deepfloyd_if
1.0,0.0,0.4423493,deepfloyd_if
1.0,1.0,0.53543335,deepfloyd_if
1.0,0.0,0.45973465,deepfloyd_if
1.0,0.0,0.4848653,deepfloyd_if
1.0,0.0,0.49015725,deepfloyd_if
1.0,1.0,0.51148605,deepfloyd_if
1.0,1.0,0.5602622,deepfloyd_if
1.0,0.0,0.47296917,deepfloyd_if
1.0,0.0,0.4953781,deepfloyd_if
1.0,0.0,0.45261988,deepfloyd_if
1.0,0.0,0.4748878,deepfloyd_if
1.0,1.0,0.5010446,deepfloyd_if
1.0,0.0,0.46292502,deepfloyd_if
1.0,0.0,0.4973505,deepfloyd_if
1.0,0.0,0.49112457,deepfloyd_if
1.0,1.0,0.5121362,deepfloyd_if
1.0,1.0,0.50657564,deepfloyd_if
1.0,0.0,0.47678724,deepfloyd_if
1.0,1.0,0.5401576,deepfloyd_if
1.0,1.0,0.52448833,deepfloyd_if
1.0,0.0,0.49940455,deepfloyd_if
1.0,0.0,0.49689552,deepfloyd_if
1.0,1.0,0.5389591,deepfloyd_if
1.0,1.0,0.5425863,deepfloyd_if
1.0,0.0,0.46142602,deepfloyd_if
1.0,0.0,0.4841195,deepfloyd_if
1.0,1.0,0.52902544,deepfloyd_if
1.0,0.0,0.4953575,deepfloyd_if
1.0,1.0,0.51125425,deepfloyd_if
1.0,1.0,0.5233484,deepfloyd_if
1.0,1.0,0.54350394,deepfloyd_if
1.0,0.0,0.4676445,deepfloyd_if
1.0,1.0,0.5004017,deepfloyd_if
1.0,0.0,0.47255653,deepfloyd_if
1.0,0.0,0.47113714,deepfloyd_if
1.0,0.0,0.49667156,deepfloyd_if
1.0,0.0,0.46734932,deepfloyd_if
1.0,0.0,0.46797353,deepfloyd_if
1.0,0.0,0.4780701,deepfloyd_if
1.0,1.0,0.52641696,deepfloyd_if
1.0,0.0,0.48302856,deepfloyd_if
1.0,1.0,0.5441746,deepfloyd_if
1.0,0.0,0.4883992,deepfloyd_if
1.0,1.0,0.5789444,deepfloyd_if
1.0,1.0,0.5579395,deepfloyd_if
1.0,1.0,0.5123242,deepfloyd_if
1.0,1.0,0.5076905,deepfloyd_if
1.0,0.0,0.4968869,deepfloyd_if
1.0,0.0,0.47306925,deepfloyd_if
1.0,0.0,0.47865102,deepfloyd_if
1.0,0.0,0.45597458,deepfloyd_if
1.0,0.0,0.45467365,deepfloyd_if
1.0,0.0,0.47129276,deepfloyd_if
1.0,1.0,0.5462472,dit
1.0,0.0,0.4842861,dit
1.0,1.0,0.50600857,dit
1.0,0.0,0.49911097,dit
1.0,1.0,0.52190554,dit
1.0,0.0,0.48003265,dit
1.0,0.0,0.47288397,dit
1.0,1.0,0.5162205,dit
1.0,1.0,0.57731813,dit
1.0,1.0,0.5073753,dit
1.0,0.0,0.46707058,dit
1.0,0.0,0.47771052,dit
1.0,0.0,0.48319542,dit
1.0,1.0,0.5345597,dit
1.0,1.0,0.52986586,dit
1.0,1.0,0.50767213,dit
1.0,1.0,0.56403506,dit
1.0,1.0,0.51547456,dit
1.0,1.0,0.54009634,dit
1.0,0.0,0.49137497,dit
1.0,0.0,0.46381232,dit
1.0,0.0,0.4925062,dit
1.0,1.0,0.5017319,dit
1.0,1.0,0.50922275,dit
1.0,0.0,0.4895251,dit
1.0,0.0,0.4806627,dit
1.0,1.0,0.5342946,dit
1.0,1.0,0.5168184,dit
1.0,0.0,0.46436998,dit
1.0,1.0,0.51539624,dit
1.0,0.0,0.47511417,dit
1.0,0.0,0.48319772,dit
1.0,1.0,0.5194076,dit
1.0,0.0,0.48514065,dit
1.0,1.0,0.5478116,dit
1.0,1.0,0.53012437,dit
1.0,1.0,0.54359555,dit
1.0,0.0,0.49488258,dit
1.0,1.0,0.5793332,dit
1.0,1.0,0.5291187,dit
1.0,0.0,0.48759207,dit
1.0,0.0,0.48299596,dit
1.0,1.0,0.5477721,dit
1.0,1.0,0.527544,dit
1.0,1.0,0.5195325,dit
1.0,1.0,0.5023603,dit
1.0,1.0,0.5064688,dit
1.0,1.0,0.51592153,dit
1.0,1.0,0.51930225,dit
1.0,1.0,0.53172684,dit
1.0,0.0,0.46393648,dit
1.0,0.0,0.47358328,dit
1.0,1.0,0.59893334,dit
1.0,1.0,0.5138608,dit
1.0,0.0,0.477969,dit
1.0,1.0,0.5176799,dit
1.0,1.0,0.52259207,dit
1.0,1.0,0.53576654,dit
1.0,0.0,0.46885294,dit
1.0,1.0,0.59620863,dit
1.0,1.0,0.5630428,dit
1.0,0.0,0.48650646,dit
1.0,1.0,0.54571736,dit
1.0,1.0,0.54287755,dit
1.0,1.0,0.5356013,dit
1.0,1.0,0.547804,dit
1.0,1.0,0.59228206,dit
1.0,1.0,0.53928053,dit
1.0,1.0,0.54228973,dit
1.0,1.0,0.53394866,dit
1.0,1.0,0.55604285,dit
1.0,1.0,0.5685443,dit
1.0,1.0,0.54336905,dit
1.0,0.0,0.48789772,dit
1.0,1.0,0.5027979,dit
1.0,1.0,0.56273913,dit
1.0,1.0,0.592009,dit
1.0,1.0,0.5111105,dit
1.0,1.0,0.60532945,dit
1.0,1.0,0.5154145,dit
1.0,1.0,0.5227157,dit
1.0,1.0,0.5487806,dit
1.0,1.0,0.5599814,dit
1.0,1.0,0.5377231,dit
1.0,1.0,0.51705134,dit
1.0,1.0,0.5589911,dit
1.0,1.0,0.570325,dit
1.0,1.0,0.5477941,dit
1.0,1.0,0.54940957,dit
1.0,0.0,0.49785778,dit
1.0,1.0,0.52775633,dit
1.0,1.0,0.5346853,dit
1.0,1.0,0.6067922,dit
1.0,1.0,0.54781234,dit
1.0,1.0,0.5662887,dit
1.0,1.0,0.54882723,dit
1.0,1.0,0.5182883,dit
1.0,0.0,0.4919819,dit
1.0,1.0,0.5205015,dit
1.0,1.0,0.58658713,dit
1.0,0.0,0.48879457,dit
1.0,1.0,0.539583,dit
1.0,1.0,0.5482141,dit
1.0,1.0,0.5283457,dit
1.0,1.0,0.56493616,dit
1.0,1.0,0.5967057,dit
1.0,1.0,0.62964123,dit
1.0,1.0,0.5711767,dit
1.0,1.0,0.5549756,dit
1.0,1.0,0.5143851,dit
1.0,1.0,0.5136806,dit
1.0,1.0,0.5654068,dit
1.0,0.0,0.47084767,dit
1.0,1.0,0.516471,dit
1.0,1.0,0.5773293,dit
1.0,0.0,0.49130884,dit
1.0,0.0,0.4652894,dit
1.0,1.0,0.5688053,dit
1.0,0.0,0.48858953,dit
1.0,1.0,0.5039022,dit
1.0,1.0,0.54084647,dit
1.0,1.0,0.5644235,dit
1.0,1.0,0.5323591,dit
1.0,0.0,0.46959618,dit
1.0,0.0,0.47116297,dit
1.0,0.0,0.47519317,dit
1.0,1.0,0.5407687,dit
1.0,1.0,0.537459,dit
1.0,1.0,0.51715916,dit
1.0,1.0,0.5276847,dit
1.0,1.0,0.5894498,dit
1.0,1.0,0.57002807,dit
1.0,0.0,0.49554327,dit
1.0,1.0,0.57993877,dit
1.0,1.0,0.5344521,dit
1.0,0.0,0.49177307,dit
1.0,1.0,0.53804934,dit
1.0,1.0,0.51811445,dit
1.0,1.0,0.5384131,dit
1.0,1.0,0.5456089,dit
1.0,0.0,0.49763203,dit
1.0,1.0,0.5507243,dit
1.0,1.0,0.5939407,dit
1.0,0.0,0.48006907,dit
1.0,1.0,0.5257901,dit
1.0,1.0,0.56003135,dit
1.0,1.0,0.5216791,dit
1.0,1.0,0.6065653,dit
1.0,1.0,0.58762133,dit
1.0,1.0,0.58165777,dit
1.0,1.0,0.55806696,dit
1.0,1.0,0.5440404,dit
1.0,1.0,0.5503017,dit
1.0,1.0,0.5118623,dit
1.0,1.0,0.561663,dit
1.0,0.0,0.4919483,dit
1.0,1.0,0.5404894,dit
1.0,0.0,0.47104296,dit
1.0,1.0,0.50981045,dit
1.0,1.0,0.56872076,dit
1.0,1.0,0.5102226,dit
1.0,1.0,0.5821303,dit
1.0,0.0,0.49136946,dit
1.0,0.0,0.48835555,dit
1.0,1.0,0.51175404,dit
1.0,1.0,0.5218143,dit
1.0,1.0,0.5233014,dit
1.0,1.0,0.55008745,dit
1.0,1.0,0.5304023,dit
1.0,1.0,0.533683,dit
1.0,1.0,0.5745455,dit
1.0,1.0,0.55488086,dit
1.0,1.0,0.53780335,dit
1.0,1.0,0.53880155,dit
1.0,1.0,0.55039746,dit
1.0,1.0,0.56671894,dit
1.0,1.0,0.5554639,dit
1.0,1.0,0.6114865,dit
1.0,1.0,0.5659627,dit
1.0,0.0,0.4690718,dit
1.0,1.0,0.5470743,dit
1.0,1.0,0.50014,dit
1.0,1.0,0.55046666,dit
1.0,1.0,0.5309245,dit
1.0,1.0,0.5864317,dit
1.0,1.0,0.56909347,dit
1.0,0.0,0.49341485,dit
1.0,1.0,0.55531955,dit
1.0,0.0,0.48479748,dit
1.0,1.0,0.50154936,dit
1.0,0.0,0.48533556,dit
1.0,1.0,0.53065675,dit
1.0,0.0,0.47842738,dit
1.0,1.0,0.59901166,dit
1.0,0.0,0.48753595,dit
1.0,1.0,0.5196112,dit
1.0,1.0,0.55716103,dit
1.0,0.0,0.484585,dit
1.0,1.0,0.551072,dit
1.0,1.0,0.5185095,dit
1.0,1.0,0.5445101,dit
1.0,1.0,0.5162234,dit
1.0,0.0,0.49462125,dit
1.0,1.0,0.5547006,dit
1.0,0.0,0.4681056,dit
1.0,1.0,0.56103575,dit
1.0,1.0,0.58192956,dit
1.0,1.0,0.53120714,dit
1.0,1.0,0.5680016,dit
1.0,1.0,0.5373896,dit
1.0,1.0,0.51450515,dit
1.0,1.0,0.55510736,dit
1.0,1.0,0.54129624,dit
1.0,0.0,0.49613482,dit
1.0,1.0,0.56759095,dit
1.0,1.0,0.5370402,dit
1.0,0.0,0.48482597,dit
1.0,1.0,0.55287087,dit
1.0,1.0,0.5068206,dit
1.0,0.0,0.4692019,dit
1.0,1.0,0.5089156,dit
1.0,1.0,0.5333234,dit
1.0,1.0,0.5764871,dit
1.0,0.0,0.45589033,dit
1.0,0.0,0.47398728,dit
1.0,1.0,0.5177569,dit
1.0,1.0,0.51920646,dit
1.0,1.0,0.51929146,dit
1.0,1.0,0.5303651,dit
1.0,1.0,0.5349141,dit
1.0,0.0,0.46323574,dit
1.0,1.0,0.5184553,dit
1.0,1.0,0.5083648,dit
1.0,1.0,0.5373734,dit
1.0,1.0,0.5389429,dit
1.0,0.0,0.488826,dit
1.0,0.0,0.49230018,dit
1.0,1.0,0.5173191,dit
1.0,1.0,0.5047362,dit
1.0,0.0,0.47660938,dit
1.0,1.0,0.50864613,dit
1.0,1.0,0.5171497,dit
1.0,0.0,0.4751256,dit
1.0,1.0,0.53020054,dit
1.0,0.0,0.49793515,dit
1.0,1.0,0.5249585,dit
1.0,1.0,0.53094715,dit
1.0,1.0,0.508194,dit
1.0,1.0,0.5173969,dit
1.0,1.0,0.5455334,dit
1.0,1.0,0.500507,dit
1.0,1.0,0.6008675,dit
1.0,1.0,0.5156938,dit
1.0,1.0,0.5423069,dit
1.0,0.0,0.4769048,dit
1.0,0.0,0.49471354,dit
1.0,0.0,0.46657857,dit
1.0,1.0,0.51863784,dit
1.0,1.0,0.542849,dit
1.0,1.0,0.51711166,dit
1.0,1.0,0.5614535,dit
1.0,1.0,0.5576557,dit
1.0,1.0,0.50153655,dit
1.0,1.0,0.58070296,dit
1.0,0.0,0.46953994,dit
1.0,0.0,0.4674229,dit
1.0,0.0,0.46463105,dit
1.0,1.0,0.59949243,dit
1.0,0.0,0.4983501,dit
1.0,0.0,0.47437942,dit
1.0,0.0,0.4699695,dit
1.0,0.0,0.4306499,dit
1.0,0.0,0.4908029,dit
1.0,0.0,0.47209367,dit
1.0,0.0,0.4791184,dit
1.0,1.0,0.55800635,dit
1.0,1.0,0.5420293,dit
1.0,1.0,0.51292706,dit
1.0,0.0,0.49375248,dit
1.0,1.0,0.52686125,dit
1.0,0.0,0.48097202,dit
1.0,1.0,0.5216348,dit
1.0,1.0,0.53760916,dit
1.0,1.0,0.5643197,dit
1.0,1.0,0.51296383,dit
1.0,1.0,0.5020719,dit
1.0,1.0,0.5047007,dit
1.0,1.0,0.5467657,dit
1.0,0.0,0.47838646,dit
1.0,1.0,0.5423617,dit
1.0,0.0,0.48845232,dit
1.0,1.0,0.50860906,dit
1.0,1.0,0.5117896,dit
1.0,0.0,0.46132845,dit
1.0,0.0,0.47797665,dit
1.0,0.0,0.48452866,dit
1.0,1.0,0.5208102,dit
1.0,1.0,0.52091336,dit
1.0,1.0,0.5287779,dit
1.0,1.0,0.5331993,dit
1.0,1.0,0.50530535,dit
1.0,0.0,0.47901618,dit
1.0,1.0,0.5382954,dit
1.0,0.0,0.49517635,dit
1.0,1.0,0.5423728,dit
1.0,1.0,0.50211024,dit
1.0,1.0,0.53586423,dit
1.0,0.0,0.49056232,dit
1.0,1.0,0.59181094,dit
1.0,1.0,0.5242485,dit
1.0,1.0,0.5609165,dit
1.0,0.0,0.4937915,dit
1.0,0.0,0.496296,dit
1.0,1.0,0.54610425,dit
1.0,0.0,0.47130087,dit
1.0,1.0,0.52277493,dit
1.0,1.0,0.57586545,dit
1.0,1.0,0.54501224,dit
1.0,1.0,0.53012013,dit
1.0,1.0,0.5521343,dit
1.0,1.0,0.5206493,dit
1.0,1.0,0.539676,dit
1.0,1.0,0.56069195,dit
1.0,0.0,0.46396947,dit
1.0,0.0,0.48202434,dit
1.0,1.0,0.5702907,dit
1.0,1.0,0.5477136,dit
1.0,1.0,0.55547684,dit
1.0,1.0,0.53818715,dit
1.0,1.0,0.50501585,dit
1.0,0.0,0.47776678,dit
1.0,0.0,0.46073997,dit
1.0,1.0,0.5123726,dit
1.0,0.0,0.49289504,dit
1.0,0.0,0.47673693,dit
1.0,1.0,0.5050249,dit
1.0,1.0,0.5341132,dit
1.0,1.0,0.5051154,dit
1.0,0.0,0.4882328,dit
1.0,1.0,0.55359936,dit
1.0,1.0,0.5264817,dit
1.0,1.0,0.56660223,dit
1.0,1.0,0.5027564,dit
1.0,1.0,0.5252782,dit
1.0,1.0,0.5014969,dit
1.0,1.0,0.60182106,dit
1.0,0.0,0.48556554,dit
1.0,0.0,0.47575963,dit
1.0,1.0,0.5478643,dit
1.0,1.0,0.51999515,dit
1.0,1.0,0.54187274,dit
1.0,1.0,0.5191196,dit
1.0,0.0,0.49356574,dit
1.0,0.0,0.4939445,dit
1.0,1.0,0.51796293,dit
1.0,1.0,0.5355564,dit
1.0,1.0,0.5229907,dit
1.0,1.0,0.50259906,dit
1.0,0.0,0.49722567,dit
1.0,0.0,0.43488765,dit
1.0,1.0,0.56488055,dit
1.0,1.0,0.5110867,dit
1.0,1.0,0.5495171,dit
1.0,1.0,0.5460681,dit
1.0,1.0,0.54329556,dit
1.0,0.0,0.46139655,dit
1.0,0.0,0.47020543,dit
1.0,1.0,0.54936206,dit
1.0,1.0,0.51749325,dit
1.0,1.0,0.5100391,dit
1.0,1.0,0.5296734,dit
1.0,0.0,0.4563964,dit
1.0,1.0,0.5812069,dit
1.0,0.0,0.47957,dit
1.0,1.0,0.5013555,dit
1.0,1.0,0.5204616,dit
1.0,1.0,0.5745362,dit
1.0,1.0,0.53171813,dit
1.0,1.0,0.5124972,dit
1.0,1.0,0.51056784,dit
1.0,0.0,0.47987607,dit
1.0,1.0,0.5331182,dit
1.0,0.0,0.47006506,dit
1.0,0.0,0.47460312,dit
1.0,1.0,0.5669754,dit
1.0,0.0,0.4846684,dit
1.0,1.0,0.5383333,dit
1.0,1.0,0.54484576,dit
1.0,1.0,0.52896214,dit
1.0,1.0,0.57234704,dit
1.0,1.0,0.5230557,dit
1.0,1.0,0.54534805,dit
1.0,1.0,0.5222464,dit
1.0,1.0,0.5083322,dit
1.0,0.0,0.47595814,dit
1.0,0.0,0.49986663,dit
1.0,0.0,0.46864784,dit
1.0,1.0,0.5570582,dit
1.0,1.0,0.5475762,dit
1.0,1.0,0.5082612,dit
1.0,1.0,0.5501525,dit
1.0,1.0,0.5207399,dit
1.0,1.0,0.50368,dit
1.0,1.0,0.554491,dit
1.0,1.0,0.50283116,dit
1.0,0.0,0.49877444,dit
1.0,0.0,0.47976947,dit
1.0,1.0,0.5124902,dit
1.0,1.0,0.52111524,dit
1.0,0.0,0.49232984,dit
1.0,0.0,0.4967302,dit
1.0,1.0,0.58938,dit
1.0,1.0,0.50586814,dit
1.0,1.0,0.5011629,dit
1.0,1.0,0.5550143,dit
1.0,1.0,0.5569752,dit
1.0,1.0,0.53543925,dit
1.0,1.0,0.5345195,dit
1.0,1.0,0.57808566,dit
1.0,0.0,0.47876385,dit
1.0,1.0,0.5269117,dit
1.0,1.0,0.59146607,dit
1.0,0.0,0.49759996,dit
1.0,0.0,0.47066966,dit
1.0,0.0,0.48201525,dit
1.0,0.0,0.47934562,dit
1.0,1.0,0.5677966,dit
1.0,1.0,0.59267735,dit
1.0,0.0,0.4919456,dit
1.0,1.0,0.54316074,dit
1.0,0.0,0.49094763,dit
1.0,1.0,0.5421242,dit
1.0,1.0,0.5196643,dit
1.0,1.0,0.5210945,dit
1.0,0.0,0.49035746,dit
1.0,1.0,0.5924602,dit
1.0,1.0,0.5568087,dit
1.0,1.0,0.5150257,dit
1.0,1.0,0.54697275,dit
1.0,0.0,0.49744707,dit
1.0,1.0,0.54820967,dit
1.0,1.0,0.5145031,dit
1.0,0.0,0.45439044,dit
1.0,1.0,0.5157779,dit
1.0,1.0,0.5308447,dit
1.0,0.0,0.49722067,dit
1.0,0.0,0.47877014,dit
1.0,1.0,0.5126624,dit
1.0,1.0,0.51744163,dit
1.0,1.0,0.5268072,dit
1.0,1.0,0.5632951,dit
1.0,1.0,0.5212212,dit
1.0,1.0,0.5451942,dit
1.0,1.0,0.5163965,dit
1.0,1.0,0.5293106,dit
1.0,1.0,0.5010672,dit
1.0,0.0,0.4813153,dit
1.0,0.0,0.4715189,dit
1.0,0.0,0.47467616,dit
1.0,1.0,0.5656976,dit
1.0,1.0,0.5078573,dit
1.0,0.0,0.48986495,dit
1.0,1.0,0.5340802,dit
1.0,1.0,0.50204885,dit
1.0,1.0,0.52152437,dit
1.0,0.0,0.4759771,dit
1.0,1.0,0.5551541,dit
1.0,1.0,0.52660596,dit
1.0,0.0,0.4887957,dit
1.0,1.0,0.5178355,dit
1.0,1.0,0.57993776,dit
1.0,1.0,0.51157403,dit
1.0,0.0,0.4653238,dit
1.0,1.0,0.5271652,dit
1.0,1.0,0.5758032,dit
1.0,1.0,0.51730937,dit
1.0,1.0,0.5718213,dit
1.0,0.0,0.49852124,dit
1.0,0.0,0.49637532,dit
1.0,1.0,0.540692,dit
1.0,0.0,0.45937297,dit
1.0,1.0,0.6107822,dit
1.0,1.0,0.54194486,dit
1.0,0.0,0.46388844,dit
1.0,0.0,0.45083693,dit
1.0,0.0,0.48050416,dit
1.0,0.0,0.45392385,dit
1.0,1.0,0.585257,dit
1.0,1.0,0.52328265,dit
1.0,1.0,0.5067444,dit
1.0,0.0,0.47066075,dit
1.0,0.0,0.4747514,dit
1.0,0.0,0.4635454,dit
1.0,0.0,0.4927338,dit
1.0,1.0,0.54095644,dit
1.0,0.0,0.48471177,dit
1.0,1.0,0.53799534,dit
1.0,0.0,0.4572448,dit
1.0,0.0,0.49043843,dit
1.0,1.0,0.56101876,dit
1.0,1.0,0.54428625,dit
1.0,1.0,0.50595623,dit
1.0,1.0,0.5587561,dit
1.0,1.0,0.52850115,dit
1.0,1.0,0.57275283,dit
1.0,0.0,0.48675278,dit
1.0,0.0,0.4560847,dit
1.0,0.0,0.47012743,dit
1.0,1.0,0.5184256,dit
1.0,0.0,0.44253954,dit
1.0,0.0,0.48410252,dit
1.0,0.0,0.49315268,dit
1.0,0.0,0.48395786,dit
1.0,1.0,0.56751484,dit
1.0,1.0,0.505974,dit
1.0,0.0,0.4676384,dit
1.0,1.0,0.545149,dit
1.0,1.0,0.56097174,dit
1.0,0.0,0.4897629,dit
1.0,0.0,0.49198234,dit
1.0,1.0,0.5353743,dit
1.0,0.0,0.49319148,dit
1.0,1.0,0.50445634,dit
1.0,0.0,0.49424624,dit
1.0,0.0,0.49742094,dit
1.0,1.0,0.57301867,dit
1.0,0.0,0.4854276,dit
1.0,0.0,0.49986985,dit
1.0,0.0,0.46712685,dit
1.0,1.0,0.5166952,dit
1.0,0.0,0.4885149,dit
1.0,0.0,0.4819118,dit
1.0,1.0,0.5067547,dit
1.0,1.0,0.55603766,dit
1.0,1.0,0.5412518,dit
1.0,0.0,0.45829687,dit
1.0,1.0,0.59004843,dit
1.0,1.0,0.5216096,dit
1.0,0.0,0.4998414,dit
1.0,0.0,0.4866006,dit
1.0,0.0,0.41991338,dit
1.0,1.0,0.51206857,dit
1.0,1.0,0.5016643,dit
1.0,0.0,0.47767934,dit
1.0,0.0,0.4684965,dit
1.0,1.0,0.55374306,dit
1.0,0.0,0.48521295,dit
1.0,1.0,0.51748157,dit
1.0,0.0,0.4870466,dit
1.0,1.0,0.5041986,dit
1.0,1.0,0.5165347,dit
1.0,1.0,0.53152406,dit
1.0,1.0,0.59846437,dit
1.0,0.0,0.4867315,dit
1.0,1.0,0.5398814,dit
1.0,0.0,0.49972847,dit
1.0,0.0,0.486806,dit
1.0,1.0,0.54484063,dit
1.0,0.0,0.48909298,dit
1.0,1.0,0.51935285,dit
1.0,1.0,0.5584052,dit
1.0,0.0,0.49778256,dit
1.0,1.0,0.51286304,dit
1.0,1.0,0.556529,dit
1.0,1.0,0.543233,dit
1.0,1.0,0.5551981,dit
1.0,1.0,0.5273314,dit
1.0,0.0,0.4829925,dit
1.0,1.0,0.5004031,dit
1.0,1.0,0.5001293,dit
1.0,1.0,0.5336645,dit
1.0,1.0,0.56473786,dit
1.0,1.0,0.5216227,dit
1.0,1.0,0.54186976,dit
1.0,1.0,0.5621451,dit
1.0,1.0,0.52324027,dit
1.0,1.0,0.5564704,dit
1.0,0.0,0.49813515,dit
1.0,1.0,0.55396247,dit
1.0,1.0,0.5079678,dit
1.0,0.0,0.4933014,dit
1.0,0.0,0.4914983,dit
1.0,1.0,0.58068305,dit
1.0,1.0,0.5566609,dit
1.0,1.0,0.53993547,dit
1.0,1.0,0.5413605,dit
1.0,1.0,0.5317818,dit
1.0,0.0,0.4812834,dit
1.0,1.0,0.5216842,dit
1.0,0.0,0.46415898,dit
1.0,1.0,0.5328502,dit
1.0,1.0,0.58176684,dit
1.0,1.0,0.5412493,dit
1.0,0.0,0.48870376,dit
1.0,1.0,0.5293861,dit
1.0,1.0,0.5556647,dit
1.0,0.0,0.46974665,dit
1.0,1.0,0.50273967,dit
1.0,1.0,0.50952405,dit
1.0,1.0,0.6237446,dit
1.0,1.0,0.5104535,dit
1.0,1.0,0.5618167,dit
1.0,1.0,0.52384704,dit
1.0,1.0,0.5075876,dit
1.0,1.0,0.5600584,dit
1.0,1.0,0.56469953,dit
1.0,1.0,0.52577174,dit
1.0,1.0,0.5600811,dit
1.0,0.0,0.49009573,dit
1.0,1.0,0.5301526,dit
1.0,0.0,0.49388856,dit
1.0,0.0,0.47117218,dit
1.0,1.0,0.53068453,dit
1.0,0.0,0.49936935,dit
1.0,1.0,0.53096837,dit
1.0,1.0,0.5526567,dit
1.0,0.0,0.41641197,dit
1.0,1.0,0.5361138,dit
1.0,1.0,0.54630166,dit
1.0,0.0,0.47052234,dit
1.0,1.0,0.55319595,dit
1.0,0.0,0.49614304,dit
1.0,1.0,0.50036365,dit
1.0,0.0,0.46653083,dit
1.0,0.0,0.476489,dit
1.0,1.0,0.50021344,dit
1.0,1.0,0.5092819,dit
1.0,1.0,0.5002812,dit
1.0,1.0,0.5405834,dit
1.0,1.0,0.54336375,dit
1.0,1.0,0.58979976,dit
1.0,1.0,0.5441373,dit
1.0,1.0,0.51427954,dit
1.0,1.0,0.55699635,dit
1.0,1.0,0.5278722,dit
1.0,1.0,0.5552956,dit
1.0,1.0,0.55345595,dit
1.0,1.0,0.5470461,dit
1.0,1.0,0.5584817,dit
1.0,1.0,0.536385,dit
1.0,1.0,0.5328986,dit
1.0,1.0,0.54528993,dit
1.0,1.0,0.5062168,dit
1.0,1.0,0.5258062,dit
1.0,1.0,0.53196955,dit
1.0,1.0,0.6119614,dit
1.0,1.0,0.50417364,dit
1.0,1.0,0.5028553,dit
1.0,1.0,0.5214524,dit
1.0,1.0,0.5388068,dit
1.0,0.0,0.49354658,dit
1.0,1.0,0.5282708,dit
1.0,1.0,0.579314,dit
1.0,1.0,0.5613555,dit
1.0,0.0,0.49317077,dit
1.0,1.0,0.57809275,dit
1.0,1.0,0.56862766,dit
1.0,0.0,0.47449648,dit
1.0,1.0,0.54271394,dit
1.0,1.0,0.5997173,dit
1.0,1.0,0.52509737,dit
1.0,1.0,0.5374912,dit
1.0,0.0,0.44221872,dit
1.0,0.0,0.4836776,dit
1.0,1.0,0.57969785,dit
1.0,1.0,0.5647119,dit
1.0,1.0,0.50908387,dit
1.0,1.0,0.5191744,dit
1.0,0.0,0.48420122,dit
1.0,1.0,0.55310607,dit
1.0,1.0,0.54862404,dit
1.0,0.0,0.48879778,dit
1.0,1.0,0.58096087,dit
1.0,0.0,0.48290375,dit
1.0,0.0,0.4817661,dit
1.0,0.0,0.48584673,dit
1.0,0.0,0.4832988,dit
1.0,1.0,0.5054847,dit
1.0,1.0,0.5131225,dit
1.0,0.0,0.48605564,dit
1.0,1.0,0.5094911,dit
1.0,1.0,0.5478045,dit
1.0,0.0,0.47680935,dit
1.0,1.0,0.5215664,dit
1.0,1.0,0.5591884,dit
1.0,1.0,0.54862106,dit
1.0,1.0,0.57270396,dit
1.0,1.0,0.5337099,dit
1.0,0.0,0.49549603,dit
1.0,0.0,0.46486923,dit
1.0,1.0,0.523642,dit
1.0,1.0,0.59293485,dit
1.0,0.0,0.48345703,dit
1.0,0.0,0.49631578,dit
1.0,1.0,0.50423026,dit
1.0,0.0,0.49544358,dit
1.0,1.0,0.5377503,dit
1.0,0.0,0.49853802,dit
1.0,0.0,0.48523474,dit
1.0,1.0,0.53616476,dit
1.0,1.0,0.551332,dit
1.0,0.0,0.44883463,dit
1.0,0.0,0.46189398,dit
1.0,1.0,0.50796974,dit
1.0,0.0,0.49739885,dit
1.0,1.0,0.51561266,dit
1.0,1.0,0.52272505,dit
1.0,1.0,0.5292816,dit
1.0,1.0,0.58060277,dit
1.0,1.0,0.513322,dit
1.0,0.0,0.47116804,dit
1.0,1.0,0.5056944,dit
1.0,1.0,0.556435,dit
1.0,1.0,0.5190926,dit
1.0,1.0,0.5040138,dit
1.0,0.0,0.4869451,dit
1.0,0.0,0.49770945,dit
1.0,1.0,0.55950844,dit
1.0,0.0,0.49374408,dit
1.0,1.0,0.5022546,dit
1.0,1.0,0.55481315,dit
1.0,1.0,0.50466603,dit
1.0,0.0,0.454378,dit
1.0,1.0,0.52006555,dit
1.0,1.0,0.5185102,dit
1.0,0.0,0.48849168,dit
1.0,0.0,0.4883022,dit
1.0,1.0,0.5409853,dit
1.0,0.0,0.4961913,dit
1.0,0.0,0.4908503,dit
1.0,0.0,0.47623494,dit
1.0,1.0,0.55026144,dit
1.0,0.0,0.4821254,dit
1.0,1.0,0.5344749,dit
1.0,0.0,0.48423868,dit
1.0,0.0,0.47089392,dit
1.0,1.0,0.50227046,dit
1.0,1.0,0.53759104,dit
1.0,0.0,0.47264582,dit
1.0,1.0,0.50649923,dit
1.0,1.0,0.50623006,dit
1.0,1.0,0.541494,dit
1.0,0.0,0.471886,dit
1.0,0.0,0.46755812,dit
1.0,0.0,0.4877809,dit
1.0,1.0,0.50623906,dit
1.0,1.0,0.54241663,dit
1.0,1.0,0.51700217,dit
1.0,0.0,0.46866497,dit
1.0,0.0,0.47695434,dit
1.0,1.0,0.54192024,dit
1.0,1.0,0.50846064,dit
1.0,1.0,0.5328482,dit
1.0,1.0,0.5678616,dit
1.0,0.0,0.47279555,dit
1.0,0.0,0.49425304,dit
1.0,0.0,0.49629837,dit
1.0,0.0,0.49310896,dit
1.0,0.0,0.49416855,dit
1.0,1.0,0.51519823,dit
1.0,1.0,0.5107614,dit
1.0,1.0,0.56527597,dit
1.0,0.0,0.4540658,dit
1.0,1.0,0.5011615,dit
1.0,0.0,0.44707343,dit
1.0,0.0,0.45936573,dit
1.0,1.0,0.54356766,dit
1.0,1.0,0.53877157,dit
1.0,1.0,0.5001898,dit
1.0,1.0,0.5656971,dit
1.0,1.0,0.5395247,dit
1.0,1.0,0.5004866,dit
1.0,0.0,0.44285533,dit
1.0,0.0,0.4909638,dit
1.0,0.0,0.4906452,dit
1.0,1.0,0.50551224,dit
1.0,0.0,0.48971114,dit
1.0,1.0,0.5105202,dit
1.0,1.0,0.52222383,dit
1.0,0.0,0.49748003,dit
1.0,0.0,0.49295238,dit
1.0,0.0,0.48377767,dit
1.0,1.0,0.545768,dit
1.0,1.0,0.5107979,dit
1.0,1.0,0.50702477,dit
1.0,1.0,0.5559704,dit
1.0,0.0,0.46379808,dit
1.0,0.0,0.45909733,dit
1.0,1.0,0.56888,dit
1.0,1.0,0.5080634,dit
1.0,1.0,0.5601252,dit
1.0,0.0,0.47457072,dit
1.0,0.0,0.45734984,dit
1.0,1.0,0.5355322,dit
1.0,1.0,0.5099562,dit
1.0,1.0,0.5277325,dit
1.0,1.0,0.5117787,dit
1.0,1.0,0.51285875,dit
1.0,1.0,0.50670165,dit
1.0,0.0,0.47373033,dit
1.0,1.0,0.51156116,dit
1.0,0.0,0.47045702,dit
1.0,1.0,0.56114244,dit
1.0,0.0,0.47003883,dit
1.0,1.0,0.52085376,dit
1.0,1.0,0.54636884,dit
1.0,0.0,0.48909572,dit
1.0,1.0,0.500398,dit
1.0,1.0,0.55688345,dit
1.0,0.0,0.44035253,dit
1.0,1.0,0.5901344,dit
1.0,0.0,0.48390564,dit
1.0,0.0,0.48590007,dit
1.0,0.0,0.48587856,dit
1.0,1.0,0.56952655,dit
1.0,0.0,0.48325583,dit
1.0,1.0,0.5815943,dit
1.0,1.0,0.591509,dit
1.0,1.0,0.5071958,dit
1.0,0.0,0.4982586,dit
1.0,0.0,0.4741119,dit
1.0,1.0,0.5107622,dit
1.0,1.0,0.5522253,dit
1.0,0.0,0.48426104,dit
1.0,0.0,0.49622658,dit
1.0,1.0,0.528571,dit
1.0,0.0,0.4694537,dit
1.0,1.0,0.5142512,dit
1.0,1.0,0.54275,dit
1.0,0.0,0.4751332,dit
1.0,0.0,0.4878694,dit
1.0,0.0,0.49551973,dit
1.0,0.0,0.48373917,dit
1.0,0.0,0.46249008,dit
1.0,0.0,0.46845087,dit
1.0,1.0,0.5103247,dit
1.0,1.0,0.50887185,dit
1.0,0.0,0.4994116,dit
1.0,0.0,0.4622614,dit
1.0,0.0,0.47531214,dit
1.0,1.0,0.53029066,dit
1.0,1.0,0.5826545,dit
1.0,0.0,0.46273258,dit
1.0,1.0,0.5200052,dit
1.0,1.0,0.5062238,dit
1.0,1.0,0.50440073,dit
1.0,0.0,0.47098324,dit
1.0,1.0,0.5082952,dit
1.0,0.0,0.46656048,dit
1.0,1.0,0.5795562,dit
1.0,0.0,0.49225315,dit
1.0,0.0,0.49712315,dit
1.0,0.0,0.49453208,dit
1.0,0.0,0.4952928,dit
1.0,1.0,0.5144318,dit
1.0,1.0,0.5424653,dit
1.0,0.0,0.48061648,dit
1.0,0.0,0.4902183,dit
1.0,0.0,0.44671467,dit
1.0,0.0,0.4884235,dit
1.0,0.0,0.44100776,dit
1.0,1.0,0.5429762,dit
1.0,0.0,0.4591275,dit
1.0,0.0,0.4865002,dit
1.0,1.0,0.5546382,dit
1.0,0.0,0.49288866,dit
1.0,0.0,0.468494,dit
1.0,1.0,0.5221087,dit
1.0,0.0,0.48242158,dit
1.0,1.0,0.5012639,dit
1.0,1.0,0.50309336,dit
1.0,0.0,0.46458635,dit
1.0,1.0,0.54126936,dit
1.0,1.0,0.5404104,dit
1.0,1.0,0.52769405,dit
1.0,0.0,0.46581846,dit
1.0,1.0,0.53739667,dit
1.0,1.0,0.5658144,dit
1.0,1.0,0.54231423,dit
1.0,0.0,0.4770753,dit
1.0,0.0,0.46474066,dit
1.0,1.0,0.5311637,dit
1.0,1.0,0.51822364,dit
1.0,1.0,0.55989486,dit
1.0,1.0,0.51543254,dit
1.0,1.0,0.5257003,dit
1.0,1.0,0.5868416,dit
1.0,1.0,0.52275395,dit
1.0,0.0,0.46161094,dit
1.0,1.0,0.5695774,dit
1.0,0.0,0.4991137,dit
1.0,1.0,0.5246027,dit
1.0,1.0,0.5426082,dit
1.0,1.0,0.5423434,dit
1.0,0.0,0.46488515,dit
1.0,0.0,0.49425137,dit
1.0,1.0,0.50717276,dit
1.0,0.0,0.4976354,dit
1.0,1.0,0.5231209,dit
1.0,0.0,0.49631578,dit
1.0,1.0,0.5145249,dit
1.0,1.0,0.5208609,dit
1.0,0.0,0.48919642,dit
1.0,1.0,0.53481364,dit
1.0,0.0,0.4619071,dit
1.0,0.0,0.4852611,dit
1.0,1.0,0.53566986,dit
1.0,1.0,0.56283987,dit
1.0,1.0,0.55469275,dit
1.0,0.0,0.4774207,dit
1.0,0.0,0.4979633,dit
1.0,0.0,0.49701774,dit
1.0,1.0,0.50702083,dit
1.0,1.0,0.51020956,dit
1.0,1.0,0.5453902,dit
1.0,1.0,0.5233693,dit
1.0,1.0,0.5470785,dit
1.0,0.0,0.4914603,dit
1.0,1.0,0.5379937,dit
1.0,0.0,0.47442064,dit
1.0,1.0,0.5637097,dit
1.0,1.0,0.55607337,dit
1.0,1.0,0.50184953,dit
1.0,0.0,0.4721318,dit
1.0,1.0,0.5784972,dit
1.0,1.0,0.53669226,dit
1.0,1.0,0.5568117,dit
1.0,0.0,0.4935552,dit
1.0,1.0,0.5568484,dit
1.0,0.0,0.48900375,dit
1.0,0.0,0.48919874,dit
1.0,0.0,0.47613478,dit
1.0,0.0,0.49565428,dit
1.0,1.0,0.50907695,dit
1.0,0.0,0.48095784,dit
1.0,0.0,0.4531927,dit
1.0,1.0,0.5115516,dit
1.0,0.0,0.43287262,dit
1.0,1.0,0.5305655,dit
1.0,1.0,0.56120473,dit
1.0,1.0,0.5293502,dit
1.0,0.0,0.4929423,dit
1.0,0.0,0.4645914,dit
1.0,0.0,0.47880718,dit
1.0,1.0,0.54768693,dit
1.0,1.0,0.51882035,dit
1.0,0.0,0.4350273,dit
1.0,0.0,0.49737245,dit
1.0,0.0,0.45968977,dit
1.0,1.0,0.5593251,dit
1.0,1.0,0.550444,dit
1.0,1.0,0.56351036,dit
1.0,0.0,0.4972192,dit
1.0,1.0,0.5437072,dit
1.0,1.0,0.5419451,dit
1.0,0.0,0.46904454,dit
1.0,0.0,0.45697123,dit
1.0,0.0,0.48165968,dit
1.0,0.0,0.4828614,dit
1.0,1.0,0.51461786,dit
1.0,1.0,0.5307222,dit
1.0,1.0,0.53762573,dit
1.0,1.0,0.5442967,dit
1.0,1.0,0.52079934,dit
1.0,1.0,0.504315,dit
1.0,0.0,0.44953448,dit
1.0,1.0,0.5198932,dit
1.0,1.0,0.5229582,dit
1.0,0.0,0.4860445,dit
1.0,1.0,0.5027393,dit
1.0,1.0,0.5487629,dit
1.0,1.0,0.5232318,dit
1.0,1.0,0.53543824,dit
1.0,0.0,0.46250427,dit
1.0,1.0,0.5743668,dit
1.0,1.0,0.5029665,dit
1.0,0.0,0.48421055,dit
1.0,1.0,0.54865277,dit
1.0,0.0,0.47797933,dit
1.0,0.0,0.49814463,dit
1.0,1.0,0.5397926,dit
1.0,1.0,0.58302146,dit
1.0,1.0,0.5536579,dit
1.0,1.0,0.52628726,dit
1.0,1.0,0.5027349,dit
1.0,0.0,0.47970888,dit
1.0,0.0,0.46432096,dit
1.0,0.0,0.44492307,dit
1.0,0.0,0.43790656,dit
1.0,1.0,0.5063685,dit
1.0,0.0,0.49672005,dit
1.0,1.0,0.5473946,dit
1.0,1.0,0.5181909,dit
1.0,0.0,0.47487736,dit
1.0,0.0,0.4887262,dit
1.0,0.0,0.4923301,dit
1.0,0.0,0.49717742,dit
1.0,1.0,0.5174966,dit
1.0,1.0,0.52130365,dit
1.0,0.0,0.4830681,dit
1.0,1.0,0.5337821,gigaGAN
1.0,1.0,0.5007133,gigaGAN
1.0,0.0,0.47463,gigaGAN
1.0,1.0,0.5671341,gigaGAN
1.0,1.0,0.5707172,gigaGAN
1.0,1.0,0.58454996,gigaGAN
1.0,1.0,0.58236665,gigaGAN
1.0,0.0,0.49741822,gigaGAN
1.0,1.0,0.5272541,gigaGAN
1.0,0.0,0.46050718,gigaGAN
1.0,1.0,0.54577494,gigaGAN
1.0,1.0,0.53085554,gigaGAN
1.0,1.0,0.5567205,gigaGAN
1.0,1.0,0.5251259,gigaGAN
1.0,1.0,0.53014666,gigaGAN
1.0,1.0,0.52565235,gigaGAN
1.0,0.0,0.46564728,gigaGAN
1.0,0.0,0.49835107,gigaGAN
1.0,0.0,0.49630162,gigaGAN
1.0,0.0,0.4811833,gigaGAN
1.0,1.0,0.5659687,gigaGAN
1.0,0.0,0.4816421,gigaGAN
1.0,1.0,0.5091782,gigaGAN
1.0,1.0,0.50674534,gigaGAN
1.0,0.0,0.4791241,gigaGAN
1.0,1.0,0.52415866,gigaGAN
1.0,1.0,0.5270075,gigaGAN
1.0,0.0,0.48300117,gigaGAN
1.0,0.0,0.48752236,gigaGAN
1.0,1.0,0.58060855,gigaGAN
1.0,0.0,0.48058492,gigaGAN
1.0,1.0,0.5093734,gigaGAN
1.0,1.0,0.5845348,gigaGAN
1.0,1.0,0.5028497,gigaGAN
1.0,1.0,0.5188257,gigaGAN
1.0,0.0,0.49481368,gigaGAN
1.0,0.0,0.458829,gigaGAN
1.0,1.0,0.54560536,gigaGAN
1.0,0.0,0.48748654,gigaGAN
1.0,1.0,0.51935685,gigaGAN
1.0,0.0,0.4960256,gigaGAN
1.0,0.0,0.47716868,gigaGAN
1.0,0.0,0.4961001,gigaGAN
1.0,0.0,0.48919192,gigaGAN
1.0,1.0,0.50210935,gigaGAN
1.0,1.0,0.51594096,gigaGAN
1.0,1.0,0.52680343,gigaGAN
1.0,1.0,0.5414869,gigaGAN
1.0,0.0,0.46590343,gigaGAN
1.0,1.0,0.5058097,gigaGAN
1.0,0.0,0.4724375,gigaGAN
1.0,0.0,0.4845857,gigaGAN
1.0,1.0,0.51349974,gigaGAN
1.0,0.0,0.49191934,gigaGAN
1.0,0.0,0.4878197,gigaGAN
1.0,0.0,0.4880251,gigaGAN
1.0,1.0,0.5068591,gigaGAN
1.0,0.0,0.48678172,gigaGAN
1.0,0.0,0.46682832,gigaGAN
1.0,1.0,0.50674367,gigaGAN
1.0,0.0,0.48149368,gigaGAN
1.0,1.0,0.52171886,gigaGAN
1.0,1.0,0.53819627,gigaGAN
1.0,0.0,0.46501344,gigaGAN
1.0,0.0,0.44639298,gigaGAN
1.0,0.0,0.45567238,gigaGAN
1.0,0.0,0.43520293,gigaGAN
1.0,0.0,0.47864294,gigaGAN
1.0,1.0,0.5372814,gigaGAN
1.0,0.0,0.47073802,gigaGAN
1.0,0.0,0.4659025,gigaGAN
1.0,0.0,0.44439134,gigaGAN
1.0,0.0,0.49271518,gigaGAN
1.0,1.0,0.526263,gigaGAN
1.0,0.0,0.43743807,gigaGAN
1.0,1.0,0.54685074,gigaGAN
1.0,0.0,0.46138018,gigaGAN
1.0,1.0,0.562109,gigaGAN
1.0,0.0,0.45089415,gigaGAN
1.0,0.0,0.45998317,gigaGAN
1.0,0.0,0.43620738,gigaGAN
1.0,0.0,0.44731545,gigaGAN
1.0,0.0,0.48121282,gigaGAN
1.0,0.0,0.45706823,gigaGAN
1.0,1.0,0.51304877,gigaGAN
1.0,1.0,0.5376079,gigaGAN
1.0,0.0,0.46337366,gigaGAN
1.0,0.0,0.43999138,gigaGAN
1.0,0.0,0.47386304,gigaGAN
1.0,1.0,0.53456736,gigaGAN
1.0,0.0,0.43694782,gigaGAN
1.0,0.0,0.43975988,gigaGAN
1.0,0.0,0.4673237,gigaGAN
1.0,0.0,0.45435712,gigaGAN
1.0,0.0,0.45387977,gigaGAN
1.0,1.0,0.5286969,gigaGAN
1.0,0.0,0.46917155,gigaGAN
1.0,1.0,0.50932807,gigaGAN
1.0,1.0,0.5109947,gigaGAN
1.0,1.0,0.5458244,gigaGAN
1.0,1.0,0.5163304,gigaGAN
1.0,0.0,0.4844699,gigaGAN
1.0,0.0,0.4810451,gigaGAN
1.0,1.0,0.5552496,gigaGAN
1.0,1.0,0.5184706,gigaGAN
1.0,1.0,0.50840986,gigaGAN
1.0,0.0,0.44123036,gigaGAN
1.0,1.0,0.527413,gigaGAN
1.0,0.0,0.44233513,gigaGAN
1.0,0.0,0.492597,gigaGAN
1.0,1.0,0.5538109,gigaGAN
1.0,1.0,0.5099933,gigaGAN
1.0,1.0,0.5316009,gigaGAN
1.0,0.0,0.48211986,gigaGAN
1.0,0.0,0.4945028,gigaGAN
1.0,1.0,0.5147457,gigaGAN
1.0,0.0,0.47162473,gigaGAN
1.0,0.0,0.45192304,gigaGAN
1.0,1.0,0.5061859,gigaGAN
1.0,1.0,0.5130141,gigaGAN
1.0,0.0,0.4461325,gigaGAN
1.0,0.0,0.46924928,gigaGAN
1.0,0.0,0.47342172,gigaGAN
1.0,0.0,0.48089084,gigaGAN
1.0,0.0,0.47628587,gigaGAN
1.0,0.0,0.45667568,gigaGAN
1.0,0.0,0.46388805,gigaGAN
1.0,0.0,0.45762473,gigaGAN
1.0,1.0,0.51145136,gigaGAN
1.0,1.0,0.5353453,gigaGAN
1.0,0.0,0.49462846,gigaGAN
1.0,1.0,0.5053798,gigaGAN
1.0,0.0,0.46801755,gigaGAN
1.0,0.0,0.4655716,gigaGAN
1.0,0.0,0.48479122,gigaGAN
1.0,1.0,0.52711785,gigaGAN
1.0,0.0,0.45507398,gigaGAN
1.0,0.0,0.4644996,gigaGAN
1.0,0.0,0.4713529,gigaGAN
1.0,0.0,0.47404888,gigaGAN
1.0,1.0,0.54283357,gigaGAN
1.0,0.0,0.46943897,gigaGAN
1.0,0.0,0.47551554,gigaGAN
1.0,0.0,0.47089446,gigaGAN
1.0,1.0,0.52151376,gigaGAN
1.0,0.0,0.49559543,gigaGAN
1.0,0.0,0.46405914,gigaGAN
1.0,0.0,0.47425848,gigaGAN
1.0,0.0,0.4543588,gigaGAN
1.0,0.0,0.47851014,gigaGAN
1.0,0.0,0.44331104,gigaGAN
1.0,0.0,0.469123,gigaGAN
1.0,0.0,0.47656146,gigaGAN
1.0,0.0,0.4711724,gigaGAN
1.0,0.0,0.49525446,gigaGAN
1.0,0.0,0.46930662,gigaGAN
1.0,1.0,0.51803565,gigaGAN
1.0,1.0,0.5391478,gigaGAN
1.0,1.0,0.51673675,gigaGAN
1.0,0.0,0.45305252,gigaGAN
1.0,0.0,0.47366473,gigaGAN
1.0,0.0,0.4761067,gigaGAN
1.0,0.0,0.48500547,gigaGAN
1.0,1.0,0.5340293,gigaGAN
1.0,0.0,0.49108472,gigaGAN
1.0,0.0,0.46580583,gigaGAN
1.0,0.0,0.47667181,gigaGAN
1.0,1.0,0.5006458,gigaGAN
1.0,0.0,0.47945774,gigaGAN
1.0,0.0,0.4909329,gigaGAN
1.0,0.0,0.47158104,gigaGAN
1.0,0.0,0.4913426,gigaGAN
1.0,1.0,0.5373316,gigaGAN
1.0,0.0,0.48396987,gigaGAN
1.0,0.0,0.4596298,gigaGAN
1.0,0.0,0.45068908,gigaGAN
1.0,0.0,0.45574057,gigaGAN
1.0,1.0,0.50453454,gigaGAN
1.0,0.0,0.4924618,gigaGAN
1.0,0.0,0.48566929,gigaGAN
1.0,0.0,0.48871425,gigaGAN
1.0,0.0,0.49903283,gigaGAN
1.0,0.0,0.48615453,gigaGAN
1.0,0.0,0.4860512,gigaGAN
1.0,1.0,0.5048127,gigaGAN
1.0,0.0,0.48312575,gigaGAN
1.0,1.0,0.515386,gigaGAN
1.0,0.0,0.47594252,gigaGAN
1.0,0.0,0.46817198,gigaGAN
1.0,0.0,0.46191555,gigaGAN
1.0,0.0,0.45619595,gigaGAN
1.0,0.0,0.45931804,gigaGAN
1.0,0.0,0.4723442,gigaGAN
1.0,1.0,0.50587535,gigaGAN
1.0,0.0,0.4948174,gigaGAN
1.0,1.0,0.55608153,gigaGAN
1.0,0.0,0.45826837,gigaGAN
1.0,0.0,0.46326107,gigaGAN
1.0,1.0,0.5551359,gigaGAN
1.0,1.0,0.5067445,gigaGAN
1.0,1.0,0.5008655,gigaGAN
1.0,0.0,0.45428604,gigaGAN
1.0,1.0,0.51319575,gigaGAN
1.0,1.0,0.5080394,gigaGAN
1.0,0.0,0.47608688,gigaGAN
1.0,0.0,0.46943676,gigaGAN
1.0,1.0,0.54698926,gigaGAN
1.0,0.0,0.45518267,gigaGAN
1.0,0.0,0.4907521,gigaGAN
1.0,0.0,0.47255993,gigaGAN
1.0,1.0,0.50438917,gigaGAN
1.0,1.0,0.50325394,gigaGAN
1.0,1.0,0.51359993,gigaGAN
1.0,1.0,0.56494284,gigaGAN
1.0,0.0,0.48633593,gigaGAN
1.0,1.0,0.52930367,gigaGAN
1.0,1.0,0.5055056,gigaGAN
1.0,0.0,0.48280337,gigaGAN
1.0,1.0,0.5092117,gigaGAN
1.0,1.0,0.510757,gigaGAN
1.0,0.0,0.48847553,gigaGAN
1.0,1.0,0.5813941,gigaGAN
1.0,1.0,0.518401,gigaGAN
1.0,0.0,0.4724475,gigaGAN
1.0,1.0,0.50093204,gigaGAN
1.0,0.0,0.4695239,gigaGAN
1.0,1.0,0.55931526,gigaGAN
1.0,0.0,0.4859101,gigaGAN
1.0,1.0,0.6006674,gigaGAN
1.0,1.0,0.51018924,gigaGAN
1.0,0.0,0.44117895,gigaGAN
1.0,0.0,0.43929294,gigaGAN
1.0,1.0,0.5115728,gigaGAN
1.0,0.0,0.45121658,gigaGAN
1.0,0.0,0.4887599,gigaGAN
1.0,1.0,0.51180726,gigaGAN
1.0,0.0,0.497887,gigaGAN
1.0,0.0,0.4756658,gigaGAN
1.0,1.0,0.5064965,gigaGAN
1.0,0.0,0.454095,gigaGAN
1.0,1.0,0.52732366,gigaGAN
1.0,0.0,0.49273294,gigaGAN
1.0,1.0,0.55064,gigaGAN
1.0,1.0,0.51153314,gigaGAN
1.0,0.0,0.48014173,gigaGAN
1.0,1.0,0.5153194,gigaGAN
1.0,0.0,0.4733316,gigaGAN
1.0,0.0,0.46302044,gigaGAN
1.0,0.0,0.46284926,gigaGAN
1.0,0.0,0.46817866,gigaGAN
1.0,0.0,0.460624,gigaGAN
1.0,0.0,0.45843688,gigaGAN
1.0,0.0,0.48160735,gigaGAN
1.0,0.0,0.49500778,gigaGAN
1.0,0.0,0.47234482,gigaGAN
1.0,1.0,0.53699017,gigaGAN
1.0,0.0,0.46760023,gigaGAN
1.0,1.0,0.5078875,gigaGAN
1.0,0.0,0.4641885,gigaGAN
1.0,0.0,0.4527456,gigaGAN
1.0,1.0,0.5066042,gigaGAN
1.0,0.0,0.48629004,gigaGAN
1.0,0.0,0.46503726,gigaGAN
1.0,1.0,0.5307326,gigaGAN
1.0,0.0,0.47741547,gigaGAN
1.0,0.0,0.48191646,gigaGAN
1.0,0.0,0.4805939,gigaGAN
1.0,1.0,0.50256795,gigaGAN
1.0,1.0,0.5229141,gigaGAN
1.0,0.0,0.49288923,gigaGAN
1.0,0.0,0.48569283,gigaGAN
1.0,1.0,0.5080939,gigaGAN
1.0,0.0,0.46634966,gigaGAN
1.0,1.0,0.5377532,gigaGAN
1.0,0.0,0.46324596,gigaGAN
1.0,0.0,0.49767685,gigaGAN
1.0,1.0,0.5100362,gigaGAN
1.0,0.0,0.48972446,gigaGAN
1.0,0.0,0.48078313,gigaGAN
1.0,0.0,0.47571424,gigaGAN
1.0,0.0,0.4868394,gigaGAN
1.0,0.0,0.4829607,gigaGAN
1.0,0.0,0.47035667,gigaGAN
1.0,0.0,0.46176106,gigaGAN
1.0,0.0,0.43566167,gigaGAN
1.0,0.0,0.48555908,gigaGAN
1.0,0.0,0.45726317,gigaGAN
1.0,0.0,0.46791998,gigaGAN
1.0,0.0,0.4492729,gigaGAN
1.0,0.0,0.48634404,gigaGAN
1.0,0.0,0.46654126,gigaGAN
1.0,1.0,0.54464704,gigaGAN
1.0,0.0,0.4966484,gigaGAN
1.0,0.0,0.4651502,gigaGAN
1.0,0.0,0.4522891,gigaGAN
1.0,0.0,0.45898378,gigaGAN
1.0,0.0,0.4752621,gigaGAN
1.0,0.0,0.47840944,gigaGAN
1.0,1.0,0.53437805,gigaGAN
1.0,0.0,0.46383026,gigaGAN
1.0,1.0,0.562599,gigaGAN
1.0,1.0,0.5266454,gigaGAN
1.0,1.0,0.53199315,gigaGAN
1.0,1.0,0.5497529,gigaGAN
1.0,0.0,0.46311828,gigaGAN
1.0,1.0,0.53742975,gigaGAN
1.0,1.0,0.54622316,gigaGAN
1.0,0.0,0.46132153,gigaGAN
1.0,1.0,0.50376534,gigaGAN
1.0,1.0,0.52329534,gigaGAN
1.0,0.0,0.48825535,gigaGAN
1.0,1.0,0.53456175,gigaGAN
1.0,0.0,0.4977177,gigaGAN
1.0,0.0,0.47592235,gigaGAN
1.0,1.0,0.5006479,gigaGAN
1.0,0.0,0.43993452,gigaGAN
1.0,0.0,0.48242608,gigaGAN
1.0,0.0,0.43620756,gigaGAN
1.0,0.0,0.48409528,gigaGAN
1.0,0.0,0.49333104,gigaGAN
1.0,0.0,0.45502812,gigaGAN
1.0,0.0,0.448657,gigaGAN
1.0,0.0,0.49679747,gigaGAN
1.0,1.0,0.56095535,gigaGAN
1.0,1.0,0.50819564,gigaGAN
1.0,0.0,0.46680763,gigaGAN
1.0,0.0,0.47250703,gigaGAN
1.0,1.0,0.52459615,gigaGAN
1.0,0.0,0.45254472,gigaGAN
1.0,1.0,0.50514936,gigaGAN
1.0,0.0,0.46411029,gigaGAN
1.0,0.0,0.48005277,gigaGAN
1.0,0.0,0.4720526,gigaGAN
1.0,0.0,0.4723593,gigaGAN
1.0,0.0,0.4616471,gigaGAN
1.0,0.0,0.45017442,gigaGAN
1.0,0.0,0.49061248,gigaGAN
1.0,0.0,0.4558178,gigaGAN
1.0,0.0,0.49842852,gigaGAN
1.0,0.0,0.496823,gigaGAN
1.0,0.0,0.4462429,gigaGAN
1.0,0.0,0.4646164,gigaGAN
1.0,1.0,0.5090828,gigaGAN
1.0,0.0,0.49945933,gigaGAN
1.0,0.0,0.49029976,gigaGAN
1.0,0.0,0.4555793,gigaGAN
1.0,1.0,0.5301089,gigaGAN
1.0,0.0,0.44869384,gigaGAN
1.0,1.0,0.50288427,gigaGAN
1.0,1.0,0.50171727,gigaGAN
1.0,0.0,0.45120168,gigaGAN
1.0,0.0,0.46789527,gigaGAN
1.0,0.0,0.47289687,gigaGAN
1.0,0.0,0.45259923,gigaGAN
1.0,0.0,0.4514786,gigaGAN
1.0,0.0,0.4729543,gigaGAN
1.0,0.0,0.4803085,gigaGAN
1.0,0.0,0.46290004,gigaGAN
1.0,0.0,0.46881506,gigaGAN
1.0,0.0,0.4262874,gigaGAN
1.0,0.0,0.42464432,gigaGAN
1.0,1.0,0.50298923,gigaGAN
1.0,1.0,0.54845995,gigaGAN
1.0,0.0,0.4801138,gigaGAN
1.0,0.0,0.46018988,gigaGAN
1.0,1.0,0.5047845,gigaGAN
1.0,0.0,0.43637475,gigaGAN
1.0,1.0,0.5301685,gigaGAN
1.0,1.0,0.5197992,gigaGAN
1.0,1.0,0.5396135,gigaGAN
1.0,1.0,0.51560956,gigaGAN
1.0,0.0,0.45794013,gigaGAN
1.0,0.0,0.4316642,gigaGAN
1.0,0.0,0.48908752,gigaGAN
1.0,0.0,0.46215588,gigaGAN
1.0,0.0,0.4949964,gigaGAN
1.0,1.0,0.5163504,gigaGAN
1.0,0.0,0.48351634,gigaGAN
1.0,1.0,0.5911225,gigaGAN
1.0,1.0,0.52352417,gigaGAN
1.0,0.0,0.46208647,gigaGAN
1.0,0.0,0.47439837,gigaGAN
1.0,1.0,0.5205566,gigaGAN
1.0,0.0,0.4403626,gigaGAN
1.0,0.0,0.48754695,gigaGAN
1.0,0.0,0.47739157,gigaGAN
1.0,1.0,0.5017596,gigaGAN
1.0,1.0,0.5317237,gigaGAN
1.0,0.0,0.4740801,gigaGAN
1.0,0.0,0.44504875,gigaGAN
1.0,0.0,0.47826165,gigaGAN
1.0,0.0,0.45881242,gigaGAN
1.0,0.0,0.4757164,gigaGAN
1.0,0.0,0.45697263,gigaGAN
1.0,0.0,0.4837762,gigaGAN
1.0,1.0,0.5134031,gigaGAN
1.0,1.0,0.52978784,gigaGAN
1.0,0.0,0.48245338,gigaGAN
1.0,0.0,0.46153808,gigaGAN
1.0,0.0,0.49180445,gigaGAN
1.0,1.0,0.52886164,gigaGAN
1.0,0.0,0.47799796,gigaGAN
1.0,0.0,0.47585985,gigaGAN
1.0,0.0,0.49817002,gigaGAN
1.0,0.0,0.4964239,gigaGAN
1.0,0.0,0.46637237,gigaGAN
1.0,0.0,0.46949762,gigaGAN
1.0,0.0,0.4657023,gigaGAN
1.0,0.0,0.45532775,gigaGAN
1.0,0.0,0.4773094,gigaGAN
1.0,1.0,0.5134799,gigaGAN
1.0,0.0,0.45786697,gigaGAN
1.0,0.0,0.45009094,gigaGAN
1.0,0.0,0.47855446,gigaGAN
1.0,0.0,0.4543242,gigaGAN
1.0,1.0,0.5633794,gigaGAN
1.0,1.0,0.5210738,gigaGAN
1.0,0.0,0.49525872,gigaGAN
1.0,0.0,0.45111686,gigaGAN
1.0,1.0,0.5052732,gigaGAN
1.0,0.0,0.4576637,gigaGAN
1.0,1.0,0.5039927,gigaGAN
1.0,0.0,0.47712058,gigaGAN
1.0,0.0,0.48580202,gigaGAN
1.0,1.0,0.52777153,gigaGAN
1.0,0.0,0.4946505,gigaGAN
1.0,0.0,0.4957117,gigaGAN
1.0,1.0,0.5347567,gigaGAN
1.0,1.0,0.5237385,gigaGAN
1.0,1.0,0.56221837,gigaGAN
1.0,1.0,0.5273399,gigaGAN
1.0,1.0,0.56726986,gigaGAN
1.0,1.0,0.57223743,gigaGAN
1.0,1.0,0.514238,gigaGAN
1.0,0.0,0.490034,gigaGAN
1.0,1.0,0.50629026,gigaGAN
1.0,1.0,0.5412426,gigaGAN
1.0,1.0,0.53486776,gigaGAN
1.0,0.0,0.48599625,gigaGAN
1.0,0.0,0.45854622,gigaGAN
1.0,0.0,0.4710257,gigaGAN
1.0,0.0,0.4697437,gigaGAN
1.0,0.0,0.4696494,gigaGAN
1.0,1.0,0.58245593,gigaGAN
1.0,0.0,0.42905164,gigaGAN
1.0,0.0,0.4728578,gigaGAN
1.0,0.0,0.48320884,gigaGAN
1.0,0.0,0.47496474,gigaGAN
1.0,0.0,0.45401293,gigaGAN
1.0,0.0,0.49225107,gigaGAN
1.0,0.0,0.4790518,gigaGAN
1.0,0.0,0.47338897,gigaGAN
1.0,0.0,0.4781108,gigaGAN
1.0,1.0,0.53390026,gigaGAN
1.0,1.0,0.5623402,gigaGAN
1.0,1.0,0.5334529,gigaGAN
1.0,1.0,0.53604525,gigaGAN
1.0,1.0,0.50303334,gigaGAN
1.0,1.0,0.5347098,gigaGAN
1.0,0.0,0.4657417,gigaGAN
1.0,0.0,0.49552068,gigaGAN
1.0,0.0,0.49731016,gigaGAN
1.0,0.0,0.48053825,gigaGAN
1.0,0.0,0.48019704,gigaGAN
1.0,0.0,0.4719661,gigaGAN
1.0,1.0,0.502721,gigaGAN
1.0,0.0,0.4951527,gigaGAN
1.0,0.0,0.4737639,gigaGAN
1.0,0.0,0.47143012,gigaGAN
1.0,0.0,0.4616024,gigaGAN
1.0,1.0,0.50371724,gigaGAN
1.0,0.0,0.488726,gigaGAN
1.0,1.0,0.506751,gigaGAN
1.0,0.0,0.46324667,gigaGAN
1.0,1.0,0.50443834,gigaGAN
1.0,0.0,0.4838664,gigaGAN
1.0,1.0,0.5466896,gigaGAN
1.0,1.0,0.5398097,gigaGAN
1.0,1.0,0.5624689,gigaGAN
1.0,0.0,0.47099063,gigaGAN
1.0,1.0,0.60027623,gigaGAN
1.0,1.0,0.5441381,gigaGAN
1.0,0.0,0.4883444,gigaGAN
1.0,1.0,0.5203251,gigaGAN
1.0,1.0,0.50849366,gigaGAN
1.0,1.0,0.5324739,gigaGAN
1.0,1.0,0.5283989,gigaGAN
1.0,1.0,0.5036274,gigaGAN
1.0,0.0,0.46655187,gigaGAN
1.0,0.0,0.45009068,gigaGAN
1.0,0.0,0.4620178,gigaGAN
1.0,0.0,0.45689356,gigaGAN
1.0,0.0,0.4665199,gigaGAN
1.0,0.0,0.4485383,gigaGAN
1.0,0.0,0.405536,gigaGAN
1.0,0.0,0.4824273,gigaGAN
1.0,0.0,0.4752573,gigaGAN
1.0,0.0,0.4781747,gigaGAN
1.0,0.0,0.44259447,gigaGAN
1.0,0.0,0.4587374,gigaGAN
1.0,0.0,0.4665146,gigaGAN
1.0,0.0,0.47545272,gigaGAN
1.0,1.0,0.53430283,gigaGAN
1.0,0.0,0.49809346,gigaGAN
1.0,0.0,0.45609155,gigaGAN
1.0,0.0,0.46090505,gigaGAN
1.0,0.0,0.49403897,gigaGAN
1.0,0.0,0.4718926,gigaGAN
1.0,1.0,0.50836164,gigaGAN
1.0,1.0,0.54955804,gigaGAN
1.0,1.0,0.5244215,gigaGAN
1.0,1.0,0.54709834,gigaGAN
1.0,1.0,0.5190698,gigaGAN
1.0,0.0,0.47500962,gigaGAN
1.0,0.0,0.43015054,gigaGAN
1.0,0.0,0.48638737,gigaGAN
1.0,1.0,0.5032703,gigaGAN
1.0,1.0,0.53612894,gigaGAN
1.0,1.0,0.513097,gigaGAN
1.0,1.0,0.5340251,gigaGAN
1.0,0.0,0.47478157,gigaGAN
1.0,1.0,0.5277973,gigaGAN
1.0,1.0,0.53170556,gigaGAN
1.0,0.0,0.47499052,gigaGAN
1.0,1.0,0.5096947,gigaGAN
1.0,1.0,0.5203299,gigaGAN
1.0,0.0,0.49554053,gigaGAN
1.0,1.0,0.5533947,gigaGAN
1.0,0.0,0.47832412,gigaGAN
1.0,1.0,0.5255569,gigaGAN
1.0,0.0,0.47979626,gigaGAN
1.0,1.0,0.52813405,gigaGAN
1.0,1.0,0.5158663,gigaGAN
1.0,0.0,0.4815023,gigaGAN
1.0,0.0,0.496903,gigaGAN
1.0,0.0,0.4768318,gigaGAN
1.0,1.0,0.5196665,gigaGAN
1.0,0.0,0.47471204,gigaGAN
1.0,1.0,0.5229624,gigaGAN
1.0,1.0,0.5021677,gigaGAN
1.0,0.0,0.49477276,gigaGAN
1.0,0.0,0.46940488,gigaGAN
1.0,0.0,0.46019953,gigaGAN
1.0,0.0,0.49672827,gigaGAN
1.0,0.0,0.49931964,gigaGAN
1.0,0.0,0.48296693,gigaGAN
1.0,1.0,0.5268603,gigaGAN
1.0,0.0,0.47243667,gigaGAN
1.0,1.0,0.50777704,gigaGAN
1.0,1.0,0.53983325,gigaGAN
1.0,1.0,0.51697737,gigaGAN
1.0,0.0,0.48179352,gigaGAN
1.0,1.0,0.51368344,gigaGAN
1.0,0.0,0.46789172,gigaGAN
1.0,0.0,0.447972,gigaGAN
1.0,1.0,0.5407385,gigaGAN
1.0,1.0,0.507495,gigaGAN
1.0,0.0,0.47046736,gigaGAN
1.0,1.0,0.5210042,gigaGAN
1.0,1.0,0.5013133,gigaGAN
1.0,1.0,0.54845065,gigaGAN
1.0,1.0,0.5111584,gigaGAN
1.0,1.0,0.5739907,gigaGAN
1.0,0.0,0.4645115,gigaGAN
1.0,1.0,0.5176848,gigaGAN
1.0,1.0,0.51557624,gigaGAN
1.0,1.0,0.52118325,gigaGAN
1.0,0.0,0.44528365,gigaGAN
1.0,0.0,0.47755706,gigaGAN
1.0,0.0,0.49811292,gigaGAN
1.0,1.0,0.51365894,gigaGAN
1.0,1.0,0.51921046,gigaGAN
1.0,1.0,0.58552223,gigaGAN
1.0,1.0,0.55647415,gigaGAN
1.0,0.0,0.47651547,gigaGAN
1.0,1.0,0.55006355,gigaGAN
1.0,0.0,0.48804083,gigaGAN
1.0,0.0,0.47629085,gigaGAN
1.0,0.0,0.46231452,gigaGAN
1.0,0.0,0.45629516,gigaGAN
1.0,1.0,0.5239299,gigaGAN
1.0,0.0,0.48297438,gigaGAN
1.0,1.0,0.51074964,gigaGAN
1.0,0.0,0.49321526,gigaGAN
1.0,1.0,0.5094747,gigaGAN
1.0,0.0,0.4992626,gigaGAN
1.0,0.0,0.45100644,gigaGAN
1.0,0.0,0.49581894,gigaGAN
1.0,0.0,0.47407204,gigaGAN
1.0,1.0,0.50985736,gigaGAN
1.0,0.0,0.49818197,gigaGAN
1.0,0.0,0.41163638,gigaGAN
1.0,1.0,0.53509915,gigaGAN
1.0,0.0,0.49578995,gigaGAN
1.0,0.0,0.47253412,gigaGAN
1.0,1.0,0.54355294,gigaGAN
1.0,0.0,0.4615217,gigaGAN
1.0,1.0,0.52255404,gigaGAN
1.0,1.0,0.5317663,gigaGAN
1.0,1.0,0.5163282,gigaGAN
1.0,1.0,0.5065039,gigaGAN
1.0,0.0,0.48491406,gigaGAN
1.0,1.0,0.5016552,gigaGAN
1.0,1.0,0.57084256,gigaGAN
1.0,0.0,0.48142493,gigaGAN
1.0,1.0,0.53322417,gigaGAN
1.0,0.0,0.46163192,gigaGAN
1.0,0.0,0.46906027,gigaGAN
1.0,0.0,0.46087864,gigaGAN
1.0,0.0,0.45625332,gigaGAN
1.0,1.0,0.5399885,gigaGAN
1.0,0.0,0.4952817,gigaGAN
1.0,0.0,0.46887338,gigaGAN
1.0,0.0,0.45627776,gigaGAN
1.0,1.0,0.5134668,gigaGAN
1.0,0.0,0.4670504,gigaGAN
1.0,1.0,0.5251209,gigaGAN
1.0,0.0,0.48420537,gigaGAN
1.0,1.0,0.5300613,gigaGAN
1.0,0.0,0.4643393,gigaGAN
1.0,0.0,0.4963483,gigaGAN
1.0,0.0,0.49510655,gigaGAN
1.0,0.0,0.4750057,gigaGAN
1.0,1.0,0.51016283,gigaGAN
1.0,0.0,0.48281515,gigaGAN
1.0,1.0,0.5702967,gigaGAN
1.0,0.0,0.45860773,gigaGAN
1.0,1.0,0.5010807,gigaGAN
1.0,0.0,0.45180488,gigaGAN
1.0,1.0,0.50912476,gigaGAN
1.0,1.0,0.5599839,gigaGAN
1.0,0.0,0.4613658,gigaGAN
1.0,0.0,0.46458977,gigaGAN
1.0,0.0,0.48395306,gigaGAN
1.0,1.0,0.5418564,gigaGAN
1.0,0.0,0.47918084,gigaGAN
1.0,1.0,0.5361187,gigaGAN
1.0,0.0,0.48703325,gigaGAN
1.0,1.0,0.507501,gigaGAN
1.0,0.0,0.4979198,gigaGAN
1.0,0.0,0.47943252,gigaGAN
1.0,1.0,0.53902966,gigaGAN
1.0,1.0,0.5130366,gigaGAN
1.0,0.0,0.49771506,gigaGAN
1.0,0.0,0.43615025,gigaGAN
1.0,0.0,0.4552517,gigaGAN
1.0,0.0,0.4628164,gigaGAN
1.0,1.0,0.51146823,gigaGAN
1.0,1.0,0.53819764,gigaGAN
1.0,0.0,0.44045103,gigaGAN
1.0,1.0,0.5214114,gigaGAN
1.0,1.0,0.5008216,gigaGAN
1.0,1.0,0.5366095,gigaGAN
1.0,0.0,0.457246,gigaGAN
1.0,1.0,0.5147554,gigaGAN
1.0,0.0,0.47534236,gigaGAN
1.0,0.0,0.49736938,gigaGAN
1.0,0.0,0.46598533,gigaGAN
1.0,0.0,0.48406106,gigaGAN
1.0,0.0,0.4931821,gigaGAN
1.0,0.0,0.46708044,gigaGAN
1.0,0.0,0.46724847,gigaGAN
1.0,0.0,0.46806726,gigaGAN
1.0,1.0,0.50089014,gigaGAN
1.0,1.0,0.5208391,gigaGAN
1.0,0.0,0.4921978,gigaGAN
1.0,0.0,0.47900218,gigaGAN
1.0,0.0,0.4640356,gigaGAN
1.0,0.0,0.4759091,gigaGAN
1.0,0.0,0.48070577,gigaGAN
1.0,1.0,0.54284084,gigaGAN
1.0,0.0,0.49242583,gigaGAN
1.0,1.0,0.50322455,gigaGAN
1.0,0.0,0.47575212,gigaGAN
1.0,0.0,0.44011426,gigaGAN
1.0,1.0,0.5344476,gigaGAN
1.0,0.0,0.45296592,gigaGAN
1.0,1.0,0.5360443,gigaGAN
1.0,0.0,0.49272108,gigaGAN
1.0,0.0,0.48472527,gigaGAN
1.0,1.0,0.5141811,gigaGAN
1.0,1.0,0.5009795,gigaGAN
1.0,1.0,0.56994873,gigaGAN
1.0,0.0,0.49542397,gigaGAN
1.0,0.0,0.43877026,gigaGAN
1.0,1.0,0.5321383,gigaGAN
1.0,1.0,0.52234507,gigaGAN
1.0,1.0,0.5269184,gigaGAN
1.0,0.0,0.49428415,gigaGAN
1.0,1.0,0.5463333,gigaGAN
1.0,1.0,0.5591253,gigaGAN
1.0,1.0,0.55273736,gigaGAN
1.0,1.0,0.52435935,gigaGAN
1.0,1.0,0.5450407,gigaGAN
1.0,1.0,0.52902263,gigaGAN
1.0,0.0,0.4274983,gigaGAN
1.0,0.0,0.4658044,gigaGAN
1.0,1.0,0.52973384,gigaGAN
1.0,1.0,0.5858195,gigaGAN
1.0,1.0,0.5422008,gigaGAN
1.0,0.0,0.48100358,gigaGAN
1.0,1.0,0.51857823,gigaGAN
1.0,0.0,0.4647521,gigaGAN
1.0,1.0,0.5107549,gigaGAN
1.0,0.0,0.4754124,gigaGAN
1.0,0.0,0.46212003,gigaGAN
1.0,0.0,0.48394167,gigaGAN
1.0,0.0,0.45405248,gigaGAN
1.0,1.0,0.54563284,gigaGAN
1.0,1.0,0.5072046,gigaGAN
1.0,0.0,0.4960967,gigaGAN
1.0,0.0,0.48501164,gigaGAN
1.0,0.0,0.44897184,gigaGAN
1.0,1.0,0.5013458,gigaGAN
1.0,0.0,0.49527657,gigaGAN
1.0,1.0,0.545996,gigaGAN
1.0,1.0,0.5148726,gigaGAN
1.0,1.0,0.52836955,gigaGAN
1.0,1.0,0.5508321,gigaGAN
1.0,0.0,0.49571228,gigaGAN
1.0,1.0,0.5330372,gigaGAN
1.0,0.0,0.4860397,gigaGAN
1.0,1.0,0.51909536,gigaGAN
1.0,1.0,0.5073542,gigaGAN
1.0,1.0,0.53465444,gigaGAN
1.0,1.0,0.50783306,gigaGAN
1.0,0.0,0.48753458,gigaGAN
1.0,0.0,0.4698518,gigaGAN
1.0,0.0,0.48997018,gigaGAN
1.0,0.0,0.48808503,gigaGAN
1.0,0.0,0.47779992,gigaGAN
1.0,1.0,0.5469612,gigaGAN
1.0,0.0,0.49272573,gigaGAN
1.0,1.0,0.51497066,gigaGAN
1.0,1.0,0.50615245,gigaGAN
1.0,1.0,0.572763,gigaGAN
1.0,1.0,0.55505216,gigaGAN
1.0,0.0,0.46636364,gigaGAN
1.0,1.0,0.50879866,gigaGAN
1.0,0.0,0.4649393,gigaGAN
1.0,0.0,0.49475053,gigaGAN
1.0,0.0,0.48630637,gigaGAN
1.0,0.0,0.4472975,gigaGAN
1.0,1.0,0.5384367,gigaGAN
1.0,1.0,0.5017443,gigaGAN
1.0,1.0,0.58199084,gigaGAN
1.0,0.0,0.4974245,gigaGAN
1.0,1.0,0.5268445,gigaGAN
1.0,0.0,0.4095401,gigaGAN
1.0,0.0,0.49812576,gigaGAN
1.0,0.0,0.46985957,gigaGAN
1.0,0.0,0.46196616,gigaGAN
1.0,1.0,0.5448998,gigaGAN
1.0,1.0,0.5010553,gigaGAN
1.0,1.0,0.5287414,gigaGAN
1.0,1.0,0.5027767,gigaGAN
1.0,1.0,0.55125165,gigaGAN
1.0,1.0,0.5006369,gigaGAN
1.0,1.0,0.52757597,gigaGAN
1.0,1.0,0.54682404,gigaGAN
1.0,0.0,0.4938515,gigaGAN
1.0,1.0,0.5387842,gigaGAN
1.0,0.0,0.46905875,gigaGAN
1.0,0.0,0.46799588,gigaGAN
1.0,0.0,0.45846248,gigaGAN
1.0,1.0,0.5465082,gigaGAN
1.0,0.0,0.45729536,gigaGAN
1.0,1.0,0.50248253,gigaGAN
1.0,1.0,0.52895904,gigaGAN
1.0,1.0,0.5987075,gigaGAN
1.0,0.0,0.47687566,gigaGAN
1.0,1.0,0.55335885,gigaGAN
1.0,1.0,0.54284453,gigaGAN
1.0,0.0,0.47945172,gigaGAN
1.0,1.0,0.5345157,gigaGAN
1.0,1.0,0.5482878,gigaGAN
1.0,1.0,0.5394,gigaGAN
1.0,0.0,0.48234242,gigaGAN
1.0,0.0,0.4595867,gigaGAN
1.0,1.0,0.5259728,gigaGAN
1.0,1.0,0.51769114,gigaGAN
1.0,1.0,0.5146753,gigaGAN
1.0,1.0,0.5180732,gigaGAN
1.0,0.0,0.46564326,gigaGAN
1.0,0.0,0.45617735,gigaGAN
1.0,0.0,0.44981822,gigaGAN
1.0,1.0,0.5169035,gigaGAN
1.0,0.0,0.48611447,gigaGAN
1.0,1.0,0.504771,gigaGAN
1.0,1.0,0.5129616,gigaGAN
1.0,1.0,0.51844776,gigaGAN
1.0,0.0,0.4805766,gigaGAN
1.0,0.0,0.45539346,gigaGAN
1.0,0.0,0.4893551,gigaGAN
1.0,1.0,0.50494355,gigaGAN
1.0,1.0,0.50737214,gigaGAN
1.0,1.0,0.5231361,gigaGAN
1.0,0.0,0.48218018,gigaGAN
1.0,1.0,0.5240805,gigaGAN
1.0,1.0,0.53193444,gigaGAN
1.0,0.0,0.47217774,gigaGAN
1.0,0.0,0.47625852,gigaGAN
1.0,0.0,0.4944096,gigaGAN
1.0,1.0,0.5068865,gigaGAN
1.0,0.0,0.46288216,gigaGAN
1.0,0.0,0.46650952,gigaGAN
1.0,1.0,0.53388435,gigaGAN
1.0,0.0,0.49663123,gigaGAN
1.0,0.0,0.4704814,gigaGAN
1.0,1.0,0.5307745,gigaGAN
1.0,0.0,0.49903733,gigaGAN
1.0,0.0,0.47235247,gigaGAN
1.0,0.0,0.4956161,gigaGAN
1.0,0.0,0.48689026,gigaGAN
1.0,1.0,0.5430643,gigaGAN
1.0,1.0,0.56126416,gigaGAN
1.0,1.0,0.54748374,gigaGAN
1.0,0.0,0.47608584,gigaGAN
1.0,0.0,0.49389696,gigaGAN
1.0,1.0,0.5050607,gigaGAN
1.0,0.0,0.48016745,gigaGAN
1.0,1.0,0.5351778,gigaGAN
1.0,0.0,0.45909932,gigaGAN
1.0,1.0,0.52002394,gigaGAN
1.0,1.0,0.5071166,gigaGAN
1.0,1.0,0.5474469,gigaGAN
1.0,0.0,0.483116,gigaGAN
1.0,0.0,0.4874759,gigaGAN
1.0,0.0,0.464152,gigaGAN
1.0,0.0,0.48529783,gigaGAN
1.0,0.0,0.46205905,gigaGAN
1.0,0.0,0.49854726,gigaGAN
1.0,0.0,0.41973773,gigaGAN
1.0,0.0,0.47235557,gigaGAN
1.0,0.0,0.4835531,gigaGAN
1.0,1.0,0.5208684,gigaGAN
1.0,0.0,0.43559393,gigaGAN
1.0,1.0,0.52465814,gigaGAN
1.0,0.0,0.4438957,gigaGAN
1.0,1.0,0.5391398,gigaGAN
1.0,1.0,0.506923,gigaGAN
1.0,0.0,0.46707267,gigaGAN
1.0,0.0,0.49008748,gigaGAN
1.0,0.0,0.4560764,gigaGAN
1.0,0.0,0.43577972,gigaGAN
1.0,1.0,0.5024538,gigaGAN
1.0,0.0,0.46184617,gigaGAN
1.0,1.0,0.52675724,gigaGAN
1.0,1.0,0.53019315,gigaGAN
1.0,0.0,0.49274772,gigaGAN
1.0,1.0,0.5373339,gigaGAN
1.0,1.0,0.5325283,gigaGAN
1.0,1.0,0.53413546,gigaGAN
1.0,0.0,0.49310455,gigaGAN
1.0,0.0,0.47084075,gigaGAN
1.0,1.0,0.5129141,gigaGAN
1.0,0.0,0.47359765,gigaGAN
1.0,1.0,0.5296428,gigaGAN
1.0,0.0,0.48962134,gigaGAN
1.0,0.0,0.44985384,gigaGAN
1.0,1.0,0.54225606,gigaGAN
1.0,0.0,0.4746451,gigaGAN
1.0,1.0,0.5088543,gigaGAN
1.0,0.0,0.43796667,gigaGAN
1.0,1.0,0.5117441,gigaGAN
1.0,0.0,0.48140284,gigaGAN
1.0,1.0,0.53203684,gigaGAN
1.0,0.0,0.48012492,gigaGAN
1.0,1.0,0.5269701,gigaGAN
1.0,0.0,0.48291293,gigaGAN
1.0,1.0,0.5514535,gigaGAN
1.0,0.0,0.46303138,gigaGAN
1.0,0.0,0.46683258,gigaGAN
1.0,1.0,0.5111526,gigaGAN
1.0,1.0,0.5414774,gigaGAN
1.0,1.0,0.51626843,gigaGAN
1.0,0.0,0.49514443,gigaGAN
1.0,1.0,0.5032603,gigaGAN
1.0,0.0,0.41933334,gigaGAN
1.0,0.0,0.47901717,gigaGAN
1.0,0.0,0.49937102,gigaGAN
1.0,0.0,0.48944592,gigaGAN
1.0,0.0,0.49470478,gigaGAN
1.0,1.0,0.533381,gigaGAN
1.0,1.0,0.509502,gigaGAN
1.0,0.0,0.45706633,gigaGAN
1.0,1.0,0.50266063,gigaGAN
1.0,0.0,0.48160282,gigaGAN
1.0,0.0,0.49841148,gigaGAN
1.0,0.0,0.4879256,gigaGAN
1.0,0.0,0.439955,gigaGAN
1.0,0.0,0.48589692,gigaGAN
1.0,0.0,0.49295133,gigaGAN
1.0,1.0,0.50878227,gigaGAN
1.0,0.0,0.4470149,gigaGAN
1.0,0.0,0.46802768,gigaGAN
1.0,0.0,0.49144292,gigaGAN
1.0,0.0,0.49002966,gigaGAN
1.0,1.0,0.571201,gigaGAN
1.0,0.0,0.43043932,gigaGAN
1.0,0.0,0.45348427,gigaGAN
1.0,0.0,0.4975197,gigaGAN
1.0,1.0,0.5218084,gigaGAN
1.0,0.0,0.45191684,gigaGAN
1.0,1.0,0.5371727,gigaGAN
1.0,1.0,0.52521443,gigaGAN
1.0,0.0,0.46621582,gigaGAN
1.0,1.0,0.5089624,gigaGAN
1.0,0.0,0.4779091,gigaGAN
1.0,1.0,0.5406722,gigaGAN
1.0,0.0,0.48454142,gigaGAN
1.0,0.0,0.47171432,gigaGAN
1.0,0.0,0.49039966,gigaGAN
1.0,0.0,0.46167102,gigaGAN
1.0,1.0,0.50110763,gigaGAN
1.0,1.0,0.5079501,gigaGAN
1.0,0.0,0.46204913,gigaGAN
1.0,0.0,0.4088532,gigaGAN
1.0,0.0,0.48144737,gigaGAN
1.0,1.0,0.5070074,gigaGAN
1.0,0.0,0.49099624,gigaGAN
1.0,1.0,0.5428608,gigaGAN
1.0,1.0,0.54931605,gigaGAN
1.0,1.0,0.5103105,gigaGAN
1.0,0.0,0.49160305,gigaGAN
1.0,0.0,0.4939294,gigaGAN
1.0,0.0,0.46405977,gigaGAN
1.0,1.0,0.52793455,gigaGAN
1.0,0.0,0.4865592,gigaGAN
1.0,0.0,0.45851415,gigaGAN
1.0,1.0,0.5228883,gigaGAN
1.0,0.0,0.47988144,gigaGAN
1.0,1.0,0.54267234,gigaGAN
1.0,0.0,0.48478606,gigaGAN
1.0,0.0,0.4820738,gigaGAN
1.0,1.0,0.5152027,gigaGAN
1.0,1.0,0.5393992,gigaGAN
1.0,1.0,0.52435803,gigaGAN
1.0,0.0,0.49733317,gigaGAN
1.0,1.0,0.50978684,gigaGAN
1.0,1.0,0.5280873,gigaGAN
1.0,1.0,0.57252663,gigaGAN
1.0,1.0,0.55399334,gigaGAN
1.0,1.0,0.50119996,gigaGAN
1.0,1.0,0.5584984,gigaGAN
1.0,0.0,0.4681546,gigaGAN
1.0,0.0,0.49945366,gigaGAN
1.0,0.0,0.4761039,gigaGAN
1.0,1.0,0.50576216,gigaGAN
1.0,0.0,0.49611828,gigaGAN
1.0,0.0,0.4823048,gigaGAN
1.0,1.0,0.53630483,gigaGAN
1.0,1.0,0.5068836,gigaGAN
1.0,1.0,0.55940926,gigaGAN
1.0,0.0,0.4607422,gigaGAN
1.0,0.0,0.48640293,gigaGAN
1.0,1.0,0.51121384,gigaGAN
1.0,1.0,0.5759361,gigaGAN
1.0,1.0,0.5574593,gigaGAN
1.0,1.0,0.5047553,gigaGAN
1.0,1.0,0.5323949,gigaGAN
1.0,0.0,0.49923894,gigaGAN
1.0,0.0,0.46267363,gigaGAN
1.0,1.0,0.5200041,gigaGAN
1.0,1.0,0.5042638,gigaGAN
1.0,0.0,0.4781549,gigaGAN
1.0,1.0,0.5067903,gigaGAN
1.0,0.0,0.49967656,gigaGAN
1.0,1.0,0.5049801,gigaGAN
1.0,1.0,0.50370705,gigaGAN
1.0,1.0,0.5394402,gigaGAN
1.0,1.0,0.5275654,gigaGAN
1.0,0.0,0.48109302,gigaGAN
1.0,0.0,0.47254434,gigaGAN
1.0,0.0,0.4911745,gigaGAN
1.0,1.0,0.5159194,gigaGAN
1.0,1.0,0.5290073,gigaGAN
1.0,0.0,0.46445268,gigaGAN
1.0,1.0,0.5259505,gigaGAN
1.0,0.0,0.49663693,gigaGAN
1.0,1.0,0.5196609,gigaGAN
1.0,0.0,0.49559492,gigaGAN
1.0,0.0,0.44767025,gigaGAN
1.0,0.0,0.48674726,gigaGAN
1.0,1.0,0.52586526,gigaGAN
1.0,1.0,0.54083997,gigaGAN
1.0,1.0,0.55705845,gigaGAN
1.0,0.0,0.476725,gigaGAN
1.0,1.0,0.51760644,gigaGAN
1.0,0.0,0.4569388,gigaGAN
1.0,1.0,0.5659359,gigaGAN
1.0,1.0,0.50603545,gigaGAN
1.0,0.0,0.46700743,gigaGAN
1.0,0.0,0.49379638,gigaGAN
1.0,1.0,0.52521837,gigaGAN
1.0,0.0,0.48698935,gigaGAN
1.0,0.0,0.49649408,gigaGAN
1.0,1.0,0.5117278,gigaGAN
1.0,0.0,0.44184306,gigaGAN
1.0,0.0,0.4872186,gigaGAN
1.0,0.0,0.4871586,bigGAN
1.0,1.0,0.5088828,bigGAN
1.0,1.0,0.5504965,bigGAN
1.0,0.0,0.46455926,bigGAN
1.0,0.0,0.47545314,bigGAN
1.0,0.0,0.49606824,bigGAN
1.0,0.0,0.46218902,bigGAN
1.0,0.0,0.48645583,bigGAN
1.0,1.0,0.5055332,bigGAN
1.0,0.0,0.48968542,bigGAN
1.0,0.0,0.47006643,bigGAN
1.0,1.0,0.535358,bigGAN
1.0,1.0,0.5282377,bigGAN
1.0,0.0,0.46870813,bigGAN
1.0,1.0,0.5058102,bigGAN
1.0,0.0,0.46799895,bigGAN
1.0,0.0,0.47922537,bigGAN
1.0,1.0,0.52389765,bigGAN
1.0,0.0,0.46113935,bigGAN
1.0,1.0,0.50508475,bigGAN
1.0,1.0,0.5174758,bigGAN
1.0,1.0,0.51317227,bigGAN
1.0,1.0,0.5671574,bigGAN
1.0,0.0,0.4900813,bigGAN
1.0,0.0,0.4728199,bigGAN
1.0,0.0,0.44782326,bigGAN
1.0,1.0,0.50350994,bigGAN
1.0,0.0,0.4779409,bigGAN
1.0,1.0,0.5516734,bigGAN
1.0,0.0,0.4720583,bigGAN
1.0,1.0,0.51210344,bigGAN
1.0,1.0,0.5351603,bigGAN
1.0,0.0,0.47622073,bigGAN
1.0,0.0,0.46218073,bigGAN
1.0,0.0,0.49909025,bigGAN
1.0,1.0,0.5524428,bigGAN
1.0,0.0,0.46198902,bigGAN
1.0,1.0,0.5639259,bigGAN
1.0,0.0,0.4749176,bigGAN
1.0,1.0,0.530175,bigGAN
1.0,1.0,0.5426848,bigGAN
1.0,0.0,0.47813234,bigGAN
1.0,1.0,0.54372823,bigGAN
1.0,1.0,0.54264235,bigGAN
1.0,0.0,0.4854596,bigGAN
1.0,0.0,0.4868929,bigGAN
1.0,0.0,0.44572976,bigGAN
1.0,0.0,0.458746,bigGAN
1.0,1.0,0.50211126,bigGAN
1.0,1.0,0.5003553,bigGAN
1.0,0.0,0.48767683,bigGAN
1.0,0.0,0.4289204,bigGAN
1.0,1.0,0.5256859,bigGAN
1.0,0.0,0.49297538,bigGAN
1.0,1.0,0.53466535,bigGAN
1.0,0.0,0.45154393,bigGAN
1.0,0.0,0.47659317,bigGAN
1.0,1.0,0.56958765,bigGAN
1.0,0.0,0.45826638,bigGAN
1.0,1.0,0.52385736,bigGAN
1.0,1.0,0.50356627,bigGAN
1.0,0.0,0.45029885,bigGAN
1.0,1.0,0.5443543,bigGAN
1.0,1.0,0.5128606,bigGAN
1.0,0.0,0.4642682,bigGAN
1.0,0.0,0.45336613,bigGAN
1.0,0.0,0.4908063,bigGAN
1.0,1.0,0.5482701,bigGAN
1.0,0.0,0.46098027,bigGAN
1.0,0.0,0.4818497,bigGAN
1.0,1.0,0.5142256,bigGAN
1.0,0.0,0.48329514,bigGAN
1.0,1.0,0.5309173,bigGAN
1.0,1.0,0.5037939,bigGAN
1.0,0.0,0.44758844,bigGAN
1.0,1.0,0.5290278,bigGAN
1.0,1.0,0.5644168,bigGAN
1.0,0.0,0.4725511,bigGAN
1.0,0.0,0.49483365,bigGAN
1.0,0.0,0.45134723,bigGAN
1.0,1.0,0.50743294,bigGAN
1.0,0.0,0.47816285,bigGAN
1.0,0.0,0.49963114,bigGAN
1.0,0.0,0.49683902,bigGAN
1.0,0.0,0.48359996,bigGAN
1.0,1.0,0.52596635,bigGAN
1.0,0.0,0.47783142,bigGAN
1.0,0.0,0.49543446,bigGAN
1.0,0.0,0.47316852,bigGAN
1.0,0.0,0.47011575,bigGAN
1.0,0.0,0.4957205,bigGAN
1.0,1.0,0.51396394,bigGAN
1.0,0.0,0.43764862,bigGAN
1.0,0.0,0.49842238,bigGAN
1.0,0.0,0.49409783,bigGAN
1.0,0.0,0.48063648,bigGAN
1.0,0.0,0.4404017,bigGAN
1.0,0.0,0.45826536,bigGAN
1.0,1.0,0.582747,bigGAN
1.0,1.0,0.50256664,bigGAN
1.0,0.0,0.48235416,bigGAN
1.0,1.0,0.5467812,bigGAN
1.0,0.0,0.49195194,bigGAN
1.0,0.0,0.4928218,bigGAN
1.0,1.0,0.5015093,bigGAN
1.0,0.0,0.47995296,bigGAN
1.0,1.0,0.5311366,bigGAN
1.0,1.0,0.5176299,bigGAN
1.0,1.0,0.51060045,bigGAN
1.0,0.0,0.44276392,bigGAN
1.0,1.0,0.5442886,bigGAN
1.0,0.0,0.49487692,bigGAN
1.0,0.0,0.4783747,bigGAN
1.0,0.0,0.4603411,bigGAN
1.0,0.0,0.49508035,bigGAN
1.0,0.0,0.4546942,bigGAN
1.0,1.0,0.5088928,bigGAN
1.0,0.0,0.46147826,bigGAN
1.0,0.0,0.47106698,bigGAN
1.0,0.0,0.44975573,bigGAN
1.0,0.0,0.479614,bigGAN
1.0,1.0,0.5025697,bigGAN
1.0,0.0,0.46542966,bigGAN
1.0,1.0,0.544254,bigGAN
1.0,0.0,0.44064,bigGAN
1.0,0.0,0.45927298,bigGAN
1.0,0.0,0.49771842,bigGAN
1.0,1.0,0.5296367,bigGAN
1.0,0.0,0.4841078,bigGAN
1.0,1.0,0.56875896,bigGAN
1.0,1.0,0.5640326,bigGAN
1.0,0.0,0.48965707,bigGAN
1.0,0.0,0.48197272,bigGAN
1.0,0.0,0.4770304,bigGAN
1.0,1.0,0.50140667,bigGAN
1.0,1.0,0.51506805,bigGAN
1.0,0.0,0.4541515,bigGAN
1.0,0.0,0.41913843,bigGAN
1.0,1.0,0.5422672,bigGAN
1.0,0.0,0.49770308,bigGAN
1.0,1.0,0.52837247,bigGAN
1.0,0.0,0.48150074,bigGAN
1.0,0.0,0.48829266,bigGAN
1.0,0.0,0.4637487,bigGAN
1.0,1.0,0.5237737,bigGAN
1.0,0.0,0.482778,bigGAN
1.0,0.0,0.47937033,bigGAN
1.0,1.0,0.54011154,bigGAN
1.0,0.0,0.45096385,bigGAN
1.0,0.0,0.47173485,bigGAN
1.0,0.0,0.46426848,bigGAN
1.0,0.0,0.44057196,bigGAN
1.0,1.0,0.5616857,bigGAN
1.0,1.0,0.51180065,bigGAN
1.0,1.0,0.5022878,bigGAN
1.0,1.0,0.52014256,bigGAN
1.0,0.0,0.48402107,bigGAN
1.0,1.0,0.5557932,bigGAN
1.0,0.0,0.4770701,bigGAN
1.0,0.0,0.460033,bigGAN
1.0,1.0,0.54899234,bigGAN
1.0,1.0,0.56164914,bigGAN
1.0,0.0,0.47551525,bigGAN
1.0,0.0,0.47505748,bigGAN
1.0,1.0,0.52188164,bigGAN
1.0,1.0,0.5417235,bigGAN
1.0,1.0,0.53786457,bigGAN
1.0,0.0,0.47008824,bigGAN
1.0,1.0,0.50247896,bigGAN
1.0,1.0,0.554932,bigGAN
1.0,0.0,0.49749917,bigGAN
1.0,0.0,0.48216143,bigGAN
1.0,0.0,0.49364695,bigGAN
1.0,0.0,0.49935412,bigGAN
1.0,0.0,0.49735126,bigGAN
1.0,0.0,0.46100715,bigGAN
1.0,1.0,0.5144684,bigGAN
1.0,0.0,0.45516643,bigGAN
1.0,0.0,0.48064023,bigGAN
1.0,1.0,0.5011953,bigGAN
1.0,0.0,0.48300675,bigGAN
1.0,1.0,0.50239944,bigGAN
1.0,0.0,0.45819137,bigGAN
1.0,0.0,0.4534066,bigGAN
1.0,0.0,0.49683288,bigGAN
1.0,0.0,0.46541747,bigGAN
1.0,0.0,0.49735415,bigGAN
1.0,0.0,0.49060392,bigGAN
1.0,1.0,0.51141274,bigGAN
1.0,0.0,0.47179204,bigGAN
1.0,1.0,0.54732025,bigGAN
1.0,1.0,0.51352936,bigGAN
1.0,1.0,0.5423025,bigGAN
1.0,0.0,0.4947372,bigGAN
1.0,1.0,0.5127053,bigGAN
1.0,0.0,0.43446317,bigGAN
1.0,1.0,0.53417337,bigGAN
1.0,0.0,0.46828634,bigGAN
1.0,0.0,0.4494959,bigGAN
1.0,0.0,0.4698421,bigGAN
1.0,0.0,0.45105484,bigGAN
1.0,1.0,0.5463519,bigGAN
1.0,0.0,0.46138933,bigGAN
1.0,1.0,0.5748749,bigGAN
1.0,1.0,0.51005787,bigGAN
1.0,0.0,0.49601772,bigGAN
1.0,0.0,0.4745054,bigGAN
1.0,1.0,0.5140123,bigGAN
1.0,0.0,0.47114295,bigGAN
1.0,1.0,0.5363328,bigGAN
1.0,1.0,0.50558037,bigGAN
1.0,1.0,0.5255585,bigGAN
1.0,0.0,0.48926336,bigGAN
1.0,1.0,0.50891286,bigGAN
1.0,0.0,0.48896208,bigGAN
1.0,1.0,0.5586144,bigGAN
1.0,0.0,0.48416483,bigGAN
1.0,0.0,0.49108627,bigGAN
1.0,1.0,0.5392149,bigGAN
1.0,1.0,0.5128329,bigGAN
1.0,0.0,0.47716638,bigGAN
1.0,0.0,0.43576646,bigGAN
1.0,0.0,0.45397213,bigGAN
1.0,0.0,0.46760243,bigGAN
1.0,1.0,0.5362555,bigGAN
1.0,1.0,0.5387215,bigGAN
1.0,0.0,0.4741087,bigGAN
1.0,1.0,0.5128934,bigGAN
1.0,0.0,0.464521,bigGAN
1.0,0.0,0.458149,bigGAN
1.0,0.0,0.4924874,bigGAN
1.0,0.0,0.49992633,bigGAN
1.0,1.0,0.5312063,bigGAN
1.0,0.0,0.47696438,bigGAN
1.0,0.0,0.45990843,bigGAN
1.0,1.0,0.5395,bigGAN
1.0,1.0,0.5293674,bigGAN
1.0,0.0,0.4766779,bigGAN
1.0,1.0,0.50995773,bigGAN
1.0,0.0,0.49282685,bigGAN
1.0,1.0,0.57813394,bigGAN
1.0,0.0,0.4793848,bigGAN
1.0,0.0,0.45400667,bigGAN
1.0,1.0,0.5225125,bigGAN
1.0,1.0,0.5414904,bigGAN
1.0,0.0,0.4984206,bigGAN
1.0,0.0,0.46430892,bigGAN
1.0,0.0,0.46154,bigGAN
1.0,1.0,0.5216114,bigGAN
1.0,1.0,0.5234507,bigGAN
1.0,1.0,0.54791,bigGAN
1.0,0.0,0.49376354,bigGAN
1.0,0.0,0.47540647,bigGAN
1.0,1.0,0.5165761,bigGAN
1.0,1.0,0.50675225,bigGAN
1.0,1.0,0.50040144,bigGAN
1.0,0.0,0.46797848,bigGAN
1.0,0.0,0.4679361,bigGAN
1.0,0.0,0.44892755,bigGAN
1.0,1.0,0.5577502,bigGAN
1.0,0.0,0.44135192,bigGAN
1.0,0.0,0.48875377,bigGAN
1.0,1.0,0.55014956,bigGAN
1.0,0.0,0.49137855,bigGAN
1.0,1.0,0.5368846,bigGAN
1.0,0.0,0.48492137,bigGAN
1.0,0.0,0.47000492,bigGAN
1.0,0.0,0.48347926,bigGAN
1.0,1.0,0.51430327,bigGAN
1.0,0.0,0.43669122,bigGAN
1.0,1.0,0.5664974,bigGAN
1.0,0.0,0.47713035,bigGAN
1.0,0.0,0.4279826,bigGAN
1.0,0.0,0.45977637,bigGAN
1.0,0.0,0.49089947,bigGAN
1.0,1.0,0.5337683,bigGAN
1.0,0.0,0.479479,bigGAN
1.0,0.0,0.49028227,bigGAN
1.0,1.0,0.54755306,bigGAN
1.0,0.0,0.45907432,bigGAN
1.0,1.0,0.51868457,bigGAN
1.0,0.0,0.46215495,bigGAN
1.0,0.0,0.49324548,bigGAN
1.0,1.0,0.507665,bigGAN
1.0,0.0,0.49736765,bigGAN
1.0,0.0,0.46076104,bigGAN
1.0,0.0,0.49697676,bigGAN
1.0,0.0,0.48083907,bigGAN
1.0,1.0,0.51458544,bigGAN
1.0,1.0,0.5556693,bigGAN
1.0,1.0,0.5407979,bigGAN
1.0,0.0,0.49887133,bigGAN
1.0,0.0,0.47581202,bigGAN
1.0,0.0,0.49707335,bigGAN
1.0,0.0,0.4654124,bigGAN
1.0,1.0,0.5040679,bigGAN
1.0,0.0,0.4396811,bigGAN
1.0,0.0,0.4577908,bigGAN
1.0,0.0,0.47107407,bigGAN
1.0,1.0,0.57562095,bigGAN
1.0,0.0,0.46171296,bigGAN
1.0,1.0,0.5062723,bigGAN
1.0,0.0,0.46387628,bigGAN
1.0,1.0,0.5089136,bigGAN
1.0,0.0,0.48202524,bigGAN
1.0,0.0,0.4879274,bigGAN
1.0,0.0,0.46282944,bigGAN
1.0,0.0,0.48939133,bigGAN
1.0,0.0,0.46237424,bigGAN
1.0,0.0,0.46161234,bigGAN
1.0,1.0,0.5020551,bigGAN
1.0,0.0,0.43707007,bigGAN
1.0,0.0,0.46843278,bigGAN
1.0,1.0,0.5215126,bigGAN
1.0,0.0,0.42991742,bigGAN
1.0,1.0,0.50008494,bigGAN
1.0,1.0,0.51260316,bigGAN
1.0,0.0,0.453775,bigGAN
1.0,0.0,0.4823126,bigGAN
1.0,0.0,0.4677494,bigGAN
1.0,1.0,0.5536889,bigGAN
1.0,1.0,0.5102567,bigGAN
1.0,0.0,0.47519222,bigGAN
1.0,0.0,0.48325956,bigGAN
1.0,0.0,0.48500267,bigGAN
1.0,0.0,0.48538956,bigGAN
1.0,0.0,0.48951384,bigGAN
1.0,0.0,0.45415804,bigGAN
1.0,0.0,0.49534094,bigGAN
1.0,0.0,0.48041296,bigGAN
1.0,1.0,0.5027905,bigGAN
1.0,0.0,0.432371,bigGAN
1.0,0.0,0.4819159,bigGAN
1.0,0.0,0.4766215,bigGAN
1.0,1.0,0.5033312,bigGAN
1.0,0.0,0.4947872,bigGAN
1.0,0.0,0.4957307,bigGAN
1.0,1.0,0.50181794,bigGAN
1.0,0.0,0.445545,bigGAN
1.0,1.0,0.5104749,bigGAN
1.0,0.0,0.49159008,bigGAN
1.0,1.0,0.5522509,bigGAN
1.0,1.0,0.50087947,bigGAN
1.0,0.0,0.4704662,bigGAN
1.0,1.0,0.5281149,bigGAN
1.0,1.0,0.52350336,bigGAN
1.0,1.0,0.53331053,bigGAN
1.0,0.0,0.44694573,bigGAN
1.0,0.0,0.48224726,bigGAN
1.0,1.0,0.5626697,bigGAN
1.0,1.0,0.5354385,bigGAN
1.0,1.0,0.50809485,bigGAN
1.0,0.0,0.4803015,bigGAN
1.0,0.0,0.4226999,bigGAN
1.0,0.0,0.48605508,bigGAN
1.0,1.0,0.5065315,bigGAN
1.0,0.0,0.4671908,bigGAN
1.0,1.0,0.5177191,bigGAN
1.0,0.0,0.4973883,bigGAN
1.0,0.0,0.47730073,bigGAN
1.0,0.0,0.47646588,bigGAN
1.0,0.0,0.47941232,bigGAN
1.0,1.0,0.5247764,bigGAN
1.0,1.0,0.551495,bigGAN
1.0,0.0,0.49749953,bigGAN
1.0,0.0,0.47164944,bigGAN
1.0,1.0,0.5293611,bigGAN
1.0,1.0,0.53335303,bigGAN
1.0,0.0,0.4873822,bigGAN
1.0,0.0,0.4653381,bigGAN
1.0,0.0,0.47287884,bigGAN
1.0,0.0,0.46689713,bigGAN
1.0,0.0,0.46599454,bigGAN
1.0,0.0,0.45607924,bigGAN
1.0,0.0,0.49850565,bigGAN
1.0,0.0,0.49767143,bigGAN
1.0,1.0,0.5789249,bigGAN
1.0,1.0,0.56362444,bigGAN
1.0,1.0,0.50182134,bigGAN
1.0,1.0,0.51089376,bigGAN
1.0,0.0,0.47883272,bigGAN
1.0,0.0,0.47625375,bigGAN
1.0,0.0,0.46109322,bigGAN
1.0,1.0,0.56943774,bigGAN
1.0,0.0,0.47039148,bigGAN
1.0,1.0,0.5259743,bigGAN
1.0,0.0,0.49929497,bigGAN
1.0,1.0,0.51596254,bigGAN
1.0,0.0,0.46615213,bigGAN
1.0,0.0,0.46733087,bigGAN
1.0,0.0,0.49990663,bigGAN
1.0,0.0,0.44187668,bigGAN
1.0,0.0,0.44980657,bigGAN
1.0,0.0,0.4740294,bigGAN
1.0,0.0,0.4805749,bigGAN
1.0,1.0,0.573525,bigGAN
1.0,0.0,0.4864902,bigGAN
1.0,1.0,0.5227828,bigGAN
1.0,0.0,0.46673486,bigGAN
1.0,1.0,0.5025368,bigGAN
1.0,0.0,0.43781486,bigGAN
1.0,0.0,0.4719583,bigGAN
1.0,0.0,0.465232,bigGAN
1.0,0.0,0.43976402,bigGAN
1.0,0.0,0.46340764,bigGAN
1.0,0.0,0.4997361,bigGAN
1.0,1.0,0.5245559,bigGAN
1.0,0.0,0.48274308,bigGAN
1.0,1.0,0.56960166,bigGAN
1.0,0.0,0.47779155,bigGAN
1.0,1.0,0.50517744,bigGAN
1.0,1.0,0.543861,bigGAN
1.0,0.0,0.49675646,bigGAN
1.0,1.0,0.51063114,bigGAN
1.0,0.0,0.45053294,bigGAN
1.0,0.0,0.4966304,bigGAN
1.0,1.0,0.5002844,bigGAN
1.0,0.0,0.47384936,bigGAN
1.0,0.0,0.49310878,bigGAN
1.0,0.0,0.45708606,bigGAN
1.0,0.0,0.46505335,bigGAN
1.0,0.0,0.46738076,bigGAN
1.0,0.0,0.4764508,bigGAN
1.0,1.0,0.5136893,bigGAN
1.0,0.0,0.46821764,bigGAN
1.0,0.0,0.46773916,bigGAN
1.0,1.0,0.5285686,bigGAN
1.0,0.0,0.47008812,bigGAN
1.0,1.0,0.5464302,bigGAN
1.0,0.0,0.4408267,bigGAN
1.0,1.0,0.55322355,bigGAN
1.0,1.0,0.51114917,bigGAN
1.0,0.0,0.48276624,bigGAN
1.0,0.0,0.48242864,bigGAN
1.0,1.0,0.5872626,bigGAN
1.0,0.0,0.47139627,bigGAN
1.0,0.0,0.47864923,bigGAN
1.0,0.0,0.4662058,bigGAN
1.0,0.0,0.46268344,bigGAN
1.0,0.0,0.46875626,bigGAN
1.0,0.0,0.49011165,bigGAN
1.0,1.0,0.5124813,bigGAN
1.0,0.0,0.46368137,bigGAN
1.0,0.0,0.4847024,bigGAN
1.0,0.0,0.46251583,bigGAN
1.0,0.0,0.48002437,bigGAN
1.0,0.0,0.47774735,bigGAN
1.0,0.0,0.43842247,bigGAN
1.0,1.0,0.51117,bigGAN
1.0,0.0,0.4607867,bigGAN
1.0,0.0,0.4903722,bigGAN
1.0,1.0,0.55823845,bigGAN
1.0,1.0,0.56005484,bigGAN
1.0,0.0,0.4765308,bigGAN
1.0,0.0,0.4396765,bigGAN
1.0,1.0,0.50475425,bigGAN
1.0,0.0,0.4696116,bigGAN
1.0,1.0,0.5318138,bigGAN
1.0,0.0,0.48103842,bigGAN
1.0,0.0,0.43985137,bigGAN
1.0,1.0,0.5611493,bigGAN
1.0,0.0,0.4809687,bigGAN
1.0,0.0,0.46010345,bigGAN
1.0,0.0,0.45290267,bigGAN
1.0,1.0,0.5171247,bigGAN
1.0,0.0,0.495261,bigGAN
1.0,0.0,0.49629745,bigGAN
1.0,1.0,0.51188314,bigGAN
1.0,0.0,0.47265914,bigGAN
1.0,0.0,0.45988542,bigGAN
1.0,1.0,0.54675776,bigGAN
1.0,0.0,0.46186692,bigGAN
1.0,0.0,0.4791781,bigGAN
1.0,0.0,0.4869378,bigGAN
1.0,0.0,0.49270067,bigGAN
1.0,0.0,0.48918465,bigGAN
1.0,1.0,0.524593,bigGAN
1.0,0.0,0.4625419,bigGAN
1.0,1.0,0.5085412,bigGAN
1.0,0.0,0.45330468,bigGAN
1.0,0.0,0.4588933,bigGAN
1.0,0.0,0.4659965,bigGAN
1.0,1.0,0.53896755,bigGAN
1.0,0.0,0.4768813,bigGAN
1.0,0.0,0.46286133,bigGAN
1.0,1.0,0.5780056,bigGAN
1.0,0.0,0.48101014,bigGAN
1.0,0.0,0.4555414,bigGAN
1.0,0.0,0.4921937,bigGAN
1.0,1.0,0.53648984,bigGAN
1.0,0.0,0.49938136,bigGAN
1.0,0.0,0.49483785,bigGAN
1.0,1.0,0.52514595,bigGAN
1.0,1.0,0.5138069,bigGAN
1.0,1.0,0.5126743,bigGAN
1.0,1.0,0.51266307,bigGAN
1.0,1.0,0.52244604,bigGAN
1.0,0.0,0.47223076,bigGAN
1.0,1.0,0.58229166,bigGAN
1.0,0.0,0.49010473,bigGAN
1.0,0.0,0.4727485,bigGAN
1.0,0.0,0.49209362,bigGAN
1.0,1.0,0.5519916,bigGAN
1.0,0.0,0.49059698,bigGAN
1.0,1.0,0.51437354,bigGAN
1.0,0.0,0.45807368,bigGAN
1.0,0.0,0.43860304,bigGAN
1.0,0.0,0.45767924,bigGAN
1.0,0.0,0.4622502,bigGAN
1.0,1.0,0.5015745,bigGAN
1.0,1.0,0.51025355,bigGAN
1.0,0.0,0.45555323,bigGAN
1.0,1.0,0.5032476,bigGAN
1.0,0.0,0.46304974,bigGAN
1.0,0.0,0.46144944,bigGAN
1.0,0.0,0.44932166,bigGAN
1.0,0.0,0.4422648,bigGAN
1.0,0.0,0.47572762,bigGAN
1.0,0.0,0.49256948,bigGAN
1.0,0.0,0.48299578,bigGAN
1.0,1.0,0.53550327,bigGAN
1.0,0.0,0.4713342,bigGAN
1.0,0.0,0.45235246,bigGAN
1.0,1.0,0.5026255,bigGAN
1.0,0.0,0.47987443,bigGAN
1.0,0.0,0.47828096,bigGAN
1.0,0.0,0.48012108,bigGAN
1.0,1.0,0.53579396,bigGAN
1.0,0.0,0.44512704,bigGAN
1.0,1.0,0.5185809,bigGAN
1.0,0.0,0.43524954,bigGAN
1.0,0.0,0.49565968,bigGAN
1.0,0.0,0.48039982,bigGAN
1.0,0.0,0.46225703,bigGAN
1.0,0.0,0.4527959,bigGAN
1.0,0.0,0.480211,bigGAN
1.0,0.0,0.4631102,bigGAN
1.0,1.0,0.50534695,bigGAN
1.0,1.0,0.51950914,bigGAN
1.0,0.0,0.47465822,bigGAN
1.0,1.0,0.51276255,bigGAN
1.0,0.0,0.48705113,bigGAN
1.0,0.0,0.4655461,bigGAN
1.0,1.0,0.52138764,bigGAN
1.0,0.0,0.47870958,bigGAN
1.0,0.0,0.4774176,bigGAN
1.0,0.0,0.48051116,bigGAN
1.0,0.0,0.4795653,bigGAN
1.0,0.0,0.49721137,bigGAN
1.0,1.0,0.5056238,bigGAN
1.0,1.0,0.5004245,bigGAN
1.0,1.0,0.5009723,bigGAN
1.0,0.0,0.4807127,bigGAN
1.0,1.0,0.5339069,bigGAN
1.0,0.0,0.46261775,bigGAN
1.0,0.0,0.45342574,bigGAN
1.0,0.0,0.44181946,bigGAN
1.0,0.0,0.4686678,bigGAN
1.0,1.0,0.53063834,bigGAN
1.0,1.0,0.52859277,bigGAN
1.0,1.0,0.50167257,bigGAN
1.0,0.0,0.49125606,bigGAN
1.0,1.0,0.5100938,bigGAN
1.0,0.0,0.45097753,bigGAN
1.0,0.0,0.47453514,bigGAN
1.0,0.0,0.46242043,bigGAN
1.0,0.0,0.47143942,bigGAN
1.0,0.0,0.4323626,bigGAN
1.0,0.0,0.43652388,bigGAN
1.0,0.0,0.45001292,bigGAN
1.0,1.0,0.5037069,bigGAN
1.0,0.0,0.48005226,bigGAN
1.0,0.0,0.46916252,bigGAN
1.0,1.0,0.50441927,bigGAN
1.0,0.0,0.46314418,bigGAN
1.0,0.0,0.46670792,bigGAN
1.0,0.0,0.497545,bigGAN
1.0,0.0,0.48669934,bigGAN
1.0,1.0,0.5102835,bigGAN
1.0,0.0,0.49916008,bigGAN
1.0,0.0,0.43638092,bigGAN
1.0,1.0,0.5056988,bigGAN
1.0,1.0,0.54129934,bigGAN
1.0,0.0,0.45060137,bigGAN
1.0,0.0,0.43994918,bigGAN
1.0,0.0,0.4945405,bigGAN
1.0,0.0,0.4637201,bigGAN
1.0,0.0,0.45750666,bigGAN
1.0,0.0,0.48777223,bigGAN
1.0,0.0,0.49206465,bigGAN
1.0,0.0,0.43293196,bigGAN
1.0,1.0,0.5215993,bigGAN
1.0,0.0,0.49863538,bigGAN
1.0,0.0,0.4978647,bigGAN
1.0,1.0,0.51205117,bigGAN
1.0,0.0,0.49624613,bigGAN
1.0,0.0,0.41996443,bigGAN
1.0,0.0,0.4925557,bigGAN
1.0,0.0,0.46290892,bigGAN
1.0,0.0,0.46538112,bigGAN
1.0,0.0,0.477329,bigGAN
1.0,0.0,0.46181148,bigGAN
1.0,0.0,0.49939474,bigGAN
1.0,0.0,0.4755822,bigGAN
1.0,0.0,0.465288,bigGAN
1.0,0.0,0.4817429,bigGAN
1.0,0.0,0.47787553,bigGAN
1.0,1.0,0.50200397,bigGAN
1.0,0.0,0.46710345,bigGAN
1.0,0.0,0.46202773,bigGAN
1.0,0.0,0.4875135,bigGAN
1.0,0.0,0.44287574,bigGAN
1.0,1.0,0.5302276,bigGAN
1.0,0.0,0.46858495,bigGAN
1.0,0.0,0.4879889,bigGAN
1.0,1.0,0.50699943,bigGAN
1.0,0.0,0.492136,bigGAN
1.0,0.0,0.4728022,bigGAN
1.0,0.0,0.48921508,bigGAN
1.0,0.0,0.4961021,bigGAN
1.0,1.0,0.50916743,bigGAN
1.0,1.0,0.5165816,bigGAN
1.0,1.0,0.5210773,bigGAN
1.0,0.0,0.47186074,bigGAN
1.0,0.0,0.4463086,bigGAN
1.0,1.0,0.5498117,bigGAN
1.0,1.0,0.50471354,bigGAN
1.0,0.0,0.49139714,bigGAN
1.0,0.0,0.47605062,bigGAN
1.0,0.0,0.47627735,bigGAN
1.0,1.0,0.5011287,bigGAN
1.0,0.0,0.4730986,bigGAN
1.0,0.0,0.48965752,bigGAN
1.0,0.0,0.4966811,bigGAN
1.0,1.0,0.51122934,bigGAN
1.0,0.0,0.4691344,bigGAN
1.0,0.0,0.41573372,bigGAN
1.0,1.0,0.5146701,bigGAN
1.0,0.0,0.44686204,bigGAN
1.0,0.0,0.48390135,bigGAN
1.0,1.0,0.5082692,bigGAN
1.0,0.0,0.4850561,bigGAN
1.0,1.0,0.5563939,bigGAN
1.0,1.0,0.5023106,bigGAN
1.0,0.0,0.42650443,bigGAN
1.0,0.0,0.4556621,bigGAN
1.0,0.0,0.44684064,bigGAN
1.0,0.0,0.46783793,bigGAN
1.0,1.0,0.502573,bigGAN
1.0,0.0,0.49568295,bigGAN
1.0,0.0,0.4991826,bigGAN
1.0,0.0,0.47474396,bigGAN
1.0,0.0,0.47919148,bigGAN
1.0,1.0,0.5180378,bigGAN
1.0,1.0,0.5092085,bigGAN
1.0,0.0,0.44024473,bigGAN
1.0,0.0,0.46295676,bigGAN
1.0,1.0,0.5653097,bigGAN
1.0,1.0,0.53603727,bigGAN
1.0,1.0,0.51640576,bigGAN
1.0,1.0,0.51590943,bigGAN
1.0,1.0,0.52967477,bigGAN
1.0,0.0,0.46094617,bigGAN
1.0,1.0,0.5290966,bigGAN
1.0,0.0,0.4538132,bigGAN
1.0,0.0,0.4833679,bigGAN
1.0,0.0,0.45476165,bigGAN
1.0,0.0,0.47578743,bigGAN
1.0,0.0,0.46641353,bigGAN
1.0,0.0,0.4681546,bigGAN
1.0,0.0,0.4650283,bigGAN
1.0,0.0,0.4699514,bigGAN
1.0,0.0,0.45043448,bigGAN
1.0,0.0,0.43678206,bigGAN
1.0,0.0,0.47778043,bigGAN
1.0,1.0,0.54132366,bigGAN
1.0,0.0,0.46129075,bigGAN
1.0,1.0,0.5502117,bigGAN
1.0,1.0,0.5231437,bigGAN
1.0,0.0,0.47275743,bigGAN
1.0,0.0,0.49790972,bigGAN
1.0,0.0,0.44517794,bigGAN
1.0,1.0,0.51784855,bigGAN
1.0,0.0,0.49662223,bigGAN
1.0,0.0,0.45723292,bigGAN
1.0,0.0,0.44188395,bigGAN
1.0,0.0,0.46088842,bigGAN
1.0,1.0,0.5400008,bigGAN
1.0,1.0,0.5078724,bigGAN
1.0,0.0,0.47095546,bigGAN
1.0,1.0,0.581149,bigGAN
1.0,0.0,0.47708628,bigGAN
1.0,0.0,0.43152145,bigGAN
1.0,1.0,0.525805,bigGAN
1.0,0.0,0.4700205,bigGAN
1.0,0.0,0.49127683,bigGAN
1.0,1.0,0.517655,bigGAN
1.0,0.0,0.46209255,bigGAN
1.0,0.0,0.46612892,bigGAN
1.0,0.0,0.47376123,bigGAN
1.0,0.0,0.4681845,bigGAN
1.0,0.0,0.47369254,bigGAN
1.0,1.0,0.5767229,bigGAN
1.0,1.0,0.50482655,bigGAN
1.0,0.0,0.45070568,bigGAN
1.0,0.0,0.42477122,bigGAN
1.0,0.0,0.45250982,bigGAN
1.0,0.0,0.48681584,bigGAN
1.0,1.0,0.5500402,bigGAN
1.0,0.0,0.47868228,bigGAN
1.0,0.0,0.4493326,bigGAN
1.0,0.0,0.49150994,bigGAN
1.0,1.0,0.5070947,bigGAN
1.0,0.0,0.46637636,bigGAN
1.0,0.0,0.4848515,bigGAN
1.0,1.0,0.5396157,bigGAN
1.0,1.0,0.51145494,bigGAN
1.0,1.0,0.5251133,bigGAN
1.0,0.0,0.4985996,bigGAN
1.0,0.0,0.4703823,bigGAN
1.0,0.0,0.47630325,bigGAN
1.0,0.0,0.46742728,bigGAN
1.0,0.0,0.4980601,bigGAN
1.0,0.0,0.44562986,bigGAN
1.0,0.0,0.46314263,bigGAN
1.0,0.0,0.46076417,bigGAN
1.0,1.0,0.5137853,bigGAN
1.0,0.0,0.47880483,bigGAN
1.0,1.0,0.5540579,bigGAN
1.0,0.0,0.49195766,bigGAN
1.0,0.0,0.45366192,bigGAN
1.0,0.0,0.45463875,bigGAN
1.0,0.0,0.4623508,bigGAN
1.0,0.0,0.4876431,bigGAN
1.0,0.0,0.4488571,bigGAN
1.0,1.0,0.50211364,bigGAN
1.0,0.0,0.43865278,bigGAN
1.0,1.0,0.5331958,bigGAN
1.0,1.0,0.5169038,bigGAN
1.0,0.0,0.46094602,bigGAN
1.0,0.0,0.44026193,bigGAN
1.0,1.0,0.5025153,bigGAN
1.0,0.0,0.49516565,bigGAN
1.0,0.0,0.48510104,bigGAN
1.0,0.0,0.49161226,bigGAN
1.0,0.0,0.45867682,bigGAN
1.0,0.0,0.47661462,bigGAN
1.0,0.0,0.44635555,bigGAN
1.0,1.0,0.5220897,bigGAN
1.0,0.0,0.47125486,bigGAN
1.0,0.0,0.461019,bigGAN
1.0,1.0,0.5324936,bigGAN
1.0,0.0,0.4253531,bigGAN
1.0,0.0,0.48754558,bigGAN
1.0,1.0,0.50205445,bigGAN
1.0,0.0,0.48692694,bigGAN
1.0,0.0,0.4620343,bigGAN
1.0,0.0,0.47461873,bigGAN
1.0,0.0,0.47292814,bigGAN
1.0,1.0,0.5143426,bigGAN
1.0,0.0,0.46216244,bigGAN
1.0,1.0,0.5804698,bigGAN
1.0,0.0,0.4317225,bigGAN
1.0,0.0,0.48748213,bigGAN
1.0,1.0,0.5569093,bigGAN
1.0,0.0,0.49450234,bigGAN
1.0,0.0,0.46411866,bigGAN
1.0,0.0,0.48501393,bigGAN
1.0,0.0,0.47766915,bigGAN
1.0,0.0,0.46927637,bigGAN
1.0,0.0,0.46871504,bigGAN
1.0,0.0,0.4674167,bigGAN
1.0,0.0,0.4650171,bigGAN
1.0,0.0,0.48845938,bigGAN
1.0,0.0,0.49288842,bigGAN
1.0,1.0,0.5283863,bigGAN
1.0,0.0,0.47314772,bigGAN
1.0,1.0,0.5011317,bigGAN
1.0,0.0,0.4448245,bigGAN
1.0,0.0,0.45329306,bigGAN
1.0,0.0,0.45267063,bigGAN
1.0,0.0,0.44880766,bigGAN
1.0,0.0,0.4452914,bigGAN
1.0,0.0,0.463164,bigGAN
1.0,0.0,0.48961997,bigGAN
1.0,0.0,0.48484564,bigGAN
1.0,0.0,0.46282873,bigGAN
1.0,0.0,0.4573546,bigGAN
1.0,0.0,0.46409118,bigGAN
1.0,0.0,0.47335264,bigGAN
1.0,1.0,0.50036055,bigGAN
1.0,0.0,0.48333842,bigGAN
1.0,1.0,0.50362474,bigGAN
1.0,0.0,0.4570712,bigGAN
1.0,0.0,0.44111526,bigGAN
1.0,1.0,0.5430756,bigGAN
1.0,1.0,0.5092533,bigGAN
1.0,0.0,0.4839541,bigGAN
1.0,0.0,0.49004295,bigGAN
1.0,0.0,0.45148385,bigGAN
1.0,1.0,0.50464344,bigGAN
1.0,0.0,0.47321567,bigGAN
1.0,0.0,0.49819118,bigGAN
1.0,0.0,0.49105498,bigGAN
1.0,0.0,0.472794,bigGAN
1.0,0.0,0.46818393,bigGAN
1.0,1.0,0.51351583,bigGAN
1.0,0.0,0.46561173,bigGAN
1.0,1.0,0.5758842,bigGAN
1.0,0.0,0.49304754,bigGAN
1.0,0.0,0.49035454,bigGAN
1.0,0.0,0.4961347,bigGAN
1.0,0.0,0.49282727,bigGAN
1.0,0.0,0.4636746,bigGAN
1.0,0.0,0.45781988,bigGAN
1.0,1.0,0.55112076,bigGAN
1.0,0.0,0.47812077,bigGAN
1.0,0.0,0.47602135,bigGAN
1.0,0.0,0.44425035,bigGAN
1.0,0.0,0.46404406,bigGAN
1.0,0.0,0.42732185,bigGAN
1.0,0.0,0.46131787,bigGAN
1.0,0.0,0.4915838,bigGAN
1.0,0.0,0.440809,bigGAN
1.0,1.0,0.5068956,bigGAN
1.0,0.0,0.46254185,bigGAN
1.0,0.0,0.4884339,bigGAN
1.0,0.0,0.45320094,bigGAN
1.0,1.0,0.50584835,bigGAN
1.0,0.0,0.39217606,bigGAN
1.0,0.0,0.45831615,bigGAN
1.0,1.0,0.5126804,bigGAN
1.0,0.0,0.4523339,bigGAN
1.0,0.0,0.4599301,bigGAN
1.0,0.0,0.4536028,bigGAN
1.0,0.0,0.440756,bigGAN
1.0,0.0,0.43768507,bigGAN
1.0,0.0,0.44487768,bigGAN
1.0,0.0,0.46136305,bigGAN
1.0,0.0,0.462414,bigGAN
1.0,1.0,0.5063984,bigGAN
1.0,0.0,0.4841458,bigGAN
1.0,0.0,0.44501758,bigGAN
1.0,1.0,0.50751996,bigGAN
1.0,0.0,0.47282502,bigGAN
1.0,0.0,0.42926845,bigGAN
1.0,0.0,0.48650047,bigGAN
1.0,0.0,0.4985391,bigGAN
1.0,0.0,0.47558543,bigGAN
1.0,0.0,0.45941508,bigGAN
1.0,1.0,0.5201575,bigGAN
1.0,1.0,0.5110991,bigGAN
1.0,0.0,0.49311355,bigGAN
1.0,0.0,0.47722438,bigGAN
1.0,0.0,0.48474908,bigGAN
1.0,0.0,0.42375723,bigGAN
1.0,0.0,0.4900291,bigGAN
1.0,1.0,0.52126247,bigGAN
1.0,0.0,0.4947747,bigGAN
1.0,0.0,0.4363865,bigGAN
1.0,0.0,0.47414556,bigGAN
1.0,0.0,0.44939646,bigGAN
1.0,0.0,0.47219026,bigGAN
1.0,0.0,0.4550806,bigGAN
1.0,1.0,0.52212435,bigGAN
1.0,1.0,0.52927715,bigGAN
1.0,1.0,0.5052375,bigGAN
1.0,0.0,0.45797458,bigGAN
1.0,0.0,0.48349828,bigGAN
1.0,1.0,0.54981256,bigGAN
1.0,0.0,0.4767599,bigGAN
1.0,1.0,0.5245361,bigGAN
1.0,0.0,0.4197616,bigGAN
1.0,0.0,0.4878941,bigGAN
1.0,0.0,0.49061626,bigGAN
1.0,0.0,0.46705943,bigGAN
1.0,0.0,0.4467296,bigGAN
1.0,1.0,0.58822036,bigGAN
1.0,1.0,0.5039926,bigGAN
1.0,0.0,0.48437008,bigGAN
1.0,0.0,0.49664956,bigGAN
1.0,0.0,0.43626273,bigGAN
1.0,1.0,0.5135124,bigGAN
1.0,1.0,0.54239285,bigGAN
1.0,1.0,0.51793,bigGAN
1.0,0.0,0.49306363,bigGAN
1.0,0.0,0.46404704,bigGAN
1.0,0.0,0.4797169,bigGAN
1.0,1.0,0.50619245,bigGAN
1.0,0.0,0.42970353,bigGAN
1.0,0.0,0.4897549,bigGAN
1.0,0.0,0.46752444,bigGAN
1.0,0.0,0.45359692,bigGAN
1.0,0.0,0.4792841,bigGAN
1.0,0.0,0.46213755,bigGAN
1.0,0.0,0.48537162,bigGAN
1.0,0.0,0.49458835,bigGAN
1.0,0.0,0.44870365,bigGAN
1.0,0.0,0.45323658,bigGAN
1.0,0.0,0.39180464,bigGAN
1.0,0.0,0.4590742,bigGAN
1.0,0.0,0.45518273,bigGAN
1.0,1.0,0.51920205,bigGAN
1.0,0.0,0.49454513,bigGAN
1.0,0.0,0.48039,bigGAN
1.0,0.0,0.45293587,bigGAN
1.0,0.0,0.46742097,bigGAN
1.0,0.0,0.48830733,bigGAN
1.0,0.0,0.47529602,bigGAN
1.0,0.0,0.43329427,bigGAN
1.0,0.0,0.4808988,bigGAN
1.0,0.0,0.49559256,bigGAN
1.0,0.0,0.4478886,bigGAN
1.0,0.0,0.4788655,bigGAN
1.0,1.0,0.5247967,bigGAN
1.0,0.0,0.48339942,bigGAN
1.0,0.0,0.49955383,bigGAN
1.0,1.0,0.5050984,bigGAN
1.0,0.0,0.45103666,bigGAN
1.0,1.0,0.51294094,bigGAN
1.0,0.0,0.42872638,bigGAN
1.0,1.0,0.56369257,bigGAN
1.0,0.0,0.4938586,bigGAN
1.0,0.0,0.4898686,bigGAN
1.0,0.0,0.4233073,bigGAN
1.0,0.0,0.48400906,bigGAN
1.0,0.0,0.49281463,bigGAN
1.0,0.0,0.4592986,bigGAN
1.0,0.0,0.44878724,bigGAN
1.0,0.0,0.4437721,bigGAN
1.0,1.0,0.53762513,bigGAN
1.0,0.0,0.48023,bigGAN
1.0,0.0,0.4611321,bigGAN
1.0,1.0,0.52547807,bigGAN
1.0,0.0,0.48504895,bigGAN
1.0,0.0,0.45728177,bigGAN
1.0,0.0,0.42902127,bigGAN
1.0,1.0,0.51354665,bigGAN
1.0,0.0,0.48061433,bigGAN
1.0,0.0,0.43591687,bigGAN
1.0,0.0,0.47491854,bigGAN
1.0,0.0,0.49539578,bigGAN
1.0,0.0,0.46420255,bigGAN
1.0,1.0,0.5058793,bigGAN
1.0,0.0,0.45932382,bigGAN
1.0,1.0,0.5324507,bigGAN
1.0,1.0,0.5278395,bigGAN
1.0,0.0,0.48891205,bigGAN
1.0,1.0,0.50119376,bigGAN
1.0,0.0,0.47914654,bigGAN
1.0,0.0,0.48084685,bigGAN
1.0,0.0,0.4662471,bigGAN
1.0,0.0,0.46514392,bigGAN
1.0,0.0,0.47797856,bigGAN
1.0,0.0,0.48373896,bigGAN
1.0,0.0,0.46011183,bigGAN
1.0,0.0,0.4227493,bigGAN
1.0,0.0,0.43369308,bigGAN
1.0,0.0,0.4790978,bigGAN
1.0,0.0,0.4749515,bigGAN
1.0,0.0,0.46812433,bigGAN
1.0,0.0,0.43217388,bigGAN
1.0,0.0,0.44537246,bigGAN
1.0,0.0,0.47237387,bigGAN
1.0,0.0,0.4654549,bigGAN
1.0,1.0,0.54123336,bigGAN
1.0,0.0,0.46332785,bigGAN
1.0,0.0,0.45626137,bigGAN
1.0,0.0,0.45678192,bigGAN
1.0,0.0,0.46805713,bigGAN
1.0,1.0,0.5018613,bigGAN
1.0,1.0,0.54246056,bigGAN
1.0,1.0,0.5185772,bigGAN
1.0,0.0,0.46795478,bigGAN
1.0,1.0,0.51300335,bigGAN
1.0,0.0,0.45582932,bigGAN
1.0,0.0,0.47026384,bigGAN
1.0,0.0,0.47543034,bigGAN
1.0,0.0,0.461602,bigGAN
1.0,0.0,0.49590757,bigGAN
1.0,0.0,0.49300817,bigGAN
1.0,0.0,0.47927213,bigGAN
1.0,0.0,0.4660911,bigGAN
1.0,0.0,0.41421673,bigGAN
1.0,0.0,0.48396635,bigGAN
1.0,0.0,0.4519586,bigGAN
1.0,0.0,0.49915588,bigGAN
1.0,1.0,0.515825,bigGAN
1.0,0.0,0.446368,bigGAN
1.0,0.0,0.45590147,bigGAN
1.0,0.0,0.48325306,bigGAN
1.0,0.0,0.47226453,bigGAN
1.0,0.0,0.46533734,bigGAN
1.0,0.0,0.48604944,bigGAN
1.0,0.0,0.4551846,bigGAN
1.0,0.0,0.4432211,bigGAN
1.0,0.0,0.461419,bigGAN
1.0,0.0,0.4943988,bigGAN
1.0,1.0,0.50740904,bigGAN
1.0,0.0,0.49953434,bigGAN
1.0,1.0,0.5546238,glide
1.0,0.0,0.45755318,glide
1.0,1.0,0.5184879,glide
1.0,1.0,0.50518656,glide
1.0,0.0,0.498842,glide
1.0,0.0,0.48192787,glide
1.0,1.0,0.54272014,glide
1.0,0.0,0.47681916,glide
1.0,1.0,0.54117966,glide
1.0,1.0,0.55232257,glide
1.0,1.0,0.58096504,glide
1.0,1.0,0.5018856,glide
1.0,1.0,0.5160456,glide
1.0,1.0,0.51926315,glide
1.0,1.0,0.5515142,glide
1.0,1.0,0.5502844,glide
1.0,1.0,0.5137455,glide
1.0,1.0,0.5053964,glide
1.0,0.0,0.47954264,glide
1.0,0.0,0.47817087,glide
1.0,1.0,0.5374246,glide
1.0,1.0,0.51901674,glide
1.0,0.0,0.4603267,glide
1.0,1.0,0.5204825,glide
1.0,1.0,0.52094096,glide
1.0,1.0,0.5814989,glide
1.0,1.0,0.5415238,glide
1.0,0.0,0.46154764,glide
1.0,0.0,0.48743826,glide
1.0,0.0,0.4734035,glide
1.0,1.0,0.5628308,glide
1.0,0.0,0.42464262,glide
1.0,0.0,0.49277514,glide
1.0,1.0,0.58303475,glide
1.0,1.0,0.5350704,glide
1.0,1.0,0.55300665,glide
1.0,1.0,0.53319657,glide
1.0,0.0,0.49602592,glide
1.0,1.0,0.5102604,glide
1.0,1.0,0.5304805,glide
1.0,0.0,0.48171765,glide
1.0,1.0,0.5395752,glide
1.0,1.0,0.55979687,glide
1.0,1.0,0.5188779,glide
1.0,1.0,0.5128283,glide
1.0,1.0,0.53378516,glide
1.0,1.0,0.50352836,glide
1.0,1.0,0.51634663,glide
1.0,0.0,0.47816035,glide
1.0,0.0,0.49222276,glide
1.0,1.0,0.5113223,glide
1.0,1.0,0.51628286,glide
1.0,1.0,0.59289753,glide
1.0,1.0,0.5886466,glide
1.0,1.0,0.5524422,glide
1.0,1.0,0.5486338,glide
1.0,1.0,0.56867105,glide
1.0,1.0,0.5318199,glide
1.0,1.0,0.5095001,glide
1.0,1.0,0.5561104,glide
1.0,0.0,0.4479747,glide
1.0,1.0,0.5483761,glide
1.0,1.0,0.56991297,glide
1.0,1.0,0.5407828,glide
1.0,1.0,0.54659176,glide
1.0,1.0,0.5899226,glide
1.0,0.0,0.48408034,glide
1.0,1.0,0.5388712,glide
1.0,1.0,0.513905,glide
1.0,1.0,0.53993,glide
1.0,1.0,0.52869165,glide
1.0,1.0,0.52542514,glide
1.0,1.0,0.52123547,glide
1.0,1.0,0.53114134,glide
1.0,0.0,0.48589906,glide
1.0,1.0,0.52999365,glide
1.0,1.0,0.5187194,glide
1.0,1.0,0.51388246,glide
1.0,1.0,0.5074127,glide
1.0,0.0,0.49240434,glide
1.0,0.0,0.46606693,glide
1.0,0.0,0.49517196,glide
1.0,1.0,0.5151437,glide
1.0,1.0,0.52896893,glide
1.0,1.0,0.56742,glide
1.0,0.0,0.49654645,glide
1.0,0.0,0.47291213,glide
1.0,1.0,0.55681777,glide
1.0,1.0,0.54011065,glide
1.0,1.0,0.5337548,glide
1.0,1.0,0.5209548,glide
1.0,0.0,0.4689616,glide
1.0,1.0,0.5973656,glide
1.0,1.0,0.55928,glide
1.0,1.0,0.52140605,glide
1.0,1.0,0.56295353,glide
1.0,0.0,0.49262357,glide
1.0,1.0,0.5198759,glide
1.0,1.0,0.5365383,glide
1.0,1.0,0.5941985,glide
1.0,0.0,0.47624695,glide
1.0,1.0,0.5189278,glide
1.0,1.0,0.524898,glide
1.0,1.0,0.54119754,glide
1.0,1.0,0.5784277,glide
1.0,1.0,0.51971954,glide
1.0,1.0,0.52278876,glide
1.0,0.0,0.49307552,glide
1.0,1.0,0.5586445,glide
1.0,1.0,0.502979,glide
1.0,1.0,0.5346285,glide
1.0,1.0,0.5322059,glide
1.0,1.0,0.5625721,glide
1.0,1.0,0.5076496,glide
1.0,0.0,0.46681002,glide
1.0,1.0,0.545513,glide
1.0,1.0,0.5256074,glide
1.0,1.0,0.5392263,glide
1.0,1.0,0.5903537,glide
1.0,0.0,0.49567023,glide
1.0,1.0,0.50184715,glide
1.0,1.0,0.5131306,glide
1.0,1.0,0.5530789,glide
1.0,1.0,0.524505,glide
1.0,1.0,0.57693076,glide
1.0,1.0,0.528447,glide
1.0,1.0,0.5282402,glide
1.0,1.0,0.5708849,glide
1.0,1.0,0.5007629,glide
1.0,1.0,0.5373954,glide
1.0,1.0,0.52403843,glide
1.0,0.0,0.46943364,glide
1.0,0.0,0.47660238,glide
1.0,1.0,0.5654457,glide
1.0,0.0,0.49134487,glide
1.0,1.0,0.50489247,glide
1.0,1.0,0.6021268,glide
1.0,1.0,0.5528957,glide
1.0,1.0,0.56099427,glide
1.0,1.0,0.5195565,glide
1.0,1.0,0.51715887,glide
1.0,1.0,0.5310839,glide
1.0,0.0,0.48862827,glide
1.0,1.0,0.53466094,glide
1.0,1.0,0.5707038,glide
1.0,1.0,0.5626211,glide
1.0,1.0,0.54422545,glide
1.0,1.0,0.5536559,glide
1.0,1.0,0.52265924,glide
1.0,1.0,0.5202044,glide
1.0,1.0,0.5561674,glide
1.0,1.0,0.52072984,glide
1.0,1.0,0.5021132,glide
1.0,1.0,0.5021761,glide
1.0,0.0,0.49458882,glide
1.0,1.0,0.55062485,glide
1.0,1.0,0.55193925,glide
1.0,1.0,0.57557565,glide
1.0,1.0,0.5443679,glide
1.0,1.0,0.60896325,glide
1.0,1.0,0.51815087,glide
1.0,1.0,0.5702556,glide
1.0,1.0,0.55763835,glide
1.0,0.0,0.4977882,glide
1.0,1.0,0.58638966,glide
1.0,1.0,0.59003615,glide
1.0,1.0,0.5375095,glide
1.0,1.0,0.51580054,glide
1.0,1.0,0.583367,glide
1.0,1.0,0.5126373,glide
1.0,1.0,0.5461161,glide
1.0,1.0,0.5242802,glide
1.0,1.0,0.50061923,glide
1.0,1.0,0.53510016,glide
1.0,1.0,0.50503856,glide
1.0,1.0,0.5652733,glide
1.0,1.0,0.50915724,glide
1.0,1.0,0.54490036,glide
1.0,1.0,0.51525277,glide
1.0,1.0,0.5352721,glide
1.0,1.0,0.5090599,glide
1.0,1.0,0.5617353,glide
1.0,1.0,0.5675279,glide
1.0,1.0,0.5837068,glide
1.0,1.0,0.59499896,glide
1.0,1.0,0.58616817,glide
1.0,1.0,0.50080085,glide
1.0,1.0,0.5648916,glide
1.0,1.0,0.50235647,glide
1.0,0.0,0.49624965,glide
1.0,1.0,0.5324457,glide
1.0,0.0,0.473724,glide
1.0,1.0,0.509044,glide
1.0,0.0,0.47823608,glide
1.0,0.0,0.4731322,glide
1.0,1.0,0.54424465,glide
1.0,1.0,0.59294355,glide
1.0,1.0,0.5590977,glide
1.0,1.0,0.53266424,glide
1.0,1.0,0.5864353,glide
1.0,1.0,0.5142676,glide
1.0,0.0,0.48209703,glide
1.0,0.0,0.48186275,glide
1.0,0.0,0.49920762,glide
1.0,0.0,0.47881693,glide
1.0,0.0,0.49730167,glide
1.0,1.0,0.5705226,glide
1.0,1.0,0.5672705,glide
1.0,0.0,0.48844022,glide
1.0,1.0,0.54084444,glide
1.0,1.0,0.52569735,glide
1.0,1.0,0.5093042,glide
1.0,1.0,0.5008375,glide
1.0,1.0,0.5115123,glide
1.0,1.0,0.5835248,glide
1.0,1.0,0.5930279,glide
1.0,1.0,0.5553593,glide
1.0,1.0,0.5623689,glide
1.0,1.0,0.5452463,glide
1.0,1.0,0.5967337,glide
1.0,0.0,0.48540562,glide
1.0,1.0,0.546555,glide
1.0,0.0,0.48933196,glide
1.0,1.0,0.5389858,glide
1.0,1.0,0.5328689,glide
1.0,1.0,0.5079482,glide
1.0,1.0,0.5308497,glide
1.0,0.0,0.47073802,glide
1.0,1.0,0.54636985,glide
1.0,1.0,0.53443986,glide
1.0,1.0,0.5384649,glide
1.0,1.0,0.56611526,glide
1.0,1.0,0.5320722,glide
1.0,1.0,0.60502696,glide
1.0,1.0,0.5087147,glide
1.0,1.0,0.5610279,glide
1.0,1.0,0.6008636,glide
1.0,1.0,0.52506375,glide
1.0,1.0,0.50057304,glide
1.0,0.0,0.4917959,glide
1.0,1.0,0.5595878,glide
1.0,0.0,0.48640892,glide
1.0,0.0,0.4856265,glide
1.0,1.0,0.6129883,glide
1.0,1.0,0.5549614,glide
1.0,1.0,0.50488406,glide
1.0,1.0,0.5185741,glide
1.0,0.0,0.4930176,glide
1.0,1.0,0.55420053,glide
1.0,1.0,0.5329237,glide
1.0,0.0,0.46399087,glide
1.0,0.0,0.4958016,glide
1.0,1.0,0.5803921,glide
1.0,1.0,0.52879477,glide
1.0,1.0,0.5462741,glide
1.0,1.0,0.59502697,glide
1.0,0.0,0.4743762,glide
1.0,1.0,0.5745686,glide
1.0,0.0,0.4874138,glide
1.0,1.0,0.53652453,glide
1.0,0.0,0.48803392,glide
1.0,1.0,0.5047809,glide
1.0,1.0,0.5193474,glide
1.0,1.0,0.5625624,glide
1.0,1.0,0.5443535,glide
1.0,1.0,0.5449782,glide
1.0,1.0,0.59242,glide
1.0,1.0,0.5792183,glide
1.0,1.0,0.5243609,glide
1.0,1.0,0.56174374,glide
1.0,0.0,0.48270017,glide
1.0,1.0,0.5904988,glide
1.0,1.0,0.55573606,glide
1.0,1.0,0.5267943,glide
1.0,1.0,0.5271111,glide
1.0,1.0,0.5140819,glide
1.0,0.0,0.47697994,glide
1.0,0.0,0.49969476,glide
1.0,1.0,0.53563666,glide
1.0,0.0,0.47821867,glide
1.0,1.0,0.5740006,glide
1.0,1.0,0.57562053,glide
1.0,1.0,0.50028604,glide
1.0,1.0,0.50213194,glide
1.0,0.0,0.49197957,glide
1.0,0.0,0.4713592,glide
1.0,1.0,0.5328254,glide
1.0,1.0,0.59287435,glide
1.0,0.0,0.48268646,glide
1.0,1.0,0.5499746,glide
1.0,1.0,0.5189126,glide
1.0,1.0,0.519934,glide
1.0,0.0,0.4921658,glide
1.0,1.0,0.5385613,glide
1.0,1.0,0.567389,glide
1.0,1.0,0.5338075,glide
1.0,1.0,0.5291109,glide
1.0,1.0,0.5536526,glide
1.0,1.0,0.5495053,glide
1.0,1.0,0.6089448,glide
1.0,1.0,0.5905925,glide
1.0,1.0,0.524873,glide
1.0,1.0,0.585565,glide
1.0,0.0,0.48667914,glide
1.0,1.0,0.5758429,glide
1.0,1.0,0.527266,glide
1.0,1.0,0.5555277,glide
1.0,1.0,0.55895805,glide
1.0,1.0,0.56854403,glide
1.0,0.0,0.47991285,glide
1.0,0.0,0.45493045,glide
1.0,1.0,0.5631381,glide
1.0,1.0,0.5752837,glide
1.0,1.0,0.5704556,glide
1.0,1.0,0.5118159,glide
1.0,0.0,0.4638845,glide
1.0,1.0,0.553389,glide
1.0,1.0,0.53632694,glide
1.0,1.0,0.5855859,glide
1.0,1.0,0.54394513,glide
1.0,1.0,0.59538823,glide
1.0,0.0,0.47636583,glide
1.0,0.0,0.49748546,glide
1.0,1.0,0.52120346,glide
1.0,1.0,0.5494889,glide
1.0,0.0,0.4661872,glide
1.0,1.0,0.52262497,glide
1.0,1.0,0.5213308,glide
1.0,1.0,0.5060057,glide
1.0,1.0,0.594383,glide
1.0,1.0,0.554269,glide
1.0,1.0,0.5764071,glide
1.0,0.0,0.48609722,glide
1.0,1.0,0.53458977,glide
1.0,1.0,0.5017992,glide
1.0,0.0,0.4885873,glide
1.0,0.0,0.4427511,glide
1.0,0.0,0.46135527,glide
1.0,1.0,0.5047153,glide
1.0,1.0,0.5814486,glide
1.0,1.0,0.5387364,glide
1.0,1.0,0.5977731,glide
1.0,0.0,0.45976034,glide
1.0,0.0,0.4951902,glide
1.0,1.0,0.5760166,glide
1.0,1.0,0.57738626,glide
1.0,0.0,0.49857026,glide
1.0,1.0,0.52192473,glide
1.0,0.0,0.46858805,glide
1.0,1.0,0.56007713,glide
1.0,0.0,0.49783528,glide
1.0,0.0,0.47361317,glide
1.0,1.0,0.5271913,glide
1.0,0.0,0.49065483,glide
1.0,1.0,0.56312925,glide
1.0,0.0,0.49401513,glide
1.0,1.0,0.5827398,glide
1.0,0.0,0.4903593,glide
1.0,1.0,0.53747606,glide
1.0,0.0,0.48472506,glide
1.0,1.0,0.6015129,glide
1.0,1.0,0.51844686,glide
1.0,0.0,0.49623275,glide
1.0,1.0,0.53122216,glide
1.0,0.0,0.49711484,glide
1.0,0.0,0.45295036,glide
1.0,1.0,0.5096835,glide
1.0,1.0,0.52916926,glide
1.0,0.0,0.48491862,glide
1.0,1.0,0.55446047,glide
1.0,0.0,0.4674213,glide
1.0,1.0,0.5537416,glide
1.0,0.0,0.4867625,glide
1.0,1.0,0.53248435,glide
1.0,1.0,0.51329464,glide
1.0,1.0,0.578987,glide
1.0,1.0,0.5388354,glide
1.0,1.0,0.5595358,glide
1.0,0.0,0.47100937,glide
1.0,1.0,0.58846414,glide
1.0,1.0,0.54394007,glide
1.0,1.0,0.5193854,glide
1.0,1.0,0.5351424,glide
1.0,0.0,0.48397008,glide
1.0,1.0,0.5734227,glide
1.0,1.0,0.5191224,glide
1.0,0.0,0.48602563,glide
1.0,1.0,0.5031587,glide
1.0,0.0,0.46099815,glide
1.0,1.0,0.50874275,glide
1.0,1.0,0.50339955,glide
1.0,1.0,0.53061175,glide
1.0,1.0,0.5606573,glide
1.0,1.0,0.55885315,glide
1.0,1.0,0.5497933,glide
1.0,1.0,0.5134247,glide
1.0,1.0,0.5655467,glide
1.0,1.0,0.56667644,glide
1.0,1.0,0.5009497,glide
1.0,1.0,0.5372055,glide
1.0,1.0,0.5752499,glide
1.0,1.0,0.54978245,glide
1.0,1.0,0.58153665,glide
1.0,1.0,0.55710083,glide
1.0,0.0,0.49899173,glide
1.0,1.0,0.5282059,glide
1.0,1.0,0.54852676,glide
1.0,0.0,0.4705638,glide
1.0,1.0,0.57324785,glide
1.0,1.0,0.5648025,glide
1.0,0.0,0.48873726,glide
1.0,1.0,0.5278035,glide
1.0,1.0,0.50233954,glide
1.0,1.0,0.5183724,glide
1.0,1.0,0.5470479,glide
1.0,1.0,0.50723046,glide
1.0,1.0,0.50120056,glide
1.0,1.0,0.57976997,glide
1.0,1.0,0.5238495,glide
1.0,1.0,0.53418183,glide
1.0,1.0,0.5562452,glide
1.0,1.0,0.5763235,glide
1.0,1.0,0.54887486,glide
1.0,0.0,0.49468365,glide
1.0,0.0,0.47585404,glide
1.0,0.0,0.4735875,glide
1.0,0.0,0.48990247,glide
1.0,1.0,0.62776345,glide
1.0,1.0,0.56214046,glide
1.0,1.0,0.5587923,glide
1.0,0.0,0.48398054,glide
1.0,0.0,0.47382975,glide
1.0,1.0,0.54024,glide
1.0,1.0,0.54579127,glide
1.0,0.0,0.49408567,glide
1.0,1.0,0.5088676,glide
1.0,1.0,0.6012754,glide
1.0,1.0,0.52232146,glide
1.0,1.0,0.50063527,glide
1.0,0.0,0.481686,glide
1.0,1.0,0.54598755,glide
1.0,0.0,0.48303255,glide
1.0,1.0,0.5107359,glide
1.0,1.0,0.5046723,glide
1.0,1.0,0.53016496,glide
1.0,1.0,0.5744475,glide
1.0,1.0,0.51953197,glide
1.0,1.0,0.5187564,glide
1.0,1.0,0.5584079,glide
1.0,1.0,0.51796687,glide
1.0,1.0,0.502617,glide
1.0,1.0,0.5367979,glide
1.0,1.0,0.52184474,glide
1.0,1.0,0.5685563,glide
1.0,1.0,0.5010884,glide
1.0,1.0,0.5367307,glide
1.0,0.0,0.46582177,glide
1.0,1.0,0.5233756,glide
1.0,1.0,0.5053467,glide
1.0,1.0,0.59154904,glide
1.0,0.0,0.47404933,glide
1.0,1.0,0.5247443,glide
1.0,0.0,0.47275734,glide
1.0,1.0,0.5314464,glide
1.0,1.0,0.5428432,glide
1.0,0.0,0.47640955,glide
1.0,1.0,0.54510885,glide
1.0,1.0,0.55688936,glide
1.0,1.0,0.54258156,glide
1.0,1.0,0.5053868,glide
1.0,1.0,0.52475625,glide
1.0,1.0,0.5280635,glide
1.0,0.0,0.4770398,glide
1.0,1.0,0.58971936,glide
1.0,1.0,0.5129453,glide
1.0,1.0,0.5138102,glide
1.0,1.0,0.5246023,glide
1.0,1.0,0.5062703,glide
1.0,1.0,0.50739205,glide
1.0,1.0,0.51636034,glide
1.0,1.0,0.5383071,glide
1.0,1.0,0.54352695,glide
1.0,1.0,0.5311751,glide
1.0,1.0,0.5137372,glide
1.0,1.0,0.5275958,glide
1.0,1.0,0.5066646,glide
1.0,1.0,0.5477578,glide
1.0,1.0,0.517726,glide
1.0,0.0,0.45804015,glide
1.0,0.0,0.48559764,glide
1.0,1.0,0.5736103,glide
1.0,1.0,0.5254383,glide
1.0,0.0,0.4796006,glide
1.0,1.0,0.5455275,glide
1.0,1.0,0.5034191,glide
1.0,1.0,0.522495,glide
1.0,1.0,0.51214105,glide
1.0,1.0,0.5695805,glide
1.0,1.0,0.53704226,glide
1.0,1.0,0.5313829,glide
1.0,0.0,0.47758865,glide
1.0,1.0,0.5510358,glide
1.0,1.0,0.5379304,glide
1.0,1.0,0.52483726,glide
1.0,1.0,0.52359307,glide
1.0,1.0,0.5660037,glide
1.0,1.0,0.5788752,glide
1.0,1.0,0.5057895,glide
1.0,1.0,0.54394805,glide
1.0,1.0,0.51224846,glide
1.0,1.0,0.5989772,glide
1.0,1.0,0.50273854,glide
1.0,1.0,0.50076044,glide
1.0,1.0,0.54971737,glide
1.0,0.0,0.47354302,glide
1.0,0.0,0.49372923,glide
1.0,0.0,0.49131614,glide
1.0,1.0,0.52518344,glide
1.0,1.0,0.5198917,glide
1.0,1.0,0.5049863,glide
1.0,1.0,0.54736644,glide
1.0,1.0,0.59826565,glide
1.0,1.0,0.52524,glide
1.0,1.0,0.53913134,glide
1.0,1.0,0.5581612,glide
1.0,1.0,0.5731054,glide
1.0,0.0,0.49487358,glide
1.0,1.0,0.53435796,glide
1.0,1.0,0.5110388,glide
1.0,1.0,0.5323198,glide
1.0,1.0,0.5691361,glide
1.0,1.0,0.519313,glide
1.0,1.0,0.5314261,glide
1.0,1.0,0.54602927,glide
1.0,1.0,0.5492061,glide
1.0,1.0,0.5288699,glide
1.0,1.0,0.555445,glide
1.0,1.0,0.62429,glide
1.0,1.0,0.5722928,glide
1.0,0.0,0.48048913,glide
1.0,1.0,0.5400874,glide
1.0,1.0,0.5359651,glide
1.0,1.0,0.53466207,glide
1.0,1.0,0.55116194,glide
1.0,1.0,0.5425882,glide
1.0,0.0,0.48485017,glide
1.0,0.0,0.48320216,glide
1.0,1.0,0.5467372,glide
1.0,1.0,0.56131744,glide
1.0,0.0,0.466567,glide
1.0,1.0,0.5169942,glide
1.0,0.0,0.4671975,glide
1.0,1.0,0.57319164,glide
1.0,1.0,0.5646607,glide
1.0,1.0,0.5021024,glide
1.0,1.0,0.5399101,glide
1.0,1.0,0.5301505,glide
1.0,0.0,0.49138245,glide
1.0,1.0,0.5414041,glide
1.0,1.0,0.52191573,glide
1.0,1.0,0.53387547,glide
1.0,1.0,0.5625719,glide
1.0,0.0,0.49580938,glide
1.0,1.0,0.6249302,glide
1.0,1.0,0.5342236,glide
1.0,1.0,0.52889377,glide
1.0,1.0,0.53335243,glide
1.0,1.0,0.55068576,glide
1.0,1.0,0.5170873,glide
1.0,1.0,0.5169999,glide
1.0,1.0,0.51715136,glide
1.0,1.0,0.5301235,glide
1.0,1.0,0.5568472,glide
1.0,1.0,0.5300337,glide
1.0,1.0,0.56239754,glide
1.0,0.0,0.4678267,glide
1.0,0.0,0.47531036,glide
1.0,1.0,0.5283705,glide
1.0,1.0,0.5150532,glide
1.0,0.0,0.49123764,glide
1.0,1.0,0.5006006,glide
1.0,1.0,0.5272762,glide
1.0,1.0,0.5026655,glide
1.0,1.0,0.57640827,glide
1.0,1.0,0.5152215,glide
1.0,1.0,0.52415484,glide
1.0,1.0,0.55358374,glide
1.0,1.0,0.5470528,glide
1.0,1.0,0.5097673,glide
1.0,0.0,0.48505366,glide
1.0,1.0,0.52155864,glide
1.0,1.0,0.5391226,glide
1.0,1.0,0.5266229,glide
1.0,1.0,0.5143137,glide
1.0,0.0,0.476691,glide
1.0,1.0,0.59363675,glide
1.0,1.0,0.5653302,glide
1.0,1.0,0.57570344,glide
1.0,1.0,0.5521796,glide
1.0,1.0,0.5068893,glide
1.0,1.0,0.53611696,glide
1.0,1.0,0.5103027,glide
1.0,1.0,0.5104863,glide
1.0,1.0,0.55318695,glide
1.0,1.0,0.56852937,glide
1.0,1.0,0.58356,glide
1.0,0.0,0.48492208,glide
1.0,0.0,0.47621733,glide
1.0,1.0,0.55812526,glide
1.0,1.0,0.54127234,glide
1.0,1.0,0.5050896,glide
1.0,1.0,0.549484,glide
1.0,1.0,0.5375574,glide
1.0,1.0,0.5522482,glide
1.0,1.0,0.5453545,glide
1.0,1.0,0.61025465,glide
1.0,1.0,0.52351725,glide
1.0,0.0,0.4811551,glide
1.0,0.0,0.4705911,glide
1.0,1.0,0.52829725,glide
1.0,1.0,0.569729,glide
1.0,1.0,0.54826456,glide
1.0,1.0,0.5201137,glide
1.0,1.0,0.5640528,glide
1.0,0.0,0.49412453,glide
1.0,0.0,0.4862351,glide
1.0,1.0,0.5394883,glide
1.0,1.0,0.5112499,glide
1.0,1.0,0.5134458,glide
1.0,1.0,0.5405219,glide
1.0,1.0,0.58916676,glide
1.0,1.0,0.56107336,glide
1.0,1.0,0.56531054,glide
1.0,0.0,0.45469648,glide
1.0,1.0,0.5757547,glide
1.0,1.0,0.588441,glide
1.0,0.0,0.49225894,glide
1.0,1.0,0.5015001,glide
1.0,1.0,0.5763134,glide
1.0,1.0,0.5574402,glide
1.0,1.0,0.57312316,glide
1.0,1.0,0.5920829,glide
1.0,0.0,0.49199113,glide
1.0,1.0,0.56690836,glide
1.0,1.0,0.5275291,glide
1.0,1.0,0.5300866,glide
1.0,0.0,0.48549804,glide
1.0,1.0,0.55494195,glide
1.0,1.0,0.50737834,glide
1.0,1.0,0.5709309,glide
1.0,0.0,0.4848676,glide
1.0,0.0,0.49528223,glide
1.0,0.0,0.47139108,glide
1.0,1.0,0.5224898,glide
1.0,1.0,0.5725905,glide
1.0,1.0,0.53567964,glide
1.0,1.0,0.56003386,glide
1.0,1.0,0.51657695,glide
1.0,1.0,0.5226939,glide
1.0,0.0,0.4886515,glide
1.0,0.0,0.49070063,glide
1.0,1.0,0.54672956,glide
1.0,1.0,0.5769623,glide
1.0,1.0,0.59619325,glide
1.0,1.0,0.5342874,glide
1.0,1.0,0.55847454,glide
1.0,0.0,0.4792942,glide
1.0,1.0,0.5183073,glide
1.0,1.0,0.5325153,glide
1.0,0.0,0.4723196,glide
1.0,1.0,0.57659686,glide
1.0,1.0,0.50738156,glide
1.0,1.0,0.5298291,glide
1.0,1.0,0.5186623,glide
1.0,1.0,0.5430756,glide
1.0,1.0,0.5688754,glide
1.0,1.0,0.5004455,glide
1.0,1.0,0.51176065,glide
1.0,1.0,0.50758,glide
1.0,1.0,0.5127363,glide
1.0,1.0,0.5265605,glide
1.0,0.0,0.49621725,glide
1.0,1.0,0.541325,glide
1.0,1.0,0.5775979,glide
1.0,0.0,0.4949439,glide
1.0,0.0,0.4890085,glide
1.0,0.0,0.48141012,glide
1.0,0.0,0.49627155,glide
1.0,1.0,0.5255489,glide
1.0,1.0,0.5156046,glide
1.0,1.0,0.5638448,glide
1.0,1.0,0.5435218,glide
1.0,1.0,0.53115475,glide
1.0,1.0,0.53608716,glide
1.0,1.0,0.5282943,glide
1.0,1.0,0.5290958,glide
1.0,1.0,0.5634531,glide
1.0,1.0,0.5071116,glide
1.0,1.0,0.56103504,glide
1.0,1.0,0.50210196,glide
1.0,0.0,0.46807113,glide
1.0,1.0,0.57338864,glide
1.0,1.0,0.5462593,glide
1.0,1.0,0.50231344,glide
1.0,1.0,0.5163838,glide
1.0,0.0,0.46116692,glide
1.0,0.0,0.48300853,glide
1.0,1.0,0.5192028,glide
1.0,1.0,0.5044189,glide
1.0,0.0,0.4980296,glide
1.0,1.0,0.52994436,glide
1.0,1.0,0.5147211,glide
1.0,1.0,0.54378396,glide
1.0,1.0,0.54340047,glide
1.0,1.0,0.5252211,glide
1.0,1.0,0.5797877,glide
1.0,0.0,0.497281,glide
1.0,1.0,0.580156,glide
1.0,1.0,0.53075564,glide
1.0,1.0,0.52072126,glide
1.0,1.0,0.52592325,glide
1.0,1.0,0.5469731,glide
1.0,1.0,0.5377072,glide
1.0,1.0,0.52424157,glide
1.0,1.0,0.52618766,glide
1.0,0.0,0.49011487,glide
1.0,1.0,0.5213824,glide
1.0,1.0,0.61140573,glide
1.0,0.0,0.4715441,glide
1.0,1.0,0.5563139,glide
1.0,0.0,0.47766677,glide
1.0,1.0,0.53165156,glide
1.0,0.0,0.46922588,glide
1.0,1.0,0.5468134,glide
1.0,1.0,0.5708154,glide
1.0,1.0,0.5168992,glide
1.0,1.0,0.5380485,glide
1.0,1.0,0.51361316,glide
1.0,1.0,0.56672186,glide
1.0,1.0,0.5079241,glide
1.0,0.0,0.48880777,glide
1.0,1.0,0.531753,glide
1.0,1.0,0.5492843,glide
1.0,1.0,0.5258923,glide
1.0,1.0,0.53249496,glide
1.0,1.0,0.5393303,glide
1.0,1.0,0.51603353,glide
1.0,0.0,0.49885744,glide
1.0,0.0,0.46872288,glide
1.0,1.0,0.5805816,glide
1.0,1.0,0.5493118,glide
1.0,0.0,0.4878862,glide
1.0,1.0,0.5375898,glide
1.0,1.0,0.5563415,glide
1.0,0.0,0.47879767,glide
1.0,1.0,0.5149252,glide
1.0,1.0,0.521677,glide
1.0,1.0,0.5016298,glide
1.0,1.0,0.50251347,glide
1.0,1.0,0.5497595,glide
1.0,1.0,0.54946166,glide
1.0,1.0,0.52618426,glide
1.0,1.0,0.53235525,glide
1.0,1.0,0.5131023,glide
1.0,0.0,0.47353926,glide
1.0,1.0,0.5401814,glide
1.0,0.0,0.49177054,glide
1.0,1.0,0.5353316,glide
1.0,1.0,0.51668996,glide
1.0,1.0,0.5767365,glide
1.0,0.0,0.48611113,glide
1.0,1.0,0.5931997,glide
1.0,1.0,0.52784944,glide
1.0,1.0,0.5521049,glide
1.0,0.0,0.45882583,glide
1.0,1.0,0.52162236,glide
1.0,1.0,0.5389398,glide
1.0,1.0,0.5593123,glide
1.0,1.0,0.5227783,glide
1.0,1.0,0.5065663,glide
1.0,1.0,0.5491652,glide
1.0,0.0,0.4890834,glide
1.0,1.0,0.5181805,glide
1.0,1.0,0.5011722,glide
1.0,0.0,0.4736675,glide
1.0,1.0,0.5353204,glide
1.0,1.0,0.5848163,glide
1.0,1.0,0.5562462,glide
1.0,1.0,0.56258863,glide
1.0,1.0,0.5170036,glide
1.0,1.0,0.5351155,glide
1.0,1.0,0.5617604,glide
1.0,1.0,0.55112314,glide
1.0,0.0,0.4844635,glide
1.0,1.0,0.5701843,glide
1.0,1.0,0.52233803,glide
1.0,1.0,0.5241498,glide
1.0,1.0,0.56054413,glide
1.0,1.0,0.5639652,glide
1.0,0.0,0.4850192,glide
1.0,1.0,0.5594683,glide
1.0,1.0,0.53420144,glide
1.0,0.0,0.4604505,glide
1.0,0.0,0.48217696,glide
1.0,1.0,0.5276745,glide
1.0,0.0,0.49961138,glide
1.0,1.0,0.5598116,glide
1.0,0.0,0.4928034,glide
1.0,0.0,0.4940993,glide
1.0,1.0,0.5079084,glide
1.0,0.0,0.49282593,glide
1.0,1.0,0.5094908,glide
1.0,1.0,0.5368367,glide
1.0,1.0,0.52199984,glide
1.0,1.0,0.5109749,glide
1.0,0.0,0.48627323,glide
1.0,1.0,0.528602,glide
1.0,1.0,0.5090051,glide
1.0,1.0,0.56155187,glide
1.0,1.0,0.5184615,glide
1.0,1.0,0.5192169,glide
1.0,1.0,0.5376643,glide
1.0,1.0,0.5619152,glide
1.0,1.0,0.58438075,glide
1.0,1.0,0.55244035,glide
1.0,0.0,0.45704532,glide
1.0,1.0,0.53614795,glide
1.0,1.0,0.5761312,glide
1.0,1.0,0.58396745,glide
1.0,1.0,0.53758466,glide
1.0,1.0,0.519725,glide
1.0,1.0,0.5334133,glide
1.0,1.0,0.50713456,glide
1.0,0.0,0.47132054,glide
1.0,1.0,0.5416508,glide
1.0,1.0,0.57834905,glide
1.0,1.0,0.52484435,glide
1.0,1.0,0.5418723,glide
1.0,1.0,0.5034516,glide
1.0,1.0,0.5516119,glide
1.0,1.0,0.53881544,glide
1.0,0.0,0.47554985,glide
1.0,1.0,0.50613046,glide
1.0,1.0,0.5404527,glide
1.0,1.0,0.55375624,glide
1.0,1.0,0.5118229,glide
1.0,1.0,0.54948884,glide
1.0,1.0,0.5453105,glide
1.0,1.0,0.6354704,glide
1.0,0.0,0.49709797,glide
1.0,1.0,0.52842396,glide
1.0,0.0,0.4846975,glide
1.0,1.0,0.5672456,glide
1.0,1.0,0.5183198,glide
1.0,1.0,0.5371512,glide
1.0,1.0,0.5278618,glide
1.0,1.0,0.5457605,glide
1.0,1.0,0.56037456,glide
1.0,1.0,0.5110835,glide
1.0,1.0,0.5423041,glide
1.0,0.0,0.45798144,glide
1.0,1.0,0.57263905,glide
1.0,1.0,0.52783597,glide
1.0,1.0,0.581375,glide
1.0,1.0,0.5220038,glide
1.0,0.0,0.48012975,glide
1.0,0.0,0.47337475,glide
1.0,1.0,0.5656081,glide
1.0,1.0,0.51819557,glide
1.0,1.0,0.52176964,glide
1.0,1.0,0.5687137,glide
1.0,1.0,0.53025395,glide
1.0,0.0,0.49081573,glide
1.0,1.0,0.5310955,glide
1.0,1.0,0.56916076,glide
1.0,1.0,0.5594032,glide
1.0,1.0,0.556993,glide
1.0,1.0,0.50245893,glide
1.0,1.0,0.5463879,glide
1.0,1.0,0.5427218,glide
1.0,1.0,0.58861643,glide
1.0,1.0,0.548291,glide
1.0,1.0,0.5667773,glide
1.0,1.0,0.5320098,glide
1.0,1.0,0.5402491,glide
1.0,0.0,0.49065277,glide
1.0,1.0,0.56891596,glide
1.0,1.0,0.55574757,glide
1.0,1.0,0.5296479,glide
1.0,0.0,0.47931233,glide
1.0,1.0,0.5567625,glide
1.0,1.0,0.5210014,glide
1.0,1.0,0.5561769,glide
1.0,0.0,0.48206225,glide
1.0,1.0,0.53465277,glide
1.0,1.0,0.5424348,glide
1.0,0.0,0.49596545,glide
1.0,1.0,0.53100044,glide
1.0,1.0,0.577039,glide
1.0,1.0,0.529038,glide
1.0,1.0,0.5812081,glide
1.0,1.0,0.503853,glide
1.0,1.0,0.5444588,glide
1.0,1.0,0.54826427,glide
1.0,1.0,0.5206702,glide
1.0,1.0,0.5426431,glide
1.0,1.0,0.5269726,glide
1.0,1.0,0.58898735,glide
1.0,1.0,0.5320545,glide
1.0,1.0,0.52889645,glide
1.0,1.0,0.5735652,glide
1.0,1.0,0.53722763,glide
1.0,1.0,0.5364666,glide
1.0,0.0,0.4667877,glide
1.0,1.0,0.5039843,glide
1.0,1.0,0.5352862,glide
1.0,1.0,0.5428499,glide
1.0,1.0,0.5596091,glide
1.0,1.0,0.5741367,glide
1.0,1.0,0.56868124,glide
1.0,0.0,0.48872575,glide
1.0,1.0,0.53959954,glide
1.0,1.0,0.50669414,glide
1.0,1.0,0.55151254,glide
1.0,1.0,0.50375247,glide
1.0,1.0,0.565179,glide
1.0,1.0,0.54464996,glide
1.0,1.0,0.53691417,glide
1.0,1.0,0.5126149,glide
1.0,0.0,0.45971343,glide
1.0,1.0,0.5459301,glide
1.0,1.0,0.6480366,glide
1.0,0.0,0.48208827,glide
1.0,0.0,0.47318658,glide
1.0,1.0,0.5021716,glide
1.0,1.0,0.5315616,glide
1.0,1.0,0.5232735,glide
1.0,1.0,0.5627673,glide
1.0,0.0,0.4844473,glide
1.0,1.0,0.52627885,glide
1.0,1.0,0.5678367,glide
1.0,0.0,0.48721042,glide
1.0,1.0,0.5446318,glide
1.0,0.0,0.46604496,glide
1.0,1.0,0.56603205,glide
1.0,0.0,0.48360053,glide
1.0,1.0,0.56554556,glide
1.0,1.0,0.52223057,glide
1.0,1.0,0.56890005,glide
1.0,1.0,0.52592605,glide
1.0,0.0,0.48425004,glide
1.0,1.0,0.57125354,glide
1.0,0.0,0.48654008,glide
1.0,1.0,0.5154428,glide
1.0,0.0,0.46978316,glide
1.0,1.0,0.559613,glide
1.0,1.0,0.5231745,glide
1.0,0.0,0.4745172,glide
1.0,1.0,0.50010914,glide
1.0,1.0,0.5352526,glide
1.0,1.0,0.5438711,glide
1.0,1.0,0.5022902,glide
1.0,1.0,0.5119332,glide
1.0,1.0,0.503462,glide
1.0,1.0,0.57165927,glide
1.0,1.0,0.5152602,glide
1.0,1.0,0.51053417,glide
1.0,1.0,0.52122676,glide
1.0,0.0,0.4946811,glide
1.0,1.0,0.58219063,glide
1.0,1.0,0.54286635,glide
1.0,1.0,0.55060744,glide
1.0,1.0,0.512392,glide
1.0,1.0,0.51161814,glide
1.0,0.0,0.48015815,glide
1.0,1.0,0.5231206,glide
1.0,1.0,0.53905004,glide
1.0,1.0,0.5796545,glide
1.0,1.0,0.5865843,glide
1.0,1.0,0.51137346,glide
1.0,1.0,0.56307954,glide
1.0,0.0,0.46717846,glide
1.0,1.0,0.58811855,glide
1.0,1.0,0.54810774,glide
1.0,1.0,0.54781425,glide
1.0,1.0,0.5251216,glide
1.0,1.0,0.5735294,glide
1.0,1.0,0.57224256,glide
1.0,1.0,0.53294045,glide
1.0,1.0,0.52679956,glide
1.0,1.0,0.5632797,glide
1.0,1.0,0.6057768,glide
1.0,1.0,0.5168806,glide
1.0,1.0,0.5436226,glide
1.0,1.0,0.5689333,glide
1.0,1.0,0.5345923,glide
1.0,1.0,0.5357282,glide
1.0,0.0,0.46637806,glide
1.0,0.0,0.46310285,glide
1.0,0.0,0.48877934,glide
1.0,0.0,0.4958506,adm
1.0,0.0,0.49991336,adm
1.0,1.0,0.5284958,adm
1.0,1.0,0.5093329,adm
1.0,1.0,0.50853837,adm
1.0,0.0,0.469091,adm
1.0,0.0,0.49491534,adm
1.0,1.0,0.50819814,adm
1.0,0.0,0.4620507,adm
1.0,0.0,0.4808518,adm
1.0,1.0,0.5513265,adm
1.0,0.0,0.49460766,adm
1.0,0.0,0.4528291,adm
1.0,1.0,0.5038341,adm
1.0,0.0,0.4691036,adm
1.0,1.0,0.5106159,adm
1.0,1.0,0.5069461,adm
1.0,1.0,0.55302393,adm
1.0,1.0,0.530051,adm
1.0,1.0,0.55541927,adm
1.0,1.0,0.5345078,adm
1.0,1.0,0.55082107,adm
1.0,0.0,0.48391318,adm
1.0,0.0,0.46418253,adm
1.0,1.0,0.5251968,adm
1.0,1.0,0.5744369,adm
1.0,1.0,0.5125523,adm
1.0,1.0,0.5170593,adm
1.0,0.0,0.47290537,adm
1.0,0.0,0.47413903,adm
1.0,0.0,0.48953053,adm
1.0,1.0,0.5571669,adm
1.0,1.0,0.5403268,adm
1.0,1.0,0.5006438,adm
1.0,1.0,0.5329577,adm
1.0,1.0,0.5218401,adm
1.0,1.0,0.5171895,adm
1.0,1.0,0.5321762,adm
1.0,1.0,0.5246411,adm
1.0,1.0,0.5066807,adm
1.0,1.0,0.5734452,adm
1.0,0.0,0.48944205,adm
1.0,1.0,0.54826486,adm
1.0,0.0,0.46945086,adm
1.0,1.0,0.5187612,adm
1.0,1.0,0.54797703,adm
1.0,0.0,0.48844334,adm
1.0,1.0,0.5028878,adm
1.0,1.0,0.533303,adm
1.0,1.0,0.5309903,adm
1.0,1.0,0.5322803,adm
1.0,0.0,0.49875,adm
1.0,1.0,0.5104496,adm
1.0,1.0,0.5093265,adm
1.0,1.0,0.53303146,adm
1.0,1.0,0.5223315,adm
1.0,1.0,0.5082315,adm
1.0,1.0,0.51923335,adm
1.0,1.0,0.5061579,adm
1.0,1.0,0.5145976,adm
1.0,1.0,0.5807574,adm
1.0,1.0,0.51037246,adm
1.0,1.0,0.52389497,adm
1.0,1.0,0.5071439,adm
1.0,0.0,0.4770496,adm
1.0,0.0,0.46621126,adm
1.0,0.0,0.45562825,adm
1.0,1.0,0.50940794,adm
1.0,1.0,0.572142,adm
1.0,1.0,0.5682275,adm
1.0,0.0,0.47400287,adm
1.0,1.0,0.52327245,adm
1.0,1.0,0.5451299,adm
1.0,0.0,0.49511427,adm
1.0,0.0,0.49278605,adm
1.0,0.0,0.4849532,adm
1.0,1.0,0.5528268,adm
1.0,0.0,0.49907154,adm
1.0,1.0,0.5094268,adm
1.0,1.0,0.5227657,adm
1.0,0.0,0.49665752,adm
1.0,1.0,0.5614358,adm
1.0,1.0,0.5334314,adm
1.0,0.0,0.4935547,adm
1.0,1.0,0.53248924,adm
1.0,0.0,0.4660642,adm
1.0,1.0,0.5047373,adm
1.0,1.0,0.5149576,adm
1.0,1.0,0.53855985,adm
1.0,0.0,0.4872592,adm
1.0,1.0,0.5142062,adm
1.0,0.0,0.47510856,adm
1.0,1.0,0.55898064,adm
1.0,0.0,0.49242675,adm
1.0,0.0,0.46199968,adm
1.0,0.0,0.46740723,adm
1.0,1.0,0.5211242,adm
1.0,1.0,0.5148444,adm
1.0,0.0,0.48161665,adm
1.0,1.0,0.5415311,adm
1.0,0.0,0.4944983,adm
1.0,0.0,0.4993341,adm
1.0,1.0,0.5411332,adm
1.0,1.0,0.54939646,adm
1.0,1.0,0.5363683,adm
1.0,0.0,0.45814344,adm
1.0,1.0,0.5364967,adm
1.0,0.0,0.49067315,adm
1.0,0.0,0.49552506,adm
1.0,0.0,0.4730712,adm
1.0,1.0,0.54438573,adm
1.0,0.0,0.47862732,adm
1.0,1.0,0.5251944,adm
1.0,1.0,0.51548064,adm
1.0,1.0,0.56214666,adm
1.0,0.0,0.47052562,adm
1.0,1.0,0.5375321,adm
1.0,1.0,0.5328029,adm
1.0,0.0,0.49758735,adm
1.0,1.0,0.5315849,adm
1.0,1.0,0.5518413,adm
1.0,1.0,0.52667105,adm
1.0,1.0,0.5101328,adm
1.0,0.0,0.48606026,adm
1.0,1.0,0.5713229,adm
1.0,0.0,0.461493,adm
1.0,0.0,0.45918277,adm
1.0,1.0,0.5010361,adm
1.0,0.0,0.47482854,adm
1.0,0.0,0.49531487,adm
1.0,1.0,0.51409584,adm
1.0,1.0,0.59659696,adm
1.0,0.0,0.4921121,adm
1.0,1.0,0.5476509,adm
1.0,0.0,0.4655616,adm
1.0,1.0,0.5242381,adm
1.0,1.0,0.52547276,adm
1.0,1.0,0.52311975,adm
1.0,0.0,0.4814298,adm
1.0,0.0,0.49723294,adm
1.0,1.0,0.5399237,adm
1.0,1.0,0.5268006,adm
1.0,0.0,0.469593,adm
1.0,1.0,0.51402444,adm
1.0,1.0,0.52928287,adm
1.0,1.0,0.504141,adm
1.0,0.0,0.48564208,adm
1.0,1.0,0.5118982,adm
1.0,1.0,0.52175605,adm
1.0,1.0,0.50653625,adm
1.0,1.0,0.59042114,adm
1.0,1.0,0.52072555,adm
1.0,1.0,0.5106058,adm
1.0,1.0,0.5428204,adm
1.0,1.0,0.50094306,adm
1.0,1.0,0.5528547,adm
1.0,1.0,0.5057123,adm
1.0,0.0,0.47711766,adm
1.0,1.0,0.53969467,adm
1.0,1.0,0.5379976,adm
1.0,1.0,0.537451,adm
1.0,0.0,0.48910564,adm
1.0,1.0,0.5370582,adm
1.0,0.0,0.46301195,adm
1.0,1.0,0.5235784,adm
1.0,0.0,0.46792457,adm
1.0,1.0,0.5244615,adm
1.0,1.0,0.53766376,adm
1.0,1.0,0.558192,adm
1.0,0.0,0.46390465,adm
1.0,1.0,0.505458,adm
1.0,1.0,0.5090757,adm
1.0,1.0,0.50599736,adm
1.0,1.0,0.50771785,adm
1.0,1.0,0.52819824,adm
1.0,1.0,0.5709977,adm
1.0,1.0,0.5196372,adm
1.0,0.0,0.49718896,adm
1.0,0.0,0.47309563,adm
1.0,1.0,0.52060056,adm
1.0,1.0,0.59919536,adm
1.0,1.0,0.5284425,adm
1.0,0.0,0.4593932,adm
1.0,1.0,0.520577,adm
1.0,1.0,0.5386078,adm
1.0,1.0,0.5484324,adm
1.0,1.0,0.56428045,adm
1.0,0.0,0.45549545,adm
1.0,1.0,0.59126216,adm
1.0,0.0,0.46645758,adm
1.0,1.0,0.53046954,adm
1.0,1.0,0.5136379,adm
1.0,0.0,0.47726205,adm
1.0,1.0,0.5026386,adm
1.0,0.0,0.49710628,adm
1.0,0.0,0.4739196,adm
1.0,1.0,0.543099,adm
1.0,0.0,0.4824871,adm
1.0,0.0,0.48415577,adm
1.0,0.0,0.47592407,adm
1.0,1.0,0.5183394,adm
1.0,0.0,0.47170576,adm
1.0,1.0,0.54151154,adm
1.0,0.0,0.4888779,adm
1.0,0.0,0.4823787,adm
1.0,1.0,0.52935946,adm
1.0,1.0,0.5301199,adm
1.0,1.0,0.52165633,adm
1.0,0.0,0.46907547,adm
1.0,1.0,0.5076593,adm
1.0,1.0,0.5373312,adm
1.0,1.0,0.53829986,adm
1.0,1.0,0.54949355,adm
1.0,1.0,0.54095477,adm
1.0,1.0,0.5436022,adm
1.0,0.0,0.49313018,adm
1.0,0.0,0.47651812,adm
1.0,0.0,0.47307733,adm
1.0,1.0,0.5450656,adm
1.0,1.0,0.55645096,adm
1.0,0.0,0.4747675,adm
1.0,1.0,0.5472299,adm
1.0,1.0,0.5529485,adm
1.0,1.0,0.60907936,adm
1.0,1.0,0.5024598,adm
1.0,1.0,0.58096033,adm
1.0,0.0,0.49121383,adm
1.0,1.0,0.5653896,adm
1.0,0.0,0.4771627,adm
1.0,1.0,0.563182,adm
1.0,0.0,0.48624888,adm
1.0,1.0,0.5439501,adm
1.0,1.0,0.50869346,adm
1.0,1.0,0.56784403,adm
1.0,1.0,0.5040789,adm
1.0,1.0,0.55485475,adm
1.0,1.0,0.5278162,adm
1.0,0.0,0.4683085,adm
1.0,1.0,0.5128578,adm
1.0,1.0,0.5335738,adm
1.0,1.0,0.5230899,adm
1.0,1.0,0.5633864,adm
1.0,0.0,0.47570345,adm
1.0,1.0,0.51805145,adm
1.0,0.0,0.46082294,adm
1.0,0.0,0.48820585,adm
1.0,0.0,0.47300774,adm
1.0,0.0,0.45973247,adm
1.0,1.0,0.5344877,adm
1.0,0.0,0.49834818,adm
1.0,1.0,0.50131905,adm
1.0,1.0,0.5036333,adm
1.0,1.0,0.5332502,adm
1.0,1.0,0.53331786,adm
1.0,1.0,0.53917855,adm
1.0,1.0,0.5250491,adm
1.0,1.0,0.5190946,adm
1.0,0.0,0.4771219,adm
1.0,1.0,0.5330579,adm
1.0,1.0,0.53134567,adm
1.0,0.0,0.48216885,adm
1.0,1.0,0.5933746,adm
1.0,0.0,0.4746969,adm
1.0,1.0,0.55564064,adm
1.0,0.0,0.46341076,adm
1.0,1.0,0.51297814,adm
1.0,1.0,0.50288415,adm
1.0,1.0,0.52944756,adm
1.0,1.0,0.51684415,adm
1.0,0.0,0.46279836,adm
1.0,1.0,0.56296,adm
1.0,1.0,0.5207965,adm
1.0,1.0,0.59747666,adm
1.0,1.0,0.53161514,adm
1.0,1.0,0.5009828,adm
1.0,1.0,0.51404375,adm
1.0,1.0,0.5502476,adm
1.0,0.0,0.47440088,adm
1.0,1.0,0.52470326,adm
1.0,1.0,0.51736236,adm
1.0,1.0,0.5465064,adm
1.0,0.0,0.4555295,adm
1.0,1.0,0.53380543,adm
1.0,1.0,0.5019681,adm
1.0,0.0,0.4984591,adm
1.0,0.0,0.49226424,adm
1.0,0.0,0.45264992,adm
1.0,0.0,0.4699317,adm
1.0,1.0,0.5780427,adm
1.0,0.0,0.48907715,adm
1.0,0.0,0.4613668,adm
1.0,0.0,0.49610803,adm
1.0,0.0,0.465617,adm
1.0,0.0,0.48333046,adm
1.0,0.0,0.47143462,adm
1.0,0.0,0.47898084,adm
1.0,1.0,0.5547792,adm
1.0,1.0,0.5241373,adm
1.0,0.0,0.4860967,adm
1.0,0.0,0.48277402,adm
1.0,1.0,0.5414449,adm
1.0,1.0,0.5548775,adm
1.0,0.0,0.49550462,adm
1.0,0.0,0.47995657,adm
1.0,1.0,0.5493336,adm
1.0,0.0,0.4947434,adm
1.0,1.0,0.53602684,adm
1.0,1.0,0.5884002,adm
1.0,0.0,0.46494138,adm
1.0,0.0,0.48009577,adm
1.0,0.0,0.4428902,adm
1.0,0.0,0.4709063,adm
1.0,1.0,0.54209507,adm
1.0,1.0,0.5829302,adm
1.0,1.0,0.5247917,adm
1.0,0.0,0.45267454,adm
1.0,0.0,0.4958744,adm
1.0,0.0,0.49304467,adm
1.0,0.0,0.46840024,adm
1.0,1.0,0.5820079,adm
1.0,0.0,0.4690061,adm
1.0,0.0,0.49954402,adm
1.0,1.0,0.5695122,adm
1.0,0.0,0.49742258,adm
1.0,0.0,0.46875784,adm
1.0,1.0,0.51898205,adm
1.0,0.0,0.48571494,adm
1.0,1.0,0.55626583,adm
1.0,1.0,0.5235547,adm
1.0,1.0,0.5218026,adm
1.0,1.0,0.57988566,adm
1.0,0.0,0.49382517,adm
1.0,1.0,0.52691495,adm
1.0,1.0,0.52006185,adm
1.0,1.0,0.51371545,adm
1.0,0.0,0.49747875,adm
1.0,1.0,0.5201561,adm
1.0,0.0,0.48303238,adm
1.0,0.0,0.46793553,adm
1.0,1.0,0.5566553,adm
1.0,1.0,0.5380707,adm
1.0,1.0,0.5472965,adm
1.0,1.0,0.5292643,adm
1.0,1.0,0.54070693,adm
1.0,1.0,0.5352838,adm
1.0,0.0,0.4951645,adm
1.0,0.0,0.49184746,adm
1.0,0.0,0.49528125,adm
1.0,1.0,0.52643454,adm
1.0,1.0,0.5017983,adm
1.0,0.0,0.4787863,adm
1.0,0.0,0.46433592,adm
1.0,1.0,0.53295976,adm
1.0,1.0,0.55783284,adm
1.0,1.0,0.51009995,adm
1.0,0.0,0.4633543,adm
1.0,1.0,0.52656764,adm
1.0,0.0,0.48283538,adm
1.0,1.0,0.55596316,adm
1.0,0.0,0.48199686,adm
1.0,0.0,0.453043,adm
1.0,0.0,0.4847175,adm
1.0,1.0,0.5281176,adm
1.0,0.0,0.48833597,adm
1.0,0.0,0.4950719,adm
1.0,1.0,0.54803646,adm
1.0,0.0,0.4911375,adm
1.0,1.0,0.50367,adm
1.0,0.0,0.48542678,adm
1.0,1.0,0.55020636,adm
1.0,0.0,0.4903249,adm
1.0,1.0,0.53843886,adm
1.0,1.0,0.551021,adm
1.0,1.0,0.5594891,adm
1.0,0.0,0.4903061,adm
1.0,1.0,0.50562495,adm
1.0,1.0,0.5502552,adm
1.0,1.0,0.55176854,adm
1.0,1.0,0.527585,adm
1.0,1.0,0.52390057,adm
1.0,1.0,0.58294654,adm
1.0,1.0,0.56709456,adm
1.0,1.0,0.515775,adm
1.0,1.0,0.60741764,adm
1.0,0.0,0.466944,adm
1.0,1.0,0.5743463,adm
1.0,1.0,0.5142375,adm
1.0,1.0,0.56894886,adm
1.0,0.0,0.49420053,adm
1.0,1.0,0.5150006,adm
1.0,1.0,0.5144676,adm
1.0,0.0,0.468993,adm
1.0,1.0,0.51732713,adm
1.0,1.0,0.54674244,adm
1.0,0.0,0.48541522,adm
1.0,0.0,0.49251974,adm
1.0,0.0,0.48915812,adm
1.0,1.0,0.5035606,adm
1.0,0.0,0.48748973,adm
1.0,0.0,0.48546556,adm
1.0,1.0,0.52822113,adm
1.0,1.0,0.51246417,adm
1.0,1.0,0.5623262,adm
1.0,1.0,0.500182,adm
1.0,1.0,0.53151286,adm
1.0,0.0,0.47495276,adm
1.0,1.0,0.54717386,adm
1.0,0.0,0.44333625,adm
1.0,1.0,0.536961,adm
1.0,0.0,0.46208924,adm
1.0,1.0,0.56774133,adm
1.0,1.0,0.5370919,adm
1.0,1.0,0.57591397,adm
1.0,1.0,0.513627,adm
1.0,1.0,0.53127116,adm
1.0,1.0,0.5784175,adm
1.0,0.0,0.4870001,adm
1.0,1.0,0.50909925,adm
1.0,0.0,0.49293002,adm
1.0,1.0,0.50795305,adm
1.0,0.0,0.47478884,adm
1.0,0.0,0.49816644,adm
1.0,1.0,0.5306806,adm
1.0,0.0,0.4807514,adm
1.0,1.0,0.5742761,adm
1.0,1.0,0.54328847,adm
1.0,0.0,0.47518107,adm
1.0,1.0,0.5379998,adm
1.0,1.0,0.5588851,adm
1.0,0.0,0.49926633,adm
1.0,0.0,0.4922832,adm
1.0,1.0,0.51971895,adm
1.0,1.0,0.5332575,adm
1.0,0.0,0.48408604,adm
1.0,0.0,0.45497742,adm
1.0,1.0,0.5670779,adm
1.0,1.0,0.5261454,adm
1.0,1.0,0.5309236,adm
1.0,1.0,0.5110944,adm
1.0,1.0,0.5464942,adm
1.0,1.0,0.5470405,adm
1.0,0.0,0.49595594,adm
1.0,0.0,0.49916264,adm
1.0,1.0,0.58084625,adm
1.0,0.0,0.4882639,adm
1.0,1.0,0.5769039,adm
1.0,0.0,0.49401698,adm
1.0,1.0,0.5271573,adm
1.0,1.0,0.51955044,adm
1.0,1.0,0.54747933,adm
1.0,0.0,0.471721,adm
1.0,0.0,0.47430128,adm
1.0,0.0,0.4934652,adm
1.0,0.0,0.4782669,adm
1.0,0.0,0.47068748,adm
1.0,0.0,0.48810655,adm
1.0,1.0,0.5562631,adm
1.0,1.0,0.540602,adm
1.0,1.0,0.5297972,adm
1.0,0.0,0.4919887,adm
1.0,0.0,0.4697975,adm
1.0,1.0,0.5164149,adm
1.0,1.0,0.5511241,adm
1.0,1.0,0.519688,adm
1.0,0.0,0.4510032,adm
1.0,0.0,0.4616284,adm
1.0,0.0,0.4743738,adm
1.0,1.0,0.5143679,adm
1.0,0.0,0.45804375,adm
1.0,0.0,0.49088258,adm
1.0,1.0,0.5451359,adm
1.0,1.0,0.5544684,adm
1.0,1.0,0.5078666,adm
1.0,0.0,0.4403543,adm
1.0,1.0,0.5882894,adm
1.0,1.0,0.50620896,adm
1.0,1.0,0.5130377,adm
1.0,1.0,0.5269756,adm
1.0,0.0,0.46392545,adm
1.0,1.0,0.54069495,adm
1.0,0.0,0.46319675,adm
1.0,0.0,0.46982202,adm
1.0,1.0,0.525393,adm
1.0,0.0,0.48198822,adm
1.0,1.0,0.5394178,adm
1.0,1.0,0.5981085,adm
1.0,1.0,0.5988542,adm
1.0,0.0,0.47371522,adm
1.0,1.0,0.5124007,adm
1.0,1.0,0.5408874,adm
1.0,0.0,0.49027413,adm
1.0,1.0,0.5128946,adm
1.0,0.0,0.44589573,adm
1.0,0.0,0.49948364,adm
1.0,1.0,0.5330788,adm
1.0,1.0,0.52637446,adm
1.0,0.0,0.48621112,adm
1.0,1.0,0.54250795,adm
1.0,1.0,0.53573465,adm
1.0,1.0,0.5267919,adm
1.0,0.0,0.4956915,adm
1.0,1.0,0.50233537,adm
1.0,1.0,0.5284838,adm
1.0,1.0,0.51997155,adm
1.0,1.0,0.5096222,adm
1.0,0.0,0.47302398,adm
1.0,1.0,0.52247167,adm
1.0,1.0,0.5247792,adm
1.0,0.0,0.4748522,adm
1.0,0.0,0.48817167,adm
1.0,0.0,0.4801131,adm
1.0,1.0,0.51093924,adm
1.0,0.0,0.47533277,adm
1.0,0.0,0.49811924,adm
1.0,0.0,0.48954266,adm
1.0,0.0,0.4986629,adm
1.0,0.0,0.48282394,adm
1.0,0.0,0.49530625,adm
1.0,0.0,0.4816319,adm
1.0,0.0,0.48621,adm
1.0,0.0,0.47928816,adm
1.0,1.0,0.50859815,adm
1.0,0.0,0.46976727,adm
1.0,0.0,0.46380043,adm
1.0,0.0,0.48255286,adm
1.0,0.0,0.4874061,adm
1.0,0.0,0.44160247,adm
1.0,0.0,0.48363295,adm
1.0,1.0,0.50666636,adm
1.0,0.0,0.48667407,adm
1.0,1.0,0.554218,adm
1.0,0.0,0.49428,adm
1.0,0.0,0.46870744,adm
1.0,1.0,0.5345599,adm
1.0,1.0,0.5100846,adm
1.0,1.0,0.5070232,adm
1.0,1.0,0.5377821,adm
1.0,1.0,0.5328689,adm
1.0,1.0,0.543678,adm
1.0,0.0,0.48340175,adm
1.0,0.0,0.46667936,adm
1.0,1.0,0.5459504,adm
1.0,1.0,0.54021776,adm
1.0,1.0,0.55728596,adm
1.0,1.0,0.5065425,adm
1.0,1.0,0.533224,adm
1.0,0.0,0.45765883,adm
1.0,0.0,0.44876692,adm
1.0,0.0,0.4546355,adm
1.0,0.0,0.4955435,adm
1.0,1.0,0.51176465,adm
1.0,1.0,0.51257616,adm
1.0,0.0,0.49814877,adm
1.0,1.0,0.5373277,adm
1.0,0.0,0.4923736,adm
1.0,1.0,0.54962325,adm
1.0,0.0,0.48314193,adm
1.0,0.0,0.47321203,adm
1.0,1.0,0.54081726,adm
1.0,1.0,0.50927603,adm
1.0,1.0,0.56473243,adm
1.0,1.0,0.5147287,adm
1.0,0.0,0.49751025,adm
1.0,0.0,0.47123808,adm
1.0,0.0,0.4995288,adm
1.0,1.0,0.519594,adm
1.0,1.0,0.5377658,adm
1.0,1.0,0.50860065,adm
1.0,0.0,0.44280463,adm
1.0,1.0,0.5129798,adm
1.0,1.0,0.55739415,adm
1.0,1.0,0.5460936,adm
1.0,1.0,0.5308644,adm
1.0,0.0,0.44418615,adm
1.0,0.0,0.49491236,adm
1.0,0.0,0.47755355,adm
1.0,1.0,0.54722506,adm
1.0,1.0,0.5144384,adm
1.0,0.0,0.4558498,adm
1.0,1.0,0.5226278,adm
1.0,0.0,0.48936358,adm
1.0,1.0,0.55281883,adm
1.0,0.0,0.4961644,adm
1.0,0.0,0.45907915,adm
1.0,0.0,0.49638718,adm
1.0,0.0,0.46757948,adm
1.0,0.0,0.47690195,adm
1.0,1.0,0.51789093,adm
1.0,1.0,0.5500646,adm
1.0,1.0,0.5368033,adm
1.0,1.0,0.51254475,adm
1.0,1.0,0.50160486,adm
1.0,1.0,0.5306849,adm
1.0,1.0,0.5409059,adm
1.0,0.0,0.46807063,adm
1.0,1.0,0.5284414,adm
1.0,1.0,0.5545737,adm
1.0,1.0,0.50970644,adm
1.0,1.0,0.5108121,adm
1.0,1.0,0.53447753,adm
1.0,0.0,0.49276137,adm
1.0,0.0,0.49752307,adm
1.0,1.0,0.5029646,adm
1.0,0.0,0.48362666,adm
1.0,0.0,0.44906098,adm
1.0,1.0,0.5034094,adm
1.0,0.0,0.45471033,adm
1.0,1.0,0.5453809,adm
1.0,1.0,0.5073306,adm
1.0,1.0,0.5044126,adm
1.0,0.0,0.4890229,adm
1.0,1.0,0.53070885,adm
1.0,1.0,0.5576927,adm
1.0,1.0,0.5352332,adm
1.0,0.0,0.48208117,adm
1.0,1.0,0.50474936,adm
1.0,1.0,0.5114599,adm
1.0,1.0,0.5165486,adm
1.0,1.0,0.53513545,adm
1.0,1.0,0.5139044,adm
1.0,1.0,0.53750724,adm
1.0,1.0,0.5264873,adm
1.0,0.0,0.48896754,adm
1.0,1.0,0.5003014,adm
1.0,1.0,0.523632,adm
1.0,1.0,0.52364635,adm
1.0,1.0,0.5309916,adm
1.0,1.0,0.5246004,adm
1.0,0.0,0.48776,adm
1.0,1.0,0.5639639,adm
1.0,1.0,0.5091074,adm
1.0,1.0,0.50283045,adm
1.0,0.0,0.45917904,adm
1.0,1.0,0.50806046,adm
1.0,1.0,0.58062446,adm
1.0,0.0,0.47057703,adm
1.0,1.0,0.51175135,adm
1.0,0.0,0.4961076,adm
1.0,1.0,0.54242057,adm
1.0,0.0,0.47652805,adm
1.0,1.0,0.52968824,adm
1.0,0.0,0.48354965,adm
1.0,1.0,0.50132996,adm
1.0,1.0,0.5158434,adm
1.0,0.0,0.49439538,adm
1.0,1.0,0.50403404,adm
1.0,1.0,0.5001535,adm
1.0,0.0,0.48708007,adm
1.0,1.0,0.5272114,adm
1.0,1.0,0.55655324,adm
1.0,1.0,0.53211445,adm
1.0,0.0,0.49604717,adm
1.0,0.0,0.49755523,adm
1.0,0.0,0.49923882,adm
1.0,1.0,0.5727518,adm
1.0,1.0,0.56745565,adm
1.0,0.0,0.47130463,adm
1.0,1.0,0.5751848,adm
1.0,1.0,0.5056656,adm
1.0,1.0,0.52126783,adm
1.0,0.0,0.4824414,adm
1.0,1.0,0.5556958,adm
1.0,1.0,0.5404839,adm
1.0,1.0,0.5233901,adm
1.0,1.0,0.50031817,adm
1.0,1.0,0.56308454,adm
1.0,1.0,0.5475469,adm
1.0,0.0,0.4810529,adm
1.0,1.0,0.59863544,adm
1.0,1.0,0.5204262,adm
1.0,1.0,0.559708,adm
1.0,1.0,0.56529576,adm
1.0,1.0,0.55917114,adm
1.0,0.0,0.47964713,adm
1.0,1.0,0.5594531,adm
1.0,1.0,0.5517399,adm
1.0,1.0,0.57035404,adm
1.0,1.0,0.58618563,adm
1.0,1.0,0.50913584,adm
1.0,1.0,0.5414014,adm
1.0,0.0,0.48197213,adm
1.0,0.0,0.47736537,adm
1.0,1.0,0.5597162,adm
1.0,1.0,0.5108695,adm
1.0,0.0,0.4801149,adm
1.0,1.0,0.58640355,adm
1.0,1.0,0.5307439,adm
1.0,1.0,0.5392811,adm
1.0,1.0,0.50838274,adm
1.0,1.0,0.50277156,adm
1.0,1.0,0.5768401,adm
1.0,0.0,0.47323936,adm
1.0,0.0,0.49270767,adm
1.0,1.0,0.54621947,adm
1.0,1.0,0.5400031,adm
1.0,1.0,0.5494752,adm
1.0,1.0,0.54444003,adm
1.0,1.0,0.5545195,adm
1.0,1.0,0.59923846,adm
1.0,1.0,0.5179749,adm
1.0,1.0,0.55879337,adm
1.0,1.0,0.57371616,adm
1.0,1.0,0.5389888,adm
1.0,1.0,0.5269346,adm
1.0,1.0,0.5388137,adm
1.0,1.0,0.5090873,adm
1.0,1.0,0.5919798,adm
1.0,0.0,0.49404934,adm
1.0,1.0,0.5257842,adm
1.0,1.0,0.5222065,adm
1.0,1.0,0.5805638,adm
1.0,1.0,0.5457114,adm
1.0,1.0,0.5077992,adm
1.0,1.0,0.587599,adm
1.0,1.0,0.516499,adm
1.0,1.0,0.56154656,adm
1.0,1.0,0.5570213,adm
1.0,1.0,0.5253208,adm
1.0,1.0,0.5833907,adm
1.0,0.0,0.49606806,adm
1.0,1.0,0.5225991,adm
1.0,1.0,0.5334146,adm
1.0,0.0,0.49951196,adm
1.0,1.0,0.50032663,adm
1.0,1.0,0.5065826,adm
1.0,1.0,0.5995276,adm
1.0,1.0,0.51316786,adm
1.0,1.0,0.5897103,adm
1.0,1.0,0.50997794,adm
1.0,1.0,0.59379,adm
1.0,1.0,0.56670845,adm
1.0,1.0,0.5002739,adm
1.0,1.0,0.51891303,adm
1.0,0.0,0.4492488,adm
1.0,1.0,0.5235766,adm
1.0,1.0,0.520282,adm
1.0,0.0,0.49713847,adm
1.0,1.0,0.524732,adm
1.0,1.0,0.53222036,adm
1.0,1.0,0.5377939,adm
1.0,1.0,0.54078805,adm
1.0,1.0,0.53926665,adm
1.0,0.0,0.48897022,adm
1.0,1.0,0.5582798,adm
1.0,1.0,0.52154595,adm
1.0,1.0,0.5208043,adm
1.0,1.0,0.5184909,adm
1.0,1.0,0.52897686,adm
1.0,0.0,0.47794202,adm
1.0,1.0,0.5515435,adm
1.0,1.0,0.554506,adm
1.0,1.0,0.5831039,adm
1.0,0.0,0.49362192,adm
1.0,1.0,0.52444226,adm
1.0,1.0,0.5496393,adm
1.0,0.0,0.42785075,adm
1.0,1.0,0.5398119,adm
1.0,1.0,0.51081103,adm
1.0,1.0,0.5330474,adm
1.0,0.0,0.49002475,adm
1.0,1.0,0.53091925,adm
1.0,1.0,0.5178962,adm
1.0,1.0,0.52033263,adm
1.0,1.0,0.52814096,adm
1.0,1.0,0.53960615,adm
1.0,1.0,0.53229606,adm
1.0,0.0,0.47451478,adm
1.0,1.0,0.5371526,adm
1.0,1.0,0.5333242,adm
1.0,1.0,0.5475136,adm
1.0,1.0,0.55003846,adm
1.0,1.0,0.5912566,adm
1.0,0.0,0.4566741,adm
1.0,0.0,0.4724937,adm
1.0,1.0,0.52796894,adm
1.0,1.0,0.52901757,adm
1.0,1.0,0.52824014,adm
1.0,1.0,0.54992163,adm
1.0,1.0,0.5483911,adm
1.0,1.0,0.5110082,adm
1.0,1.0,0.5094437,adm
1.0,0.0,0.48778906,adm
1.0,1.0,0.55686104,adm
1.0,1.0,0.5755275,adm
1.0,1.0,0.6146591,adm
1.0,0.0,0.47939137,adm
1.0,1.0,0.54330647,adm
1.0,1.0,0.5234115,adm
1.0,1.0,0.5382405,adm
1.0,0.0,0.49583974,adm
1.0,0.0,0.46055442,adm
1.0,1.0,0.52803594,adm
1.0,1.0,0.51565754,adm
1.0,1.0,0.58459544,adm
1.0,1.0,0.5216324,adm
1.0,0.0,0.46040335,adm
1.0,1.0,0.5995592,adm
1.0,1.0,0.5524072,adm
1.0,1.0,0.5474659,adm
1.0,1.0,0.5003729,adm
1.0,0.0,0.49976254,adm
1.0,0.0,0.49577487,adm
1.0,1.0,0.58146775,adm
1.0,1.0,0.55194676,adm
1.0,1.0,0.5840224,adm
1.0,1.0,0.5189226,adm
1.0,1.0,0.55787164,adm
1.0,1.0,0.5745479,adm
1.0,0.0,0.49965495,adm
1.0,0.0,0.4534646,adm
1.0,1.0,0.5982909,adm
1.0,1.0,0.5102406,adm
1.0,1.0,0.52784693,adm
1.0,1.0,0.5208552,adm
1.0,0.0,0.47086295,adm
1.0,0.0,0.47895688,adm
1.0,0.0,0.47731203,adm
1.0,1.0,0.5488496,adm
1.0,1.0,0.5481552,adm
1.0,1.0,0.6261231,adm
1.0,1.0,0.60813594,adm
1.0,1.0,0.50741583,adm
1.0,0.0,0.4891514,adm
1.0,1.0,0.5196769,adm
1.0,1.0,0.5402041,adm
1.0,1.0,0.5326113,adm
1.0,1.0,0.53434753,adm
1.0,0.0,0.46932217,adm
1.0,1.0,0.52209735,adm
1.0,1.0,0.5082299,adm
1.0,1.0,0.53281295,adm
1.0,1.0,0.50112456,adm
1.0,0.0,0.48548838,adm
1.0,1.0,0.50767714,adm
1.0,1.0,0.5527063,adm
1.0,1.0,0.5499833,adm
1.0,0.0,0.4912284,adm
1.0,1.0,0.58480984,adm
1.0,1.0,0.5818846,adm
1.0,1.0,0.5365786,adm
1.0,1.0,0.52041477,adm
1.0,1.0,0.51747847,adm
1.0,1.0,0.52745473,adm
1.0,1.0,0.5694834,adm
1.0,0.0,0.49609926,adm
1.0,0.0,0.47677386,adm
1.0,1.0,0.5231685,adm
1.0,1.0,0.55809563,adm
1.0,1.0,0.52348787,adm
1.0,1.0,0.5265155,adm
1.0,1.0,0.5213782,adm
1.0,1.0,0.50576407,adm
1.0,1.0,0.5614565,adm
1.0,1.0,0.5906967,adm
1.0,1.0,0.53476506,adm
1.0,0.0,0.49727255,adm
1.0,0.0,0.4905674,adm
1.0,1.0,0.52766544,adm
1.0,1.0,0.50063014,adm
1.0,1.0,0.56282216,adm
1.0,1.0,0.50756,adm
1.0,0.0,0.49352288,adm
1.0,1.0,0.5124082,adm
1.0,0.0,0.48156402,adm
1.0,0.0,0.4578781,adm
1.0,0.0,0.49927923,adm
1.0,1.0,0.5804263,adm
1.0,1.0,0.5360525,adm
1.0,0.0,0.4995147,adm
1.0,1.0,0.5005116,adm
1.0,0.0,0.486987,adm
1.0,0.0,0.49923146,adm
1.0,1.0,0.5148034,adm
1.0,1.0,0.5080936,adm
1.0,1.0,0.53424966,adm
1.0,1.0,0.52974695,adm
1.0,1.0,0.53547025,adm
1.0,1.0,0.5014041,adm
1.0,0.0,0.49125308,adm
1.0,1.0,0.55123484,adm
1.0,1.0,0.5200634,adm
1.0,1.0,0.5342012,adm
1.0,0.0,0.48775184,adm
1.0,1.0,0.5178867,adm
1.0,1.0,0.5210919,adm
1.0,1.0,0.55615693,adm
1.0,1.0,0.5314868,adm
1.0,1.0,0.50300425,adm
1.0,1.0,0.5545247,adm
1.0,1.0,0.5111252,adm
1.0,1.0,0.5423257,adm
1.0,1.0,0.5395109,adm
1.0,0.0,0.4702296,adm
1.0,1.0,0.5297322,adm
1.0,0.0,0.46753675,adm
1.0,1.0,0.54640245,adm
1.0,1.0,0.50752854,adm
1.0,1.0,0.50075805,adm
1.0,1.0,0.54927695,adm
1.0,0.0,0.47746828,adm
1.0,1.0,0.5688391,adm
1.0,0.0,0.45176664,adm
1.0,0.0,0.49014762,adm
1.0,0.0,0.47203338,adm
1.0,0.0,0.4883877,adm
1.0,0.0,0.47136715,adm
1.0,1.0,0.5019672,adm
1.0,1.0,0.54839265,adm
1.0,1.0,0.51828563,adm
1.0,1.0,0.5368578,adm
1.0,1.0,0.5294626,adm
1.0,1.0,0.5578019,adm
1.0,1.0,0.5342439,adm
1.0,0.0,0.46228558,adm
1.0,1.0,0.53257275,adm
1.0,0.0,0.4893379,adm
1.0,1.0,0.5629236,adm
1.0,1.0,0.52275354,adm
1.0,1.0,0.60618216,adm
1.0,0.0,0.49125078,adm
1.0,1.0,0.5198849,adm
1.0,1.0,0.5193804,adm
1.0,1.0,0.5508514,adm
1.0,0.0,0.4980057,adm
1.0,1.0,0.51985854,adm
1.0,1.0,0.54959387,adm
1.0,1.0,0.509074,adm
1.0,1.0,0.5128869,adm
1.0,0.0,0.44857273,adm
1.0,1.0,0.54912776,adm
1.0,1.0,0.5516578,adm
1.0,1.0,0.55407697,adm
1.0,1.0,0.5627012,adm
1.0,0.0,0.46217936,adm
1.0,1.0,0.5187264,adm
1.0,1.0,0.50162596,adm
1.0,1.0,0.5203117,adm
1.0,1.0,0.50163674,adm
1.0,0.0,0.45078686,adm
1.0,1.0,0.56412536,adm
1.0,1.0,0.52287567,adm
1.0,0.0,0.49703023,adm
1.0,1.0,0.50585884,adm
1.0,1.0,0.5780958,adm
1.0,1.0,0.52620983,adm
1.0,0.0,0.4860489,adm
1.0,0.0,0.47407,adm
1.0,0.0,0.48335636,adm
1.0,0.0,0.48873177,adm
1.0,0.0,0.46688944,adm
1.0,0.0,0.48454088,adm
1.0,0.0,0.4842322,adm
1.0,1.0,0.5155892,adm
1.0,1.0,0.5273397,adm
1.0,1.0,0.5939145,adm
1.0,1.0,0.51869154,adm
1.0,1.0,0.53997046,adm
1.0,1.0,0.5105118,adm
1.0,1.0,0.5534553,adm
1.0,1.0,0.5220553,adm
1.0,1.0,0.5446516,adm
1.0,1.0,0.51885426,adm
1.0,1.0,0.5385321,adm
1.0,0.0,0.46001107,adm
1.0,1.0,0.53159446,adm
1.0,0.0,0.44999012,adm
1.0,1.0,0.528152,adm
1.0,1.0,0.52570826,adm
1.0,1.0,0.5595379,adm
1.0,0.0,0.4957212,adm
1.0,1.0,0.5519763,adm
1.0,0.0,0.48436707,adm
1.0,1.0,0.5561067,adm
1.0,0.0,0.45968103,adm
1.0,1.0,0.51441497,adm
1.0,1.0,0.51435035,adm
1.0,1.0,0.5025907,adm
1.0,0.0,0.4378044,adm
1.0,1.0,0.55478024,adm
1.0,1.0,0.58455974,adm
1.0,1.0,0.550104,adm
1.0,1.0,0.5059453,adm
1.0,1.0,0.5232785,adm
1.0,0.0,0.4520328,adm
1.0,0.0,0.45532137,adm
1.0,1.0,0.5821134,adm
1.0,0.0,0.4616204,adm
1.0,0.0,0.4923424,adm
1.0,1.0,0.52651024,adm
1.0,1.0,0.5920794,adm
1.0,1.0,0.5743113,adm
1.0,1.0,0.5124779,adm
1.0,0.0,0.4554887,adm
1.0,1.0,0.5938002,adm
1.0,0.0,0.46056795,adm
1.0,1.0,0.51670927,adm
1.0,1.0,0.53720903,adm
1.0,0.0,0.49860582,adm
1.0,1.0,0.5729957,adm
1.0,0.0,0.48237017,adm
1.0,0.0,0.4628478,latent_diffusion
1.0,1.0,0.5564665,latent_diffusion
1.0,1.0,0.5037092,latent_diffusion
1.0,1.0,0.5772304,latent_diffusion
1.0,1.0,0.60412085,latent_diffusion
1.0,0.0,0.48869717,latent_diffusion
1.0,0.0,0.4492574,latent_diffusion
1.0,1.0,0.5690655,latent_diffusion
1.0,0.0,0.478672,latent_diffusion
1.0,0.0,0.4634405,latent_diffusion
1.0,0.0,0.45276812,latent_diffusion
1.0,1.0,0.520544,latent_diffusion
1.0,1.0,0.54248285,latent_diffusion
1.0,1.0,0.5323528,latent_diffusion
1.0,1.0,0.52181756,latent_diffusion
1.0,1.0,0.52990836,latent_diffusion
1.0,1.0,0.51920104,latent_diffusion
1.0,0.0,0.4918052,latent_diffusion
1.0,1.0,0.55578655,latent_diffusion
1.0,0.0,0.49102315,latent_diffusion
1.0,0.0,0.49421105,latent_diffusion
1.0,1.0,0.50059074,latent_diffusion
1.0,1.0,0.5109967,latent_diffusion
1.0,0.0,0.48489702,latent_diffusion
1.0,1.0,0.5562328,latent_diffusion
1.0,0.0,0.49978027,latent_diffusion
1.0,0.0,0.48852423,latent_diffusion
1.0,1.0,0.53593934,latent_diffusion
1.0,1.0,0.5344192,latent_diffusion
1.0,1.0,0.53716236,latent_diffusion
1.0,0.0,0.45996258,latent_diffusion
1.0,1.0,0.5710554,latent_diffusion
1.0,0.0,0.48471636,latent_diffusion
1.0,1.0,0.5122856,latent_diffusion
1.0,1.0,0.5232746,latent_diffusion
1.0,0.0,0.4670948,latent_diffusion
1.0,1.0,0.5169044,latent_diffusion
1.0,0.0,0.4915021,latent_diffusion
1.0,0.0,0.4944293,latent_diffusion
1.0,1.0,0.505756,latent_diffusion
1.0,0.0,0.47814116,latent_diffusion
1.0,1.0,0.50956374,latent_diffusion
1.0,1.0,0.5380685,latent_diffusion
1.0,1.0,0.5099679,latent_diffusion
1.0,1.0,0.5562298,latent_diffusion
1.0,1.0,0.51205426,latent_diffusion
1.0,1.0,0.5105868,latent_diffusion
1.0,1.0,0.5584661,latent_diffusion
1.0,1.0,0.5143447,latent_diffusion
1.0,1.0,0.5226918,latent_diffusion
1.0,1.0,0.518162,latent_diffusion
1.0,1.0,0.509135,latent_diffusion
1.0,1.0,0.55659586,latent_diffusion
1.0,1.0,0.50569093,latent_diffusion
1.0,1.0,0.5009578,latent_diffusion
1.0,1.0,0.5247372,latent_diffusion
1.0,1.0,0.52491236,latent_diffusion
1.0,1.0,0.5584248,latent_diffusion
1.0,0.0,0.48432153,latent_diffusion
1.0,1.0,0.5010102,latent_diffusion
1.0,0.0,0.4860396,latent_diffusion
1.0,0.0,0.49541065,latent_diffusion
1.0,0.0,0.46187726,latent_diffusion
1.0,1.0,0.53892916,latent_diffusion
1.0,1.0,0.50567317,latent_diffusion
1.0,1.0,0.51131755,latent_diffusion
1.0,0.0,0.4751234,latent_diffusion
1.0,1.0,0.5117484,latent_diffusion
1.0,1.0,0.5347331,latent_diffusion
1.0,0.0,0.46454963,latent_diffusion
1.0,1.0,0.5282931,latent_diffusion
1.0,1.0,0.532004,latent_diffusion
1.0,0.0,0.46337432,latent_diffusion
1.0,1.0,0.53859407,latent_diffusion
1.0,1.0,0.5605963,latent_diffusion
1.0,1.0,0.51593477,latent_diffusion
1.0,0.0,0.48280615,latent_diffusion
1.0,1.0,0.5089673,latent_diffusion
1.0,1.0,0.5200576,latent_diffusion
1.0,0.0,0.49941465,latent_diffusion
1.0,1.0,0.5462689,latent_diffusion
1.0,1.0,0.5297772,latent_diffusion
1.0,0.0,0.48158142,latent_diffusion
1.0,0.0,0.49846935,latent_diffusion
1.0,1.0,0.5349005,latent_diffusion
1.0,1.0,0.5032743,latent_diffusion
1.0,1.0,0.530227,latent_diffusion
1.0,1.0,0.5064514,latent_diffusion
1.0,1.0,0.5853989,latent_diffusion
1.0,0.0,0.48713937,latent_diffusion
1.0,0.0,0.48954567,latent_diffusion
1.0,0.0,0.47400245,latent_diffusion
1.0,0.0,0.44304428,latent_diffusion
1.0,0.0,0.49716243,latent_diffusion
1.0,0.0,0.48090583,latent_diffusion
1.0,1.0,0.53938836,latent_diffusion
1.0,1.0,0.54345316,latent_diffusion
1.0,0.0,0.49670193,latent_diffusion
1.0,0.0,0.48537847,latent_diffusion
1.0,1.0,0.52345896,latent_diffusion
1.0,0.0,0.4847657,latent_diffusion
1.0,1.0,0.54088974,latent_diffusion
1.0,0.0,0.47037166,latent_diffusion
1.0,0.0,0.49963692,latent_diffusion
1.0,1.0,0.52715516,latent_diffusion
1.0,0.0,0.44516334,latent_diffusion
1.0,1.0,0.5016438,latent_diffusion
1.0,0.0,0.48397523,latent_diffusion
1.0,0.0,0.453026,latent_diffusion
1.0,1.0,0.50021976,latent_diffusion
1.0,1.0,0.5087681,latent_diffusion
1.0,0.0,0.41852313,latent_diffusion
1.0,0.0,0.47029358,latent_diffusion
1.0,1.0,0.5064636,latent_diffusion
1.0,1.0,0.59374106,latent_diffusion
1.0,0.0,0.437055,latent_diffusion
1.0,0.0,0.48220173,latent_diffusion
1.0,1.0,0.50922,latent_diffusion
1.0,0.0,0.4356573,latent_diffusion
1.0,1.0,0.51751286,latent_diffusion
1.0,0.0,0.4641396,latent_diffusion
1.0,1.0,0.53154147,latent_diffusion
1.0,1.0,0.52757406,latent_diffusion
1.0,1.0,0.5770767,latent_diffusion
1.0,0.0,0.4724503,latent_diffusion
1.0,1.0,0.5610899,latent_diffusion
1.0,1.0,0.5389411,latent_diffusion
1.0,1.0,0.5607997,latent_diffusion
1.0,1.0,0.53002936,latent_diffusion
1.0,1.0,0.5263874,latent_diffusion
1.0,0.0,0.4794504,latent_diffusion
1.0,0.0,0.4979218,latent_diffusion
1.0,1.0,0.5683156,latent_diffusion
1.0,1.0,0.5790937,latent_diffusion
1.0,1.0,0.53266466,latent_diffusion
1.0,1.0,0.52507406,latent_diffusion
1.0,1.0,0.54403424,latent_diffusion
1.0,1.0,0.56705636,latent_diffusion
1.0,1.0,0.5224145,latent_diffusion
1.0,0.0,0.45990038,latent_diffusion
1.0,1.0,0.53830147,latent_diffusion
1.0,1.0,0.512788,latent_diffusion
1.0,0.0,0.47056797,latent_diffusion
1.0,0.0,0.4754187,latent_diffusion
1.0,0.0,0.47446063,latent_diffusion
1.0,0.0,0.48592,latent_diffusion
1.0,0.0,0.43038213,latent_diffusion
1.0,0.0,0.45851496,latent_diffusion
1.0,1.0,0.5440332,latent_diffusion
1.0,0.0,0.47968474,latent_diffusion
1.0,1.0,0.53089833,latent_diffusion
1.0,1.0,0.53006417,latent_diffusion
1.0,1.0,0.5050395,latent_diffusion
1.0,0.0,0.43401343,latent_diffusion
1.0,0.0,0.4626553,latent_diffusion
1.0,0.0,0.46785927,latent_diffusion
1.0,1.0,0.5038803,latent_diffusion
1.0,0.0,0.46651316,latent_diffusion
1.0,1.0,0.5093027,latent_diffusion
1.0,1.0,0.560484,latent_diffusion
1.0,0.0,0.4831874,latent_diffusion
1.0,1.0,0.5680486,latent_diffusion
1.0,0.0,0.48961487,latent_diffusion
1.0,1.0,0.5289121,latent_diffusion
1.0,1.0,0.5455989,latent_diffusion
1.0,1.0,0.5233285,latent_diffusion
1.0,1.0,0.5692554,latent_diffusion
1.0,1.0,0.5366655,latent_diffusion
1.0,0.0,0.48065037,latent_diffusion
1.0,1.0,0.56540227,latent_diffusion
1.0,1.0,0.5493345,latent_diffusion
1.0,1.0,0.55686843,latent_diffusion
1.0,1.0,0.561525,latent_diffusion
1.0,1.0,0.5068015,latent_diffusion
1.0,1.0,0.53856814,latent_diffusion
1.0,1.0,0.5164174,latent_diffusion
1.0,0.0,0.457832,latent_diffusion
1.0,1.0,0.536484,latent_diffusion
1.0,0.0,0.4806594,latent_diffusion
1.0,1.0,0.5011093,latent_diffusion
1.0,1.0,0.5384382,latent_diffusion
1.0,0.0,0.46078727,latent_diffusion
1.0,0.0,0.48533657,latent_diffusion
1.0,1.0,0.5129518,latent_diffusion
1.0,0.0,0.49507242,latent_diffusion
1.0,1.0,0.55037695,latent_diffusion
1.0,0.0,0.4771547,latent_diffusion
1.0,1.0,0.5326404,latent_diffusion
1.0,0.0,0.49134234,latent_diffusion
1.0,1.0,0.50655776,latent_diffusion
1.0,1.0,0.5033187,latent_diffusion
1.0,1.0,0.5524473,latent_diffusion
1.0,0.0,0.45716238,latent_diffusion
1.0,1.0,0.50754786,latent_diffusion
1.0,0.0,0.4951519,latent_diffusion
1.0,0.0,0.4900217,latent_diffusion
1.0,0.0,0.46994624,latent_diffusion
1.0,1.0,0.53969526,latent_diffusion
1.0,1.0,0.50932646,latent_diffusion
1.0,1.0,0.5333693,latent_diffusion
1.0,0.0,0.44384414,latent_diffusion
1.0,1.0,0.5777103,latent_diffusion
1.0,1.0,0.5245817,latent_diffusion
1.0,1.0,0.55185807,latent_diffusion
1.0,1.0,0.54479253,latent_diffusion
1.0,1.0,0.57124275,latent_diffusion
1.0,1.0,0.5594316,latent_diffusion
1.0,1.0,0.52245027,latent_diffusion
1.0,0.0,0.48480058,latent_diffusion
1.0,0.0,0.48177344,latent_diffusion
1.0,1.0,0.50021195,latent_diffusion
1.0,0.0,0.4777164,latent_diffusion
1.0,1.0,0.5121744,latent_diffusion
1.0,0.0,0.48050725,latent_diffusion
1.0,0.0,0.4956587,latent_diffusion
1.0,1.0,0.5124213,latent_diffusion
1.0,1.0,0.50844854,latent_diffusion
1.0,1.0,0.55197394,latent_diffusion
1.0,0.0,0.45498097,latent_diffusion
1.0,1.0,0.51847744,latent_diffusion
1.0,0.0,0.46478578,latent_diffusion
1.0,0.0,0.486891,latent_diffusion
1.0,1.0,0.57797885,latent_diffusion
1.0,0.0,0.4735905,latent_diffusion
1.0,1.0,0.5490719,latent_diffusion
1.0,0.0,0.4752368,latent_diffusion
1.0,1.0,0.50323796,latent_diffusion
1.0,1.0,0.57086664,latent_diffusion
1.0,1.0,0.5203993,latent_diffusion
1.0,0.0,0.49220243,latent_diffusion
1.0,1.0,0.5392368,latent_diffusion
1.0,1.0,0.50381386,latent_diffusion
1.0,1.0,0.50345176,latent_diffusion
1.0,1.0,0.50599706,latent_diffusion
1.0,1.0,0.5400071,latent_diffusion
1.0,1.0,0.5039851,latent_diffusion
1.0,1.0,0.5243774,latent_diffusion
1.0,0.0,0.4874724,latent_diffusion
1.0,1.0,0.5197417,latent_diffusion
1.0,1.0,0.55080205,latent_diffusion
1.0,1.0,0.553997,latent_diffusion
1.0,1.0,0.54850453,latent_diffusion
1.0,1.0,0.5093519,latent_diffusion
1.0,1.0,0.55904484,latent_diffusion
1.0,0.0,0.47844866,latent_diffusion
1.0,1.0,0.56324303,latent_diffusion
1.0,0.0,0.48496208,latent_diffusion
1.0,1.0,0.536102,latent_diffusion
1.0,0.0,0.45819438,latent_diffusion
1.0,0.0,0.49372837,latent_diffusion
1.0,1.0,0.5040184,latent_diffusion
1.0,0.0,0.4746969,latent_diffusion
1.0,0.0,0.49842593,latent_diffusion
1.0,1.0,0.51933604,latent_diffusion
1.0,1.0,0.53604776,latent_diffusion
1.0,0.0,0.48833233,latent_diffusion
1.0,0.0,0.46462905,latent_diffusion
1.0,1.0,0.54135805,latent_diffusion
1.0,0.0,0.45355743,latent_diffusion
1.0,0.0,0.47133642,latent_diffusion
1.0,1.0,0.503854,latent_diffusion
1.0,1.0,0.53328,latent_diffusion
1.0,1.0,0.5019798,latent_diffusion
1.0,0.0,0.4878072,latent_diffusion
1.0,1.0,0.5166411,latent_diffusion
1.0,1.0,0.5074496,latent_diffusion
1.0,0.0,0.4740114,latent_diffusion
1.0,1.0,0.5356877,latent_diffusion
1.0,0.0,0.47494823,latent_diffusion
1.0,0.0,0.4854396,latent_diffusion
1.0,1.0,0.52590686,latent_diffusion
1.0,0.0,0.49754012,latent_diffusion
1.0,0.0,0.47367185,latent_diffusion
1.0,1.0,0.5172756,latent_diffusion
1.0,1.0,0.5328474,latent_diffusion
1.0,1.0,0.5281914,latent_diffusion
1.0,0.0,0.45722678,latent_diffusion
1.0,1.0,0.50926656,latent_diffusion
1.0,0.0,0.4478032,latent_diffusion
1.0,0.0,0.48407772,latent_diffusion
1.0,0.0,0.49273,latent_diffusion
1.0,0.0,0.48649907,latent_diffusion
1.0,0.0,0.47212717,latent_diffusion
1.0,1.0,0.5461799,latent_diffusion
1.0,0.0,0.45104882,latent_diffusion
1.0,0.0,0.46670395,latent_diffusion
1.0,1.0,0.56668127,latent_diffusion
1.0,0.0,0.45989126,latent_diffusion
1.0,0.0,0.49058756,latent_diffusion
1.0,1.0,0.56236434,latent_diffusion
1.0,1.0,0.5542795,latent_diffusion
1.0,1.0,0.5042746,latent_diffusion
1.0,0.0,0.4710749,latent_diffusion
1.0,1.0,0.57517827,latent_diffusion
1.0,1.0,0.5950738,latent_diffusion
1.0,1.0,0.5642098,latent_diffusion
1.0,1.0,0.5356725,latent_diffusion
1.0,0.0,0.4987352,latent_diffusion
1.0,0.0,0.46205115,latent_diffusion
1.0,0.0,0.4669132,latent_diffusion
1.0,1.0,0.5119504,latent_diffusion
1.0,1.0,0.56616575,latent_diffusion
1.0,0.0,0.47805408,latent_diffusion
1.0,1.0,0.50442743,latent_diffusion
1.0,1.0,0.5200957,latent_diffusion
1.0,1.0,0.5236169,latent_diffusion
1.0,0.0,0.4776976,latent_diffusion
1.0,1.0,0.5348784,latent_diffusion
1.0,1.0,0.5062468,latent_diffusion
1.0,0.0,0.4831992,latent_diffusion
1.0,0.0,0.49896598,latent_diffusion
1.0,1.0,0.5596441,latent_diffusion
1.0,0.0,0.49593362,latent_diffusion
1.0,1.0,0.5131859,latent_diffusion
1.0,1.0,0.5565937,latent_diffusion
1.0,1.0,0.5481745,latent_diffusion
1.0,1.0,0.51324016,latent_diffusion
1.0,0.0,0.454103,latent_diffusion
1.0,1.0,0.5109101,latent_diffusion
1.0,0.0,0.48805186,latent_diffusion
1.0,0.0,0.48000997,latent_diffusion
1.0,1.0,0.53026515,latent_diffusion
1.0,1.0,0.55890477,latent_diffusion
1.0,1.0,0.54936016,latent_diffusion
1.0,1.0,0.52691704,latent_diffusion
1.0,1.0,0.50074625,latent_diffusion
1.0,0.0,0.48836246,latent_diffusion
1.0,0.0,0.47250405,latent_diffusion
1.0,1.0,0.5006497,latent_diffusion
1.0,1.0,0.5608702,latent_diffusion
1.0,1.0,0.54188925,latent_diffusion
1.0,1.0,0.5114271,latent_diffusion
1.0,1.0,0.53494114,latent_diffusion
1.0,0.0,0.49066374,latent_diffusion
1.0,0.0,0.47637266,latent_diffusion
1.0,0.0,0.49747917,latent_diffusion
1.0,1.0,0.52864575,latent_diffusion
1.0,1.0,0.5353095,latent_diffusion
1.0,1.0,0.5231519,latent_diffusion
1.0,1.0,0.50843894,latent_diffusion
1.0,1.0,0.5666805,latent_diffusion
1.0,0.0,0.4956017,latent_diffusion
1.0,0.0,0.49887362,latent_diffusion
1.0,0.0,0.48236227,latent_diffusion
1.0,1.0,0.5035119,latent_diffusion
1.0,1.0,0.52222556,latent_diffusion
1.0,0.0,0.47080934,latent_diffusion
1.0,0.0,0.49675593,latent_diffusion
1.0,0.0,0.46654588,latent_diffusion
1.0,1.0,0.57189566,latent_diffusion
1.0,1.0,0.5240505,latent_diffusion
1.0,1.0,0.5086369,latent_diffusion
1.0,0.0,0.45226455,latent_diffusion
1.0,0.0,0.48869625,latent_diffusion
1.0,1.0,0.5265789,latent_diffusion
1.0,1.0,0.5025211,latent_diffusion
1.0,1.0,0.5278655,latent_diffusion
1.0,1.0,0.544999,latent_diffusion
1.0,1.0,0.5320058,latent_diffusion
1.0,1.0,0.51151574,latent_diffusion
1.0,1.0,0.51857793,latent_diffusion
1.0,1.0,0.50546336,latent_diffusion
1.0,1.0,0.5368714,latent_diffusion
1.0,0.0,0.4960101,latent_diffusion
1.0,1.0,0.5026432,latent_diffusion
1.0,1.0,0.55187774,latent_diffusion
1.0,1.0,0.5084302,latent_diffusion
1.0,1.0,0.5335999,latent_diffusion
1.0,1.0,0.55274564,latent_diffusion
1.0,1.0,0.5167803,latent_diffusion
1.0,1.0,0.5168577,latent_diffusion
1.0,1.0,0.5289881,latent_diffusion
1.0,1.0,0.5339906,latent_diffusion
1.0,1.0,0.53516555,latent_diffusion
1.0,1.0,0.51078254,latent_diffusion
1.0,0.0,0.48124576,latent_diffusion
1.0,1.0,0.52639437,latent_diffusion
1.0,1.0,0.5230273,latent_diffusion
1.0,0.0,0.49151278,latent_diffusion
1.0,1.0,0.57725173,latent_diffusion
1.0,1.0,0.520348,latent_diffusion
1.0,0.0,0.44997805,latent_diffusion
1.0,1.0,0.51839465,latent_diffusion
1.0,1.0,0.5490667,latent_diffusion
1.0,0.0,0.499496,latent_diffusion
1.0,1.0,0.51044685,latent_diffusion
1.0,1.0,0.5503787,latent_diffusion
1.0,1.0,0.5327663,latent_diffusion
1.0,0.0,0.46506983,latent_diffusion
1.0,1.0,0.5065894,latent_diffusion
1.0,0.0,0.47525516,latent_diffusion
1.0,1.0,0.5843898,latent_diffusion
1.0,1.0,0.5315462,latent_diffusion
1.0,1.0,0.5062209,latent_diffusion
1.0,1.0,0.5469591,latent_diffusion
1.0,1.0,0.5489993,latent_diffusion
1.0,1.0,0.5870593,latent_diffusion
1.0,1.0,0.5129014,latent_diffusion
1.0,0.0,0.49424368,latent_diffusion
1.0,1.0,0.5303493,latent_diffusion
1.0,0.0,0.48898658,latent_diffusion
1.0,1.0,0.53448445,latent_diffusion
1.0,1.0,0.53522706,latent_diffusion
1.0,0.0,0.49219626,latent_diffusion
1.0,0.0,0.46726373,latent_diffusion
1.0,1.0,0.5149472,latent_diffusion
1.0,1.0,0.54259145,latent_diffusion
1.0,1.0,0.5326783,latent_diffusion
1.0,0.0,0.49310282,latent_diffusion
1.0,1.0,0.52953976,latent_diffusion
1.0,0.0,0.47299558,latent_diffusion
1.0,0.0,0.48637748,latent_diffusion
1.0,0.0,0.4563143,latent_diffusion
1.0,0.0,0.47732338,latent_diffusion
1.0,1.0,0.52241296,latent_diffusion
1.0,0.0,0.48755953,latent_diffusion
1.0,0.0,0.46083516,latent_diffusion
1.0,1.0,0.50629103,latent_diffusion
1.0,1.0,0.5437674,latent_diffusion
1.0,0.0,0.44228393,latent_diffusion
1.0,1.0,0.588887,latent_diffusion
1.0,1.0,0.558271,latent_diffusion
1.0,0.0,0.4968631,latent_diffusion
1.0,0.0,0.4855,latent_diffusion
1.0,1.0,0.51284343,latent_diffusion
1.0,0.0,0.48858705,latent_diffusion
1.0,1.0,0.5700178,latent_diffusion
1.0,0.0,0.48641455,latent_diffusion
1.0,1.0,0.5305459,latent_diffusion
1.0,0.0,0.4784002,latent_diffusion
1.0,0.0,0.48886144,latent_diffusion
1.0,1.0,0.5087436,latent_diffusion
1.0,1.0,0.5248678,latent_diffusion
1.0,1.0,0.53547406,latent_diffusion
1.0,0.0,0.4861024,latent_diffusion
1.0,0.0,0.49089098,latent_diffusion
1.0,1.0,0.5133307,latent_diffusion
1.0,1.0,0.5234944,latent_diffusion
1.0,0.0,0.4814854,latent_diffusion
1.0,0.0,0.47548,latent_diffusion
1.0,1.0,0.51309705,latent_diffusion
1.0,1.0,0.5141139,latent_diffusion
1.0,1.0,0.52940094,latent_diffusion
1.0,1.0,0.5041712,latent_diffusion
1.0,1.0,0.5215028,latent_diffusion
1.0,1.0,0.57612485,latent_diffusion
1.0,0.0,0.45538673,latent_diffusion
1.0,0.0,0.48604816,latent_diffusion
1.0,1.0,0.50771743,latent_diffusion
1.0,1.0,0.52626276,latent_diffusion
1.0,0.0,0.45877555,latent_diffusion
1.0,1.0,0.5215934,latent_diffusion
1.0,1.0,0.56242234,latent_diffusion
1.0,1.0,0.51711804,latent_diffusion
1.0,0.0,0.4675181,latent_diffusion
1.0,1.0,0.5770018,latent_diffusion
1.0,0.0,0.46527743,latent_diffusion
1.0,1.0,0.5014643,latent_diffusion
1.0,0.0,0.4891493,latent_diffusion
1.0,1.0,0.56229186,latent_diffusion
1.0,0.0,0.49016067,latent_diffusion
1.0,1.0,0.53768635,latent_diffusion
1.0,1.0,0.57448936,latent_diffusion
1.0,1.0,0.5609349,latent_diffusion
1.0,0.0,0.46915776,latent_diffusion
1.0,1.0,0.506017,latent_diffusion
1.0,0.0,0.4762382,latent_diffusion
1.0,1.0,0.5309481,latent_diffusion
1.0,0.0,0.49789816,latent_diffusion
1.0,1.0,0.54455435,latent_diffusion
1.0,1.0,0.5713899,latent_diffusion
1.0,1.0,0.5143376,latent_diffusion
1.0,1.0,0.50303245,latent_diffusion
1.0,0.0,0.47063306,latent_diffusion
1.0,1.0,0.51893085,latent_diffusion
1.0,1.0,0.5430384,latent_diffusion
1.0,1.0,0.5199435,latent_diffusion
1.0,0.0,0.45180717,latent_diffusion
1.0,1.0,0.5541013,latent_diffusion
1.0,1.0,0.5396526,latent_diffusion
1.0,1.0,0.5007777,latent_diffusion
1.0,1.0,0.5482935,latent_diffusion
1.0,1.0,0.50200605,latent_diffusion
1.0,1.0,0.5197723,latent_diffusion
1.0,1.0,0.5196794,latent_diffusion
1.0,0.0,0.49235556,latent_diffusion
1.0,1.0,0.51417184,latent_diffusion
1.0,1.0,0.5056195,latent_diffusion
1.0,1.0,0.5004155,latent_diffusion
1.0,1.0,0.51575345,latent_diffusion
1.0,0.0,0.47465295,latent_diffusion
1.0,0.0,0.48052028,latent_diffusion
1.0,1.0,0.53533906,latent_diffusion
1.0,1.0,0.50388837,latent_diffusion
1.0,1.0,0.5036304,latent_diffusion
1.0,1.0,0.5421668,latent_diffusion
1.0,0.0,0.48820502,latent_diffusion
1.0,1.0,0.563934,latent_diffusion
1.0,1.0,0.568092,latent_diffusion
1.0,1.0,0.50749236,latent_diffusion
1.0,1.0,0.50616443,latent_diffusion
1.0,0.0,0.428157,latent_diffusion
1.0,1.0,0.523551,latent_diffusion
1.0,0.0,0.4925594,latent_diffusion
1.0,0.0,0.43814552,latent_diffusion
1.0,0.0,0.4721615,latent_diffusion
1.0,0.0,0.49190596,latent_diffusion
1.0,1.0,0.57699084,latent_diffusion
1.0,1.0,0.5309408,latent_diffusion
1.0,1.0,0.5337303,latent_diffusion
1.0,1.0,0.5019108,latent_diffusion
1.0,0.0,0.46613178,latent_diffusion
1.0,0.0,0.45572695,latent_diffusion
1.0,0.0,0.4887785,latent_diffusion
1.0,1.0,0.52215886,latent_diffusion
1.0,1.0,0.5341869,latent_diffusion
1.0,0.0,0.43960443,latent_diffusion
1.0,1.0,0.5322026,latent_diffusion
1.0,0.0,0.473572,latent_diffusion
1.0,0.0,0.44635707,latent_diffusion
1.0,1.0,0.53658336,latent_diffusion
1.0,0.0,0.4552637,latent_diffusion
1.0,1.0,0.5178085,latent_diffusion
1.0,1.0,0.54154205,latent_diffusion
1.0,0.0,0.48891112,latent_diffusion
1.0,0.0,0.48443788,latent_diffusion
1.0,1.0,0.5016134,latent_diffusion
1.0,0.0,0.4500731,latent_diffusion
1.0,1.0,0.50725377,latent_diffusion
1.0,0.0,0.44853476,latent_diffusion
1.0,0.0,0.49302596,latent_diffusion
1.0,0.0,0.45507023,latent_diffusion
1.0,0.0,0.4577997,latent_diffusion
1.0,1.0,0.516676,latent_diffusion
1.0,0.0,0.466006,latent_diffusion
1.0,1.0,0.56936514,latent_diffusion
1.0,1.0,0.53442806,latent_diffusion
1.0,1.0,0.5700318,latent_diffusion
1.0,1.0,0.51569736,latent_diffusion
1.0,0.0,0.4705553,latent_diffusion
1.0,0.0,0.45900086,latent_diffusion
1.0,0.0,0.49132305,latent_diffusion
1.0,0.0,0.48010936,latent_diffusion
1.0,0.0,0.49307072,latent_diffusion
1.0,0.0,0.4541673,latent_diffusion
1.0,0.0,0.48392582,latent_diffusion
1.0,0.0,0.44123435,latent_diffusion
1.0,1.0,0.5895249,latent_diffusion
1.0,1.0,0.52032095,latent_diffusion
1.0,1.0,0.5508467,latent_diffusion
1.0,0.0,0.489842,latent_diffusion
1.0,0.0,0.4511707,latent_diffusion
1.0,0.0,0.47283524,latent_diffusion
1.0,0.0,0.45061272,latent_diffusion
1.0,1.0,0.55874044,latent_diffusion
1.0,1.0,0.57913053,latent_diffusion
1.0,1.0,0.5011786,latent_diffusion
1.0,0.0,0.45889336,latent_diffusion
1.0,1.0,0.52125895,latent_diffusion
1.0,1.0,0.52109456,latent_diffusion
1.0,1.0,0.50411606,latent_diffusion
1.0,0.0,0.4516959,latent_diffusion
1.0,0.0,0.46407115,latent_diffusion
1.0,0.0,0.45052442,latent_diffusion
1.0,0.0,0.46346003,latent_diffusion
1.0,0.0,0.4829173,latent_diffusion
1.0,0.0,0.47459006,latent_diffusion
1.0,1.0,0.5434233,latent_diffusion
1.0,0.0,0.47580555,latent_diffusion
1.0,1.0,0.5348875,latent_diffusion
1.0,0.0,0.47855958,latent_diffusion
1.0,0.0,0.49586606,latent_diffusion
1.0,1.0,0.5633943,latent_diffusion
1.0,1.0,0.5185149,latent_diffusion
1.0,0.0,0.4639069,latent_diffusion
1.0,1.0,0.52125484,latent_diffusion
1.0,1.0,0.56649935,latent_diffusion
1.0,0.0,0.46630257,latent_diffusion
1.0,0.0,0.44433063,latent_diffusion
1.0,0.0,0.49672392,latent_diffusion
1.0,1.0,0.52906716,latent_diffusion
1.0,1.0,0.5620607,latent_diffusion
1.0,0.0,0.4368318,latent_diffusion
1.0,1.0,0.5706286,latent_diffusion
1.0,1.0,0.5395262,latent_diffusion
1.0,0.0,0.45699424,latent_diffusion
1.0,1.0,0.5429141,latent_diffusion
1.0,0.0,0.44859442,latent_diffusion
1.0,0.0,0.4586623,latent_diffusion
1.0,0.0,0.4729789,latent_diffusion
1.0,0.0,0.4460567,latent_diffusion
1.0,0.0,0.47583318,latent_diffusion
1.0,1.0,0.534621,latent_diffusion
1.0,1.0,0.5387582,latent_diffusion
1.0,0.0,0.49749762,latent_diffusion
1.0,0.0,0.49560222,latent_diffusion
1.0,1.0,0.53647035,latent_diffusion
1.0,1.0,0.5267952,latent_diffusion
1.0,0.0,0.49940988,latent_diffusion
1.0,1.0,0.57383776,latent_diffusion
1.0,1.0,0.5090151,latent_diffusion
1.0,1.0,0.56269795,latent_diffusion
1.0,1.0,0.56053567,latent_diffusion
1.0,1.0,0.5066231,latent_diffusion
1.0,1.0,0.5120789,latent_diffusion
1.0,1.0,0.5188412,latent_diffusion
1.0,1.0,0.5210494,latent_diffusion
1.0,1.0,0.55783087,latent_diffusion
1.0,1.0,0.56180835,latent_diffusion
1.0,1.0,0.5433159,latent_diffusion
1.0,0.0,0.47050452,latent_diffusion
1.0,1.0,0.51434046,latent_diffusion
1.0,1.0,0.5535743,latent_diffusion
1.0,1.0,0.5266396,latent_diffusion
1.0,0.0,0.47971708,latent_diffusion
1.0,1.0,0.5519691,latent_diffusion
1.0,1.0,0.57501465,latent_diffusion
1.0,1.0,0.55271316,latent_diffusion
1.0,1.0,0.58503324,latent_diffusion
1.0,1.0,0.5224685,latent_diffusion
1.0,1.0,0.5727846,latent_diffusion
1.0,1.0,0.5532781,latent_diffusion
1.0,0.0,0.46891606,latent_diffusion
1.0,1.0,0.53382343,latent_diffusion
1.0,1.0,0.60590535,latent_diffusion
1.0,1.0,0.62861484,latent_diffusion
1.0,1.0,0.5423172,latent_diffusion
1.0,1.0,0.53346986,latent_diffusion
1.0,1.0,0.5091481,latent_diffusion
1.0,0.0,0.47721678,latent_diffusion
1.0,1.0,0.5414601,latent_diffusion
1.0,1.0,0.5602852,latent_diffusion
1.0,0.0,0.46511972,latent_diffusion
1.0,1.0,0.5770043,latent_diffusion
1.0,1.0,0.5714397,latent_diffusion
1.0,1.0,0.55977917,latent_diffusion
1.0,1.0,0.59997433,latent_diffusion
1.0,1.0,0.56890434,latent_diffusion
1.0,1.0,0.5227171,latent_diffusion
1.0,1.0,0.544769,latent_diffusion
1.0,1.0,0.5358816,latent_diffusion
1.0,1.0,0.5636323,latent_diffusion
1.0,1.0,0.53925806,latent_diffusion
1.0,1.0,0.50994104,latent_diffusion
1.0,1.0,0.5478754,latent_diffusion
1.0,1.0,0.5724567,latent_diffusion
1.0,0.0,0.4997068,latent_diffusion
1.0,1.0,0.5308683,latent_diffusion
1.0,1.0,0.5108708,latent_diffusion
1.0,1.0,0.5411478,latent_diffusion
1.0,1.0,0.56140584,latent_diffusion
1.0,1.0,0.5615992,latent_diffusion
1.0,0.0,0.47691777,latent_diffusion
1.0,1.0,0.5739545,latent_diffusion
1.0,1.0,0.54778713,latent_diffusion
1.0,1.0,0.520294,latent_diffusion
1.0,0.0,0.4932964,latent_diffusion
1.0,1.0,0.55996996,latent_diffusion
1.0,1.0,0.5126795,latent_diffusion
1.0,1.0,0.5583775,latent_diffusion
1.0,1.0,0.5651359,latent_diffusion
1.0,0.0,0.48531282,latent_diffusion
1.0,1.0,0.5634813,latent_diffusion
1.0,0.0,0.4849753,latent_diffusion
1.0,1.0,0.50829035,latent_diffusion
1.0,0.0,0.49045494,latent_diffusion
1.0,1.0,0.5731729,latent_diffusion
1.0,1.0,0.55014956,latent_diffusion
1.0,1.0,0.5261191,latent_diffusion
1.0,1.0,0.55822027,latent_diffusion
1.0,1.0,0.5542115,latent_diffusion
1.0,1.0,0.53817874,latent_diffusion
1.0,1.0,0.5908119,latent_diffusion
1.0,0.0,0.48256373,latent_diffusion
1.0,1.0,0.59321994,latent_diffusion
1.0,1.0,0.5317951,latent_diffusion
1.0,1.0,0.5331169,latent_diffusion
1.0,1.0,0.5385979,latent_diffusion
1.0,1.0,0.57399374,latent_diffusion
1.0,0.0,0.47233835,latent_diffusion
1.0,0.0,0.48408142,latent_diffusion
1.0,1.0,0.515678,latent_diffusion
1.0,1.0,0.51414794,latent_diffusion
1.0,1.0,0.58846915,latent_diffusion
1.0,1.0,0.51022506,latent_diffusion
1.0,1.0,0.60920596,latent_diffusion
1.0,1.0,0.51033515,latent_diffusion
1.0,1.0,0.5199934,latent_diffusion
1.0,0.0,0.48535973,latent_diffusion
1.0,1.0,0.59338915,latent_diffusion
1.0,1.0,0.523441,latent_diffusion
1.0,1.0,0.6022108,latent_diffusion
1.0,1.0,0.50931525,latent_diffusion
1.0,1.0,0.5385619,latent_diffusion
1.0,1.0,0.5297723,latent_diffusion
1.0,1.0,0.6064575,latent_diffusion
1.0,1.0,0.5742221,latent_diffusion
1.0,0.0,0.49633726,latent_diffusion
1.0,1.0,0.57093763,latent_diffusion
1.0,0.0,0.48024124,latent_diffusion
1.0,1.0,0.5693991,latent_diffusion
1.0,1.0,0.5999135,latent_diffusion
1.0,1.0,0.5605859,latent_diffusion
1.0,1.0,0.5627921,latent_diffusion
1.0,1.0,0.5704611,latent_diffusion
1.0,1.0,0.6019456,latent_diffusion
1.0,1.0,0.5416234,latent_diffusion
1.0,1.0,0.5026676,latent_diffusion
1.0,1.0,0.5369253,latent_diffusion
1.0,1.0,0.5468007,latent_diffusion
1.0,1.0,0.548651,latent_diffusion
1.0,1.0,0.6023939,latent_diffusion
1.0,1.0,0.56719595,latent_diffusion
1.0,1.0,0.5966948,latent_diffusion
1.0,1.0,0.57075715,latent_diffusion
1.0,1.0,0.5870688,latent_diffusion
1.0,1.0,0.5490787,latent_diffusion
1.0,1.0,0.5054111,latent_diffusion
1.0,1.0,0.5884453,latent_diffusion
1.0,0.0,0.4787908,latent_diffusion
1.0,1.0,0.5013942,latent_diffusion
1.0,1.0,0.5554372,latent_diffusion
1.0,1.0,0.54215306,latent_diffusion
1.0,0.0,0.4816015,latent_diffusion
1.0,0.0,0.47675514,latent_diffusion
1.0,1.0,0.5449039,latent_diffusion
1.0,1.0,0.564892,latent_diffusion
1.0,1.0,0.5182152,latent_diffusion
1.0,1.0,0.54009163,latent_diffusion
1.0,1.0,0.5657295,latent_diffusion
1.0,1.0,0.53399324,latent_diffusion
1.0,1.0,0.5310267,latent_diffusion
1.0,1.0,0.5087865,latent_diffusion
1.0,1.0,0.510594,latent_diffusion
1.0,1.0,0.53918785,latent_diffusion
1.0,1.0,0.5387611,latent_diffusion
1.0,1.0,0.5442158,latent_diffusion
1.0,1.0,0.5535994,latent_diffusion
1.0,1.0,0.5423383,latent_diffusion
1.0,1.0,0.5002745,latent_diffusion
1.0,1.0,0.5847004,latent_diffusion
1.0,1.0,0.528816,latent_diffusion
1.0,1.0,0.5579201,latent_diffusion
1.0,1.0,0.53462654,latent_diffusion
1.0,1.0,0.564689,latent_diffusion
1.0,0.0,0.48880982,latent_diffusion
1.0,1.0,0.52730745,latent_diffusion
1.0,1.0,0.5883486,latent_diffusion
1.0,1.0,0.613935,latent_diffusion
1.0,1.0,0.5030249,latent_diffusion
1.0,1.0,0.54098094,latent_diffusion
1.0,1.0,0.5086948,latent_diffusion
1.0,1.0,0.5342465,latent_diffusion
1.0,1.0,0.50398403,latent_diffusion
1.0,1.0,0.59537387,latent_diffusion
1.0,1.0,0.5089627,latent_diffusion
1.0,1.0,0.5512327,latent_diffusion
1.0,1.0,0.5512097,latent_diffusion
1.0,1.0,0.5417793,latent_diffusion
1.0,1.0,0.5503438,latent_diffusion
1.0,1.0,0.5547314,latent_diffusion
1.0,1.0,0.5178262,latent_diffusion
1.0,1.0,0.54014593,latent_diffusion
1.0,1.0,0.5152391,latent_diffusion
1.0,1.0,0.50504744,latent_diffusion
1.0,0.0,0.49321654,latent_diffusion
1.0,0.0,0.47582504,latent_diffusion
1.0,1.0,0.5204532,latent_diffusion
1.0,1.0,0.5545808,latent_diffusion
1.0,1.0,0.50873727,latent_diffusion
1.0,0.0,0.49846667,latent_diffusion
1.0,1.0,0.55913293,latent_diffusion
1.0,0.0,0.47922787,latent_diffusion
1.0,1.0,0.57278454,latent_diffusion
1.0,1.0,0.5449794,latent_diffusion
1.0,0.0,0.48366418,latent_diffusion
1.0,1.0,0.5468694,latent_diffusion
1.0,1.0,0.51266026,latent_diffusion
1.0,1.0,0.5621917,latent_diffusion
1.0,1.0,0.53451574,latent_diffusion
1.0,1.0,0.51594347,latent_diffusion
1.0,1.0,0.5222213,latent_diffusion
1.0,1.0,0.55167073,latent_diffusion
1.0,1.0,0.5777362,latent_diffusion
1.0,1.0,0.55011183,latent_diffusion
1.0,1.0,0.50671816,latent_diffusion
1.0,1.0,0.5683757,latent_diffusion
1.0,1.0,0.5377105,latent_diffusion
1.0,1.0,0.5564364,latent_diffusion
1.0,1.0,0.51887155,latent_diffusion
1.0,1.0,0.5754451,latent_diffusion
1.0,0.0,0.4823251,latent_diffusion
1.0,0.0,0.479736,latent_diffusion
1.0,1.0,0.5232346,latent_diffusion
1.0,1.0,0.5601628,latent_diffusion
1.0,1.0,0.5676288,latent_diffusion
1.0,1.0,0.5468005,latent_diffusion
1.0,1.0,0.50778455,latent_diffusion
1.0,1.0,0.5806086,latent_diffusion
1.0,1.0,0.51499367,latent_diffusion
1.0,0.0,0.49870765,latent_diffusion
1.0,1.0,0.5608313,latent_diffusion
1.0,1.0,0.51781106,latent_diffusion
1.0,1.0,0.5434285,latent_diffusion
1.0,0.0,0.4791278,latent_diffusion
1.0,0.0,0.48591706,latent_diffusion
1.0,1.0,0.5020695,latent_diffusion
1.0,1.0,0.5405855,latent_diffusion
1.0,1.0,0.5514958,latent_diffusion
1.0,1.0,0.51807374,latent_diffusion
1.0,1.0,0.51842815,latent_diffusion
1.0,0.0,0.45894417,latent_diffusion
1.0,1.0,0.51973206,latent_diffusion
1.0,1.0,0.50712246,latent_diffusion
1.0,1.0,0.5526173,latent_diffusion
1.0,1.0,0.55878437,latent_diffusion
1.0,1.0,0.5430443,latent_diffusion
1.0,1.0,0.5253456,latent_diffusion
1.0,1.0,0.530335,latent_diffusion
1.0,1.0,0.5114738,latent_diffusion
1.0,1.0,0.56137407,latent_diffusion
1.0,1.0,0.5644024,latent_diffusion
1.0,1.0,0.5268551,latent_diffusion
1.0,0.0,0.4645997,latent_diffusion
1.0,1.0,0.5933508,latent_diffusion
1.0,1.0,0.51595956,latent_diffusion
1.0,1.0,0.5324508,latent_diffusion
1.0,1.0,0.5394087,latent_diffusion
1.0,1.0,0.56453997,latent_diffusion
1.0,1.0,0.5504993,latent_diffusion
1.0,1.0,0.56806606,latent_diffusion
1.0,1.0,0.5158047,latent_diffusion
1.0,1.0,0.58226895,latent_diffusion
1.0,1.0,0.5511949,latent_diffusion
1.0,1.0,0.55354154,latent_diffusion
1.0,1.0,0.52969277,latent_diffusion
1.0,1.0,0.54702806,latent_diffusion
1.0,1.0,0.5120888,latent_diffusion
1.0,1.0,0.50304854,latent_diffusion
1.0,1.0,0.5287438,latent_diffusion
1.0,1.0,0.56190956,latent_diffusion
1.0,1.0,0.5438379,latent_diffusion
1.0,1.0,0.5246653,latent_diffusion
1.0,1.0,0.5048706,latent_diffusion
1.0,1.0,0.5587421,latent_diffusion
1.0,0.0,0.49754813,latent_diffusion
1.0,1.0,0.5606625,latent_diffusion
1.0,1.0,0.5263035,latent_diffusion
1.0,1.0,0.52791095,latent_diffusion
1.0,0.0,0.4941926,latent_diffusion
1.0,0.0,0.46413228,latent_diffusion
1.0,1.0,0.6129651,latent_diffusion
1.0,0.0,0.47570908,latent_diffusion
1.0,1.0,0.52469534,latent_diffusion
1.0,1.0,0.5697566,latent_diffusion
1.0,1.0,0.52868253,latent_diffusion
1.0,1.0,0.5271675,latent_diffusion
1.0,1.0,0.50085646,latent_diffusion
1.0,1.0,0.521444,latent_diffusion
1.0,1.0,0.5572039,latent_diffusion
1.0,1.0,0.5149269,latent_diffusion
1.0,1.0,0.5212138,latent_diffusion
1.0,1.0,0.55498785,latent_diffusion
1.0,1.0,0.5661845,latent_diffusion
1.0,1.0,0.5510995,latent_diffusion
1.0,1.0,0.5061433,latent_diffusion
1.0,1.0,0.52742016,latent_diffusion
1.0,1.0,0.513832,latent_diffusion
1.0,0.0,0.497728,latent_diffusion
1.0,1.0,0.5482114,latent_diffusion
1.0,1.0,0.5497319,latent_diffusion
1.0,1.0,0.5188047,latent_diffusion
1.0,0.0,0.45393968,latent_diffusion
1.0,1.0,0.5717695,latent_diffusion
1.0,1.0,0.5359734,latent_diffusion
1.0,0.0,0.46452233,latent_diffusion
1.0,1.0,0.5240444,latent_diffusion
1.0,1.0,0.5672382,latent_diffusion
1.0,1.0,0.5605937,latent_diffusion
1.0,1.0,0.5525102,latent_diffusion
1.0,1.0,0.52695066,latent_diffusion
1.0,1.0,0.5662683,latent_diffusion
1.0,1.0,0.53194755,latent_diffusion
1.0,1.0,0.5827477,latent_diffusion
1.0,1.0,0.63597846,latent_diffusion
1.0,0.0,0.48140913,latent_diffusion
1.0,0.0,0.49145567,latent_diffusion
1.0,1.0,0.53993046,latent_diffusion
1.0,0.0,0.47477657,latent_diffusion
1.0,1.0,0.54631484,latent_diffusion
1.0,1.0,0.53197306,latent_diffusion
1.0,1.0,0.52309304,latent_diffusion
1.0,1.0,0.5711059,latent_diffusion
1.0,1.0,0.50218564,latent_diffusion
1.0,1.0,0.58074456,latent_diffusion
1.0,0.0,0.4878531,latent_diffusion
1.0,1.0,0.5233665,latent_diffusion
1.0,1.0,0.5451317,latent_diffusion
1.0,1.0,0.56811583,latent_diffusion
1.0,1.0,0.53691083,latent_diffusion
1.0,1.0,0.5424434,latent_diffusion
1.0,1.0,0.54916024,latent_diffusion
1.0,1.0,0.55480784,latent_diffusion
1.0,1.0,0.5085532,latent_diffusion
1.0,1.0,0.577659,latent_diffusion
1.0,0.0,0.48878008,latent_diffusion
1.0,1.0,0.5155696,latent_diffusion
1.0,1.0,0.58012223,latent_diffusion
1.0,1.0,0.61746556,latent_diffusion
1.0,1.0,0.56371766,latent_diffusion
1.0,0.0,0.49649283,latent_diffusion
1.0,1.0,0.568938,latent_diffusion
1.0,1.0,0.5013342,latent_diffusion
1.0,1.0,0.5771583,latent_diffusion
1.0,0.0,0.48834497,latent_diffusion
1.0,1.0,0.52732515,latent_diffusion
1.0,1.0,0.5429065,latent_diffusion
1.0,0.0,0.443011,latent_diffusion
1.0,1.0,0.6115282,latent_diffusion
1.0,1.0,0.526618,latent_diffusion
1.0,1.0,0.5502309,latent_diffusion
1.0,0.0,0.49154738,latent_diffusion
1.0,1.0,0.55573696,latent_diffusion
1.0,0.0,0.48702833,latent_diffusion
1.0,0.0,0.46219596,latent_diffusion
1.0,1.0,0.53855556,latent_diffusion
1.0,1.0,0.52094376,latent_diffusion
1.0,0.0,0.48372322,latent_diffusion
1.0,1.0,0.5067715,latent_diffusion
1.0,0.0,0.4907661,latent_diffusion
1.0,0.0,0.49642926,latent_diffusion
1.0,1.0,0.525133,latent_diffusion
1.0,1.0,0.51413983,latent_diffusion
1.0,1.0,0.5437025,latent_diffusion
1.0,1.0,0.5370612,latent_diffusion
1.0,1.0,0.59504384,latent_diffusion
1.0,1.0,0.50301003,latent_diffusion
1.0,1.0,0.5151423,latent_diffusion
1.0,1.0,0.54064727,latent_diffusion
1.0,1.0,0.53142637,latent_diffusion
1.0,1.0,0.5145604,latent_diffusion
1.0,1.0,0.51315844,latent_diffusion
1.0,1.0,0.59648025,latent_diffusion
1.0,1.0,0.5748597,latent_diffusion
1.0,1.0,0.5265595,latent_diffusion
1.0,1.0,0.55078083,latent_diffusion
1.0,1.0,0.54333884,latent_diffusion
1.0,1.0,0.55820256,latent_diffusion
1.0,1.0,0.5596171,latent_diffusion
1.0,0.0,0.4942465,latent_diffusion
1.0,1.0,0.6129458,latent_diffusion
1.0,1.0,0.53868467,latent_diffusion
1.0,0.0,0.4922171,latent_diffusion
1.0,1.0,0.5016038,latent_diffusion
1.0,1.0,0.5698975,latent_diffusion
1.0,1.0,0.55180544,latent_diffusion
1.0,1.0,0.5517382,latent_diffusion
1.0,0.0,0.49608928,latent_diffusion
1.0,1.0,0.551625,latent_diffusion
1.0,1.0,0.51249886,latent_diffusion
1.0,1.0,0.5868128,latent_diffusion
1.0,1.0,0.5459378,latent_diffusion
1.0,1.0,0.5698173,latent_diffusion
1.0,1.0,0.56105673,latent_diffusion
1.0,1.0,0.58003294,latent_diffusion
1.0,1.0,0.5347323,latent_diffusion
1.0,0.0,0.47702345,latent_diffusion
1.0,1.0,0.50281125,latent_diffusion
1.0,1.0,0.5601297,latent_diffusion
1.0,0.0,0.49754047,latent_diffusion
1.0,1.0,0.57201785,latent_diffusion
1.0,0.0,0.484766,latent_diffusion
1.0,1.0,0.5062078,latent_diffusion
1.0,0.0,0.4904616,latent_diffusion
1.0,1.0,0.54042155,latent_diffusion
1.0,1.0,0.5607558,latent_diffusion
1.0,0.0,0.48814785,latent_diffusion
1.0,1.0,0.5643068,latent_diffusion
1.0,1.0,0.5077499,latent_diffusion
1.0,1.0,0.5086715,latent_diffusion
1.0,0.0,0.4821738,latent_diffusion
1.0,0.0,0.49399382,latent_diffusion
1.0,1.0,0.53000784,latent_diffusion
1.0,1.0,0.5216365,latent_diffusion
1.0,1.0,0.5265657,latent_diffusion
1.0,1.0,0.60108393,latent_diffusion
1.0,1.0,0.5470587,latent_diffusion
1.0,1.0,0.5154171,latent_diffusion
1.0,1.0,0.5850507,latent_diffusion
1.0,1.0,0.6036347,latent_diffusion
1.0,0.0,0.4933512,latent_diffusion
1.0,1.0,0.5298728,latent_diffusion
1.0,1.0,0.5414735,latent_diffusion
1.0,1.0,0.5254656,latent_diffusion
1.0,1.0,0.55287635,latent_diffusion
1.0,1.0,0.52032036,latent_diffusion
1.0,1.0,0.5371057,latent_diffusion
1.0,1.0,0.5443045,latent_diffusion
1.0,0.0,0.49433059,latent_diffusion
1.0,0.0,0.48592472,latent_diffusion
1.0,1.0,0.53600454,proGAN
1.0,0.0,0.47250223,proGAN
1.0,0.0,0.47981837,proGAN
1.0,1.0,0.5412232,proGAN
1.0,0.0,0.471363,proGAN
1.0,1.0,0.5046489,proGAN
1.0,0.0,0.47363278,proGAN
1.0,1.0,0.5223633,proGAN
1.0,1.0,0.52209526,proGAN
1.0,1.0,0.5238675,proGAN
1.0,1.0,0.55935234,proGAN
1.0,0.0,0.4638584,proGAN
1.0,1.0,0.59253204,proGAN
1.0,0.0,0.47535345,proGAN
1.0,0.0,0.47849655,proGAN
1.0,0.0,0.49733552,proGAN
1.0,1.0,0.55348516,proGAN
1.0,1.0,0.51509994,proGAN
1.0,1.0,0.54161215,proGAN
1.0,0.0,0.46484172,proGAN
1.0,0.0,0.49830973,proGAN
1.0,1.0,0.5330308,proGAN
1.0,1.0,0.51196104,proGAN
1.0,0.0,0.48779252,proGAN
1.0,0.0,0.4640685,proGAN
1.0,1.0,0.52133125,proGAN
1.0,0.0,0.45249248,proGAN
1.0,1.0,0.51670814,proGAN
1.0,0.0,0.48641196,proGAN
1.0,0.0,0.4953651,proGAN
1.0,0.0,0.49864042,proGAN
1.0,0.0,0.486243,proGAN
1.0,0.0,0.4982309,proGAN
1.0,1.0,0.5185826,proGAN
1.0,1.0,0.5325629,proGAN
1.0,0.0,0.48308262,proGAN
1.0,0.0,0.4682701,proGAN
1.0,1.0,0.5656239,proGAN
1.0,1.0,0.52658814,proGAN
1.0,1.0,0.5750646,proGAN
1.0,0.0,0.48774832,proGAN
1.0,1.0,0.5261932,proGAN
1.0,0.0,0.49634174,proGAN
1.0,1.0,0.5418109,proGAN
1.0,1.0,0.52313143,proGAN
1.0,1.0,0.51926905,proGAN
1.0,1.0,0.52093935,proGAN
1.0,0.0,0.48166737,proGAN
1.0,1.0,0.53143096,proGAN
1.0,1.0,0.506292,proGAN
1.0,1.0,0.53928924,proGAN
1.0,1.0,0.5256955,proGAN
1.0,0.0,0.495544,proGAN
1.0,1.0,0.53942734,proGAN
1.0,1.0,0.54684275,proGAN
1.0,1.0,0.52109855,proGAN
1.0,0.0,0.4972614,proGAN
1.0,1.0,0.5400152,proGAN
1.0,1.0,0.5561694,proGAN
1.0,0.0,0.4634499,proGAN
1.0,1.0,0.50685173,proGAN
1.0,1.0,0.5541649,proGAN
1.0,1.0,0.5230624,proGAN
1.0,0.0,0.48422074,proGAN
1.0,1.0,0.5087908,proGAN
1.0,1.0,0.59074545,proGAN
1.0,0.0,0.49659044,proGAN
1.0,1.0,0.573268,proGAN
1.0,1.0,0.5080912,proGAN
1.0,1.0,0.5964613,proGAN
1.0,0.0,0.46460363,proGAN
1.0,1.0,0.5446743,proGAN
1.0,1.0,0.5336169,proGAN
1.0,0.0,0.46532595,proGAN
1.0,0.0,0.46378174,proGAN
1.0,0.0,0.46620545,proGAN
1.0,1.0,0.5061794,proGAN
1.0,0.0,0.48489356,proGAN
1.0,1.0,0.51899517,proGAN
1.0,1.0,0.5089843,proGAN
1.0,1.0,0.5703581,proGAN
1.0,0.0,0.48861614,proGAN
1.0,0.0,0.48244655,proGAN
1.0,0.0,0.48429114,proGAN
1.0,0.0,0.46780926,proGAN
1.0,1.0,0.54836714,proGAN
1.0,1.0,0.54457486,proGAN
1.0,1.0,0.51248616,proGAN
1.0,1.0,0.5524512,proGAN
1.0,1.0,0.5079786,proGAN
1.0,0.0,0.46004334,proGAN
1.0,1.0,0.5410552,proGAN
1.0,1.0,0.5216613,proGAN
1.0,0.0,0.47267056,proGAN
1.0,1.0,0.5329897,proGAN
1.0,1.0,0.51424795,proGAN
1.0,1.0,0.54554296,proGAN
1.0,0.0,0.47941783,proGAN
1.0,1.0,0.52511024,proGAN
1.0,0.0,0.49668804,proGAN
1.0,1.0,0.5050064,proGAN
1.0,0.0,0.43300846,proGAN
1.0,0.0,0.4935212,proGAN
1.0,1.0,0.5272866,proGAN
1.0,1.0,0.5579272,proGAN
1.0,1.0,0.54958874,proGAN
1.0,1.0,0.522883,proGAN
1.0,0.0,0.4720972,proGAN
1.0,1.0,0.545371,proGAN
1.0,1.0,0.50553906,proGAN
1.0,1.0,0.5371921,proGAN
1.0,1.0,0.56836134,proGAN
1.0,1.0,0.5069686,proGAN
1.0,0.0,0.46165,proGAN
1.0,0.0,0.49680758,proGAN
1.0,1.0,0.50819826,proGAN
1.0,0.0,0.4928094,proGAN
1.0,1.0,0.5129264,proGAN
1.0,0.0,0.4538414,proGAN
1.0,1.0,0.5216933,proGAN
1.0,1.0,0.5022062,proGAN
1.0,1.0,0.55325675,proGAN
1.0,1.0,0.5186507,proGAN
1.0,1.0,0.5197055,proGAN
1.0,1.0,0.52187055,proGAN
1.0,1.0,0.5486731,proGAN
1.0,1.0,0.5786925,proGAN
1.0,0.0,0.48559403,proGAN
1.0,1.0,0.5016468,proGAN
1.0,0.0,0.48799804,proGAN
1.0,1.0,0.55382884,proGAN
1.0,1.0,0.5018463,proGAN
1.0,1.0,0.55745167,proGAN
1.0,0.0,0.45908397,proGAN
1.0,1.0,0.5408168,proGAN
1.0,0.0,0.48596466,proGAN
1.0,1.0,0.54522496,proGAN
1.0,1.0,0.5267798,proGAN
1.0,1.0,0.54549515,proGAN
1.0,1.0,0.5258289,proGAN
1.0,1.0,0.5040118,proGAN
1.0,1.0,0.52941245,proGAN
1.0,1.0,0.50318766,proGAN
1.0,1.0,0.5098031,proGAN
1.0,1.0,0.51734936,proGAN
1.0,1.0,0.503186,proGAN
1.0,1.0,0.53114754,proGAN
1.0,0.0,0.48544085,proGAN
1.0,1.0,0.5370091,proGAN
1.0,1.0,0.5623104,proGAN
1.0,1.0,0.5217517,proGAN
1.0,1.0,0.54460746,proGAN
1.0,1.0,0.5133499,proGAN
1.0,1.0,0.5931407,proGAN
1.0,1.0,0.5057703,proGAN
1.0,0.0,0.49282783,proGAN
1.0,1.0,0.5416024,proGAN
1.0,0.0,0.4909767,proGAN
1.0,0.0,0.48101267,proGAN
1.0,1.0,0.55316794,proGAN
1.0,1.0,0.5058576,proGAN
1.0,1.0,0.5175016,proGAN
1.0,1.0,0.5071473,proGAN
1.0,1.0,0.51173145,proGAN
1.0,1.0,0.5126985,proGAN
1.0,1.0,0.5387126,proGAN
1.0,0.0,0.44876713,proGAN
1.0,1.0,0.5564771,proGAN
1.0,1.0,0.5367845,proGAN
1.0,0.0,0.47149473,proGAN
1.0,1.0,0.54084766,proGAN
1.0,1.0,0.5267038,proGAN
1.0,1.0,0.5498335,proGAN
1.0,0.0,0.49325335,proGAN
1.0,1.0,0.50286967,proGAN
1.0,1.0,0.51434153,proGAN
1.0,0.0,0.47164807,proGAN
1.0,1.0,0.53072125,proGAN
1.0,0.0,0.46290725,proGAN
1.0,1.0,0.53929675,proGAN
1.0,0.0,0.49554777,proGAN
1.0,0.0,0.4769834,proGAN
1.0,0.0,0.4901068,proGAN
1.0,1.0,0.5045717,proGAN
1.0,1.0,0.54808563,proGAN
1.0,1.0,0.50873107,proGAN
1.0,0.0,0.49496818,proGAN
1.0,1.0,0.5687264,proGAN
1.0,0.0,0.4937603,proGAN
1.0,0.0,0.4804417,proGAN
1.0,1.0,0.52447575,proGAN
1.0,0.0,0.4883582,proGAN
1.0,0.0,0.46442357,proGAN
1.0,0.0,0.46242785,proGAN
1.0,1.0,0.52415645,proGAN
1.0,0.0,0.4930851,proGAN
1.0,1.0,0.5323861,proGAN
1.0,1.0,0.58907855,proGAN
1.0,1.0,0.5095175,proGAN
1.0,0.0,0.47878006,proGAN
1.0,0.0,0.46238026,proGAN
1.0,1.0,0.58624613,proGAN
1.0,0.0,0.4932964,proGAN
1.0,1.0,0.58774114,proGAN
1.0,1.0,0.55485046,proGAN
1.0,0.0,0.46303996,proGAN
1.0,1.0,0.55475634,proGAN
1.0,1.0,0.51306736,proGAN
1.0,0.0,0.46686855,proGAN
1.0,1.0,0.52647763,proGAN
1.0,1.0,0.51906943,proGAN
1.0,1.0,0.5062386,proGAN
1.0,1.0,0.53949493,proGAN
1.0,1.0,0.51424754,proGAN
1.0,1.0,0.53011376,proGAN
1.0,0.0,0.49004883,proGAN
1.0,1.0,0.50289583,proGAN
1.0,1.0,0.5353401,proGAN
1.0,1.0,0.50171083,proGAN
1.0,1.0,0.5099086,proGAN
1.0,0.0,0.4905285,proGAN
1.0,0.0,0.49961954,proGAN
1.0,1.0,0.5588479,proGAN
1.0,0.0,0.49148804,proGAN
1.0,0.0,0.47958383,proGAN
1.0,0.0,0.47158247,proGAN
1.0,1.0,0.5138762,proGAN
1.0,1.0,0.566045,proGAN
1.0,1.0,0.5299914,proGAN
1.0,0.0,0.49175036,proGAN
1.0,0.0,0.4890166,proGAN
1.0,0.0,0.4452618,proGAN
1.0,1.0,0.52236295,proGAN
1.0,1.0,0.52894884,proGAN
1.0,1.0,0.50506955,proGAN
1.0,0.0,0.47964022,proGAN
1.0,1.0,0.5152195,proGAN
1.0,1.0,0.54023623,proGAN
1.0,1.0,0.56224126,proGAN
1.0,0.0,0.46776596,proGAN
1.0,0.0,0.481932,proGAN
1.0,0.0,0.49647886,proGAN
1.0,1.0,0.53095967,proGAN
1.0,1.0,0.5328034,proGAN
1.0,1.0,0.52685314,proGAN
1.0,1.0,0.5540712,proGAN
1.0,0.0,0.4263128,proGAN
1.0,0.0,0.49264213,proGAN
1.0,1.0,0.5267767,proGAN
1.0,1.0,0.5087082,proGAN
1.0,1.0,0.5142519,proGAN
1.0,1.0,0.5115796,proGAN
1.0,1.0,0.5211846,proGAN
1.0,1.0,0.5101255,proGAN
1.0,0.0,0.49794817,proGAN
1.0,1.0,0.52865684,proGAN
1.0,1.0,0.5735909,proGAN
1.0,0.0,0.4916796,proGAN
1.0,0.0,0.4792601,proGAN
1.0,0.0,0.4998831,proGAN
1.0,1.0,0.53295404,proGAN
1.0,1.0,0.5346976,proGAN
1.0,1.0,0.505824,proGAN
1.0,1.0,0.5174309,proGAN
1.0,1.0,0.503494,proGAN
1.0,0.0,0.48460805,proGAN
1.0,1.0,0.5380609,proGAN
1.0,1.0,0.52634984,proGAN
1.0,0.0,0.48382404,proGAN
1.0,1.0,0.52969676,proGAN
1.0,0.0,0.47963428,proGAN
1.0,1.0,0.51309866,proGAN
1.0,1.0,0.5967135,proGAN
1.0,1.0,0.5108748,proGAN
1.0,1.0,0.55623627,proGAN
1.0,1.0,0.52861136,proGAN
1.0,1.0,0.5693483,proGAN
1.0,1.0,0.5357354,proGAN
1.0,1.0,0.50164336,proGAN
1.0,1.0,0.55075395,proGAN
1.0,0.0,0.47684145,proGAN
1.0,1.0,0.5046034,proGAN
1.0,1.0,0.5223808,proGAN
1.0,1.0,0.50980675,proGAN
1.0,0.0,0.49819088,proGAN
1.0,0.0,0.48912343,proGAN
1.0,1.0,0.51474863,proGAN
1.0,0.0,0.4777793,proGAN
1.0,1.0,0.55098486,proGAN
1.0,1.0,0.5107948,proGAN
1.0,1.0,0.52110064,proGAN
1.0,0.0,0.4930386,proGAN
1.0,1.0,0.53279597,proGAN
1.0,1.0,0.52441406,proGAN
1.0,1.0,0.500136,proGAN
1.0,0.0,0.48475423,proGAN
1.0,0.0,0.4914823,proGAN
1.0,0.0,0.48156783,proGAN
1.0,0.0,0.49922764,proGAN
1.0,1.0,0.51078755,proGAN
1.0,0.0,0.49198288,proGAN
1.0,1.0,0.5376635,proGAN
1.0,0.0,0.46359265,proGAN
1.0,1.0,0.5414442,proGAN
1.0,0.0,0.47684067,proGAN
1.0,0.0,0.4837627,proGAN
1.0,1.0,0.50889546,proGAN
1.0,1.0,0.5727134,proGAN
1.0,0.0,0.4486664,proGAN
1.0,1.0,0.53320813,proGAN
1.0,1.0,0.5946755,proGAN
1.0,1.0,0.5207989,proGAN
1.0,0.0,0.47777212,proGAN
1.0,1.0,0.517842,proGAN
1.0,1.0,0.5186163,proGAN
1.0,1.0,0.5972355,proGAN
1.0,0.0,0.4962904,proGAN
1.0,1.0,0.5234642,proGAN
1.0,1.0,0.5168451,proGAN
1.0,1.0,0.518878,proGAN
1.0,0.0,0.49906725,proGAN
1.0,0.0,0.48307994,proGAN
1.0,0.0,0.47762728,proGAN
1.0,0.0,0.4688501,proGAN
1.0,1.0,0.5106534,proGAN
1.0,1.0,0.5718093,proGAN
1.0,1.0,0.5375308,proGAN
1.0,1.0,0.56593156,proGAN
1.0,0.0,0.47345492,proGAN
1.0,1.0,0.5431538,proGAN
1.0,0.0,0.49234098,proGAN
1.0,1.0,0.5339725,proGAN
1.0,1.0,0.54582673,proGAN
1.0,1.0,0.5063937,proGAN
1.0,1.0,0.51923454,proGAN
1.0,1.0,0.5282087,proGAN
1.0,1.0,0.5057002,proGAN
1.0,1.0,0.50534034,proGAN
1.0,1.0,0.5485,proGAN
1.0,0.0,0.45226264,proGAN
1.0,1.0,0.5030815,proGAN
1.0,1.0,0.54444855,proGAN
1.0,1.0,0.50185245,proGAN
1.0,1.0,0.5013511,proGAN
1.0,1.0,0.5020768,proGAN
1.0,0.0,0.4790796,proGAN
1.0,0.0,0.46118712,proGAN
1.0,1.0,0.51312405,proGAN
1.0,1.0,0.5210292,proGAN
1.0,0.0,0.48886096,proGAN
1.0,0.0,0.49991134,proGAN
1.0,1.0,0.6049061,proGAN
1.0,1.0,0.52531815,proGAN
1.0,1.0,0.53913707,proGAN
1.0,1.0,0.5604097,proGAN
1.0,1.0,0.5453846,proGAN
1.0,0.0,0.46815473,proGAN
1.0,0.0,0.4932457,proGAN
1.0,1.0,0.54063123,proGAN
1.0,1.0,0.50501215,proGAN
1.0,1.0,0.55288196,proGAN
1.0,0.0,0.45866737,proGAN
1.0,1.0,0.54133654,proGAN
1.0,1.0,0.533313,proGAN
1.0,0.0,0.4964158,proGAN
1.0,0.0,0.4862902,proGAN
1.0,0.0,0.4836405,proGAN
1.0,0.0,0.4335179,proGAN
1.0,0.0,0.4726288,proGAN
1.0,1.0,0.5800045,proGAN
1.0,1.0,0.6009293,proGAN
1.0,0.0,0.48557848,proGAN
1.0,1.0,0.5135601,proGAN
1.0,1.0,0.5387557,proGAN
1.0,0.0,0.47780454,proGAN
1.0,0.0,0.47482497,proGAN
1.0,0.0,0.47383243,proGAN
1.0,0.0,0.49949136,proGAN
1.0,1.0,0.5550436,proGAN
1.0,0.0,0.48305336,proGAN
1.0,1.0,0.53770566,proGAN
1.0,1.0,0.5175114,proGAN
1.0,0.0,0.49696434,proGAN
1.0,0.0,0.49915648,proGAN
1.0,0.0,0.46440428,proGAN
1.0,0.0,0.48358625,proGAN
1.0,0.0,0.4867201,proGAN
1.0,1.0,0.5612489,proGAN
1.0,0.0,0.48655075,proGAN
1.0,1.0,0.53912425,proGAN
1.0,1.0,0.5179279,proGAN
1.0,0.0,0.4966872,proGAN
1.0,1.0,0.5427225,proGAN
1.0,0.0,0.49387738,proGAN
1.0,1.0,0.5026207,proGAN
1.0,0.0,0.4937526,proGAN
1.0,1.0,0.5368646,proGAN
1.0,1.0,0.53270346,proGAN
1.0,1.0,0.5221108,proGAN
1.0,0.0,0.49154335,proGAN
1.0,0.0,0.49555615,proGAN
1.0,1.0,0.50832134,proGAN
1.0,1.0,0.51150316,proGAN
1.0,0.0,0.44706658,proGAN
1.0,0.0,0.4794253,proGAN
1.0,0.0,0.48797056,proGAN
1.0,0.0,0.48106548,proGAN
1.0,1.0,0.5099268,proGAN
1.0,1.0,0.53376144,proGAN
1.0,1.0,0.5003362,proGAN
1.0,0.0,0.47020745,proGAN
1.0,1.0,0.5908512,proGAN
1.0,1.0,0.5091882,proGAN
1.0,0.0,0.44535062,proGAN
1.0,0.0,0.4957914,proGAN
1.0,0.0,0.42795932,proGAN
1.0,0.0,0.49190447,proGAN
1.0,0.0,0.43969008,proGAN
1.0,1.0,0.51488626,proGAN
1.0,1.0,0.5081607,proGAN
1.0,0.0,0.4910436,proGAN
1.0,1.0,0.5351879,proGAN
1.0,1.0,0.51404214,proGAN
1.0,1.0,0.5298392,proGAN
1.0,0.0,0.48521262,proGAN
1.0,1.0,0.59876525,proGAN
1.0,0.0,0.48383582,proGAN
1.0,1.0,0.5361957,proGAN
1.0,0.0,0.45527795,proGAN
1.0,0.0,0.47589934,proGAN
1.0,1.0,0.53167987,proGAN
1.0,1.0,0.512332,proGAN
1.0,0.0,0.48637968,proGAN
1.0,0.0,0.486505,proGAN
1.0,0.0,0.48285517,proGAN
1.0,0.0,0.47869095,proGAN
1.0,0.0,0.49203533,proGAN
1.0,0.0,0.49839547,proGAN
1.0,0.0,0.4732403,proGAN
1.0,0.0,0.46631265,proGAN
1.0,1.0,0.5054236,proGAN
1.0,0.0,0.48675862,proGAN
1.0,1.0,0.54011065,proGAN
1.0,1.0,0.52663594,proGAN
1.0,1.0,0.58469474,proGAN
1.0,1.0,0.5109763,proGAN
1.0,1.0,0.50292224,proGAN
1.0,1.0,0.55692613,proGAN
1.0,0.0,0.48029426,proGAN
1.0,0.0,0.4641484,proGAN
1.0,1.0,0.55217075,proGAN
1.0,1.0,0.50668615,proGAN
1.0,0.0,0.48757535,proGAN
1.0,1.0,0.51274437,proGAN
1.0,1.0,0.5076623,proGAN
1.0,1.0,0.5183193,proGAN
1.0,0.0,0.49015254,proGAN
1.0,1.0,0.5474834,proGAN
1.0,1.0,0.5234992,proGAN
1.0,0.0,0.4897064,proGAN
1.0,0.0,0.45969772,proGAN
1.0,1.0,0.5529949,proGAN
1.0,0.0,0.48789778,proGAN
1.0,0.0,0.478338,proGAN
1.0,1.0,0.55571955,proGAN
1.0,1.0,0.5341688,proGAN
1.0,1.0,0.5441728,proGAN
1.0,1.0,0.53067774,proGAN
1.0,1.0,0.53969884,proGAN
1.0,0.0,0.482261,proGAN
1.0,1.0,0.5160115,proGAN
1.0,1.0,0.5134656,proGAN
1.0,0.0,0.49429625,proGAN
1.0,0.0,0.484819,proGAN
1.0,1.0,0.5184344,proGAN
1.0,0.0,0.49922183,proGAN
1.0,1.0,0.500941,proGAN
1.0,1.0,0.5248308,proGAN
1.0,1.0,0.50542825,proGAN
1.0,0.0,0.48792106,proGAN
1.0,0.0,0.47911292,proGAN
1.0,1.0,0.54272914,proGAN
1.0,1.0,0.53304064,proGAN
1.0,0.0,0.48267168,proGAN
1.0,0.0,0.49436647,proGAN
1.0,1.0,0.5222209,proGAN
1.0,0.0,0.4985135,proGAN
1.0,0.0,0.46746787,proGAN
1.0,1.0,0.55812067,proGAN
1.0,1.0,0.5176744,proGAN
1.0,0.0,0.4886951,proGAN
1.0,0.0,0.49877846,proGAN
1.0,1.0,0.5047389,proGAN
1.0,0.0,0.4955421,proGAN
1.0,0.0,0.49258798,proGAN
1.0,1.0,0.5625884,proGAN
1.0,0.0,0.45416996,proGAN
1.0,0.0,0.4347145,proGAN
1.0,0.0,0.45841113,proGAN
1.0,1.0,0.5091769,proGAN
1.0,0.0,0.4952682,proGAN
1.0,0.0,0.49126545,proGAN
1.0,1.0,0.54014176,proGAN
1.0,0.0,0.4799105,proGAN
1.0,0.0,0.49913973,proGAN
1.0,1.0,0.5132155,proGAN
1.0,0.0,0.49191853,proGAN
1.0,1.0,0.5193389,proGAN
1.0,1.0,0.51837164,proGAN
1.0,1.0,0.51613194,proGAN
1.0,1.0,0.50475454,proGAN
1.0,0.0,0.493991,proGAN
1.0,1.0,0.5250639,proGAN
1.0,0.0,0.49842054,proGAN
1.0,1.0,0.50628436,proGAN
1.0,1.0,0.5126746,proGAN
1.0,1.0,0.51805013,proGAN
1.0,1.0,0.5006676,proGAN
1.0,1.0,0.5458338,proGAN
1.0,1.0,0.54838336,proGAN
1.0,0.0,0.49791223,proGAN
1.0,1.0,0.53740215,proGAN
1.0,0.0,0.45658132,proGAN
1.0,1.0,0.56518525,proGAN
1.0,1.0,0.5001594,proGAN
1.0,1.0,0.5245612,proGAN
1.0,0.0,0.4763259,proGAN
1.0,0.0,0.4712105,proGAN
1.0,1.0,0.5227016,proGAN
1.0,1.0,0.5290941,proGAN
1.0,0.0,0.4954186,proGAN
1.0,0.0,0.47983104,proGAN
1.0,0.0,0.47871897,proGAN
1.0,0.0,0.48028392,proGAN
1.0,0.0,0.4999925,proGAN
1.0,1.0,0.52162856,proGAN
1.0,1.0,0.53435147,proGAN
1.0,0.0,0.4675144,proGAN
1.0,1.0,0.56221074,proGAN
1.0,1.0,0.5008892,proGAN
1.0,1.0,0.5287034,proGAN
1.0,0.0,0.49493876,proGAN
1.0,1.0,0.51065093,proGAN
1.0,1.0,0.5477723,proGAN
1.0,1.0,0.50901073,proGAN
1.0,0.0,0.47627237,proGAN
1.0,0.0,0.46425813,proGAN
1.0,1.0,0.5038272,proGAN
1.0,0.0,0.468019,proGAN
1.0,0.0,0.49442527,proGAN
1.0,0.0,0.48483387,proGAN
1.0,0.0,0.49014804,proGAN
1.0,1.0,0.52947176,proGAN
1.0,1.0,0.5090673,proGAN
1.0,0.0,0.47650108,proGAN
1.0,1.0,0.5855457,proGAN
1.0,1.0,0.586432,proGAN
1.0,0.0,0.49452525,proGAN
1.0,1.0,0.51211804,proGAN
1.0,1.0,0.5165545,proGAN
1.0,0.0,0.49481496,proGAN
1.0,1.0,0.5346055,proGAN
1.0,0.0,0.46946704,proGAN
1.0,0.0,0.4851585,proGAN
1.0,1.0,0.5646306,proGAN
1.0,1.0,0.5243838,proGAN
1.0,1.0,0.54378116,proGAN
1.0,1.0,0.500445,proGAN
1.0,1.0,0.53696156,proGAN
1.0,1.0,0.5057404,proGAN
1.0,1.0,0.5585446,proGAN
1.0,0.0,0.47546306,proGAN
1.0,1.0,0.5256718,proGAN
1.0,0.0,0.4905566,proGAN
1.0,1.0,0.5202809,proGAN
1.0,1.0,0.5219319,proGAN
1.0,1.0,0.5201533,proGAN
1.0,1.0,0.51109064,proGAN
1.0,0.0,0.47796834,proGAN
1.0,1.0,0.50059414,proGAN
1.0,0.0,0.48063564,proGAN
1.0,1.0,0.6160551,proGAN
1.0,1.0,0.5135162,proGAN
1.0,1.0,0.5398657,proGAN
1.0,0.0,0.4884054,proGAN
1.0,0.0,0.49330372,proGAN
1.0,0.0,0.47461995,proGAN
1.0,0.0,0.47138515,proGAN
1.0,1.0,0.5450289,proGAN
1.0,1.0,0.5078112,proGAN
1.0,0.0,0.47129637,proGAN
1.0,0.0,0.46932736,proGAN
1.0,1.0,0.5230418,proGAN
1.0,1.0,0.5357131,proGAN
1.0,1.0,0.5103786,proGAN
1.0,0.0,0.4597348,proGAN
1.0,1.0,0.5238774,proGAN
1.0,1.0,0.543816,proGAN
1.0,1.0,0.58572996,proGAN
1.0,1.0,0.5010305,proGAN
1.0,1.0,0.5000864,proGAN
1.0,1.0,0.5653403,proGAN
1.0,1.0,0.5401531,proGAN
1.0,0.0,0.46655518,proGAN
1.0,1.0,0.545907,proGAN
1.0,1.0,0.5283321,proGAN
1.0,1.0,0.5081242,proGAN
1.0,1.0,0.5277727,proGAN
1.0,0.0,0.48158666,proGAN
1.0,0.0,0.47139972,proGAN
1.0,0.0,0.45586753,proGAN
1.0,1.0,0.5059803,proGAN
1.0,0.0,0.49397033,proGAN
1.0,0.0,0.4493733,proGAN
1.0,1.0,0.51099366,proGAN
1.0,1.0,0.5103526,proGAN
1.0,0.0,0.4888377,proGAN
1.0,1.0,0.51311886,proGAN
1.0,0.0,0.492856,proGAN
1.0,0.0,0.46968806,proGAN
1.0,1.0,0.51485217,proGAN
1.0,1.0,0.5049317,proGAN
1.0,0.0,0.46898845,proGAN
1.0,0.0,0.4886688,proGAN
1.0,1.0,0.5586155,proGAN
1.0,1.0,0.56636757,proGAN
1.0,0.0,0.48670217,proGAN
1.0,1.0,0.5141435,proGAN
1.0,0.0,0.47803104,proGAN
1.0,1.0,0.5082257,proGAN
1.0,0.0,0.4702118,proGAN
1.0,1.0,0.58942777,proGAN
1.0,1.0,0.55211204,proGAN
1.0,1.0,0.5004321,proGAN
1.0,1.0,0.51313466,proGAN
1.0,0.0,0.48466495,proGAN
1.0,1.0,0.51821905,proGAN
1.0,1.0,0.5497887,proGAN
1.0,0.0,0.45937595,proGAN
1.0,0.0,0.4816901,proGAN
1.0,1.0,0.5061387,proGAN
1.0,1.0,0.555482,proGAN
1.0,0.0,0.48927003,proGAN
1.0,1.0,0.5169887,proGAN
1.0,1.0,0.53234786,proGAN
1.0,1.0,0.54680365,proGAN
1.0,1.0,0.5404529,proGAN
1.0,1.0,0.53951275,proGAN
1.0,1.0,0.5010614,proGAN
1.0,0.0,0.47515517,proGAN
1.0,1.0,0.55349004,proGAN
1.0,1.0,0.52187186,proGAN
1.0,0.0,0.49275094,proGAN
1.0,1.0,0.5000323,proGAN
1.0,0.0,0.4755312,proGAN
1.0,1.0,0.554999,proGAN
1.0,1.0,0.5381874,proGAN
1.0,1.0,0.5041973,proGAN
1.0,1.0,0.5095243,proGAN
1.0,0.0,0.45169136,proGAN
1.0,1.0,0.5544132,proGAN
1.0,1.0,0.5307589,proGAN
1.0,1.0,0.5175939,proGAN
1.0,1.0,0.5153047,proGAN
1.0,1.0,0.50996107,proGAN
1.0,1.0,0.53846395,proGAN
1.0,1.0,0.52132684,proGAN
1.0,0.0,0.4871448,proGAN
1.0,0.0,0.4932029,proGAN
1.0,0.0,0.49004957,proGAN
1.0,0.0,0.48283482,proGAN
1.0,0.0,0.4831759,proGAN
1.0,1.0,0.5058293,proGAN
1.0,1.0,0.5216601,proGAN
1.0,1.0,0.5173051,proGAN
1.0,1.0,0.5098211,proGAN
1.0,1.0,0.56341016,proGAN
1.0,1.0,0.53238463,proGAN
1.0,0.0,0.45631596,proGAN
1.0,1.0,0.54513127,proGAN
1.0,0.0,0.4532166,proGAN
1.0,1.0,0.516242,proGAN
1.0,1.0,0.5319044,proGAN
1.0,1.0,0.5257335,proGAN
1.0,0.0,0.4651663,proGAN
1.0,1.0,0.5290026,proGAN
1.0,1.0,0.55532455,proGAN
1.0,1.0,0.5342128,proGAN
1.0,1.0,0.5451075,proGAN
1.0,1.0,0.51904947,proGAN
1.0,1.0,0.5343978,proGAN
1.0,0.0,0.47282875,proGAN
1.0,1.0,0.5486516,proGAN
1.0,1.0,0.53111255,proGAN
1.0,0.0,0.483869,proGAN
1.0,0.0,0.47818282,proGAN
1.0,1.0,0.50221384,proGAN
1.0,1.0,0.5337153,proGAN
1.0,1.0,0.530303,proGAN
1.0,1.0,0.51524895,proGAN
1.0,1.0,0.50827366,proGAN
1.0,0.0,0.4810701,proGAN
1.0,1.0,0.56373835,proGAN
1.0,0.0,0.48009986,proGAN
1.0,1.0,0.5119445,proGAN
1.0,0.0,0.4798661,proGAN
1.0,1.0,0.50667316,proGAN
1.0,1.0,0.5504109,proGAN
1.0,1.0,0.5419173,proGAN
1.0,1.0,0.5039043,proGAN
1.0,0.0,0.4897927,proGAN
1.0,1.0,0.54783684,proGAN
1.0,1.0,0.5599296,proGAN
1.0,1.0,0.5372198,proGAN
1.0,0.0,0.47823668,proGAN
1.0,0.0,0.4932562,proGAN
1.0,1.0,0.5231047,proGAN
1.0,0.0,0.47291857,proGAN
1.0,1.0,0.55149686,proGAN
1.0,0.0,0.49179924,proGAN
1.0,1.0,0.51830834,proGAN
1.0,0.0,0.4718895,proGAN
1.0,1.0,0.5463687,proGAN
1.0,1.0,0.5614255,proGAN
1.0,1.0,0.5239699,proGAN
1.0,1.0,0.5033116,proGAN
1.0,1.0,0.5527048,proGAN
1.0,1.0,0.5070106,proGAN
1.0,1.0,0.5141581,proGAN
1.0,1.0,0.5281974,proGAN
1.0,1.0,0.5254958,proGAN
1.0,1.0,0.5081129,proGAN
1.0,1.0,0.50446516,proGAN
1.0,1.0,0.5287258,proGAN
1.0,1.0,0.5094291,proGAN
1.0,1.0,0.5140574,proGAN
1.0,1.0,0.52840114,proGAN
1.0,1.0,0.5305511,proGAN
1.0,1.0,0.54017055,proGAN
1.0,0.0,0.48639688,proGAN
1.0,1.0,0.51375824,proGAN
1.0,0.0,0.4641295,proGAN
1.0,1.0,0.5281329,proGAN
1.0,0.0,0.45465955,proGAN
1.0,1.0,0.5071137,proGAN
1.0,0.0,0.4958022,proGAN
1.0,0.0,0.46462816,proGAN
1.0,0.0,0.47221437,proGAN
1.0,0.0,0.49937272,proGAN
1.0,1.0,0.5357447,proGAN
1.0,0.0,0.4838598,proGAN
1.0,0.0,0.47114635,proGAN
1.0,1.0,0.508183,proGAN
1.0,1.0,0.5198155,proGAN
1.0,0.0,0.46484596,proGAN
1.0,1.0,0.5061358,proGAN
1.0,1.0,0.5190165,proGAN
1.0,0.0,0.4982452,proGAN
1.0,0.0,0.49897987,proGAN
1.0,1.0,0.5428037,proGAN
1.0,0.0,0.4861622,proGAN
1.0,1.0,0.5264329,proGAN
1.0,1.0,0.54614484,proGAN
1.0,1.0,0.54753405,proGAN
1.0,1.0,0.5157605,proGAN
1.0,1.0,0.50118613,proGAN
1.0,0.0,0.49871448,proGAN
1.0,0.0,0.46315,proGAN
1.0,1.0,0.54749256,proGAN
1.0,1.0,0.5041896,proGAN
1.0,0.0,0.45123234,proGAN
1.0,0.0,0.48978224,proGAN
1.0,1.0,0.5659131,proGAN
1.0,1.0,0.54489785,proGAN
1.0,0.0,0.48018032,proGAN
1.0,1.0,0.5016552,proGAN
1.0,0.0,0.480329,proGAN
1.0,1.0,0.5357776,proGAN
1.0,0.0,0.49225858,proGAN
1.0,1.0,0.5482772,proGAN
1.0,1.0,0.51950306,proGAN
1.0,1.0,0.6239401,proGAN
1.0,1.0,0.5802665,proGAN
1.0,0.0,0.47572643,proGAN
1.0,0.0,0.46069443,proGAN
1.0,1.0,0.53942806,proGAN
1.0,1.0,0.5385056,proGAN
1.0,1.0,0.52852064,proGAN
1.0,1.0,0.6039745,proGAN
1.0,1.0,0.5442459,proGAN
1.0,0.0,0.47621417,proGAN
1.0,1.0,0.50486255,proGAN
1.0,0.0,0.45959798,proGAN
1.0,1.0,0.5361266,proGAN
1.0,0.0,0.47291362,proGAN
1.0,0.0,0.48584637,proGAN
1.0,1.0,0.5521305,proGAN
1.0,0.0,0.48302397,proGAN
1.0,1.0,0.508744,proGAN
1.0,0.0,0.48786214,proGAN
1.0,1.0,0.52016157,proGAN
1.0,0.0,0.4751306,proGAN
1.0,0.0,0.45227605,proGAN
1.0,1.0,0.52821565,proGAN
1.0,1.0,0.51780856,proGAN
1.0,1.0,0.50635284,proGAN
1.0,1.0,0.54324514,proGAN
1.0,0.0,0.4719904,proGAN
1.0,0.0,0.47599012,proGAN
1.0,0.0,0.4795312,proGAN
1.0,0.0,0.47562027,proGAN
1.0,1.0,0.54290855,proGAN
1.0,0.0,0.4934056,proGAN
1.0,0.0,0.473355,proGAN
1.0,1.0,0.5645353,proGAN
1.0,0.0,0.479444,proGAN
1.0,0.0,0.495111,proGAN
1.0,0.0,0.49420488,proGAN
1.0,0.0,0.47209373,proGAN
1.0,1.0,0.5174332,proGAN
1.0,1.0,0.5138127,proGAN
1.0,1.0,0.51792574,proGAN
1.0,1.0,0.55260456,proGAN
1.0,1.0,0.5251353,proGAN
1.0,0.0,0.48240355,proGAN
1.0,0.0,0.47526386,proGAN
1.0,1.0,0.5089754,proGAN
1.0,0.0,0.4841859,proGAN
1.0,1.0,0.5057216,proGAN
1.0,1.0,0.57706386,proGAN
1.0,0.0,0.4804457,proGAN
1.0,0.0,0.487501,proGAN
1.0,1.0,0.5384404,proGAN
1.0,0.0,0.45971546,proGAN
1.0,1.0,0.5405251,proGAN
1.0,0.0,0.47427854,proGAN
1.0,0.0,0.4670604,proGAN
1.0,1.0,0.5390225,proGAN
1.0,1.0,0.55963725,proGAN
1.0,0.0,0.48964912,proGAN
1.0,0.0,0.47422543,proGAN
1.0,0.0,0.46422946,proGAN
1.0,1.0,0.5472301,proGAN
1.0,0.0,0.48918632,proGAN
1.0,1.0,0.5439792,proGAN
1.0,1.0,0.53975576,proGAN
1.0,0.0,0.47447526,proGAN
1.0,1.0,0.5236004,proGAN
1.0,1.0,0.58104056,proGAN
1.0,1.0,0.5274503,proGAN
1.0,1.0,0.5144602,proGAN
1.0,0.0,0.48229837,proGAN
1.0,1.0,0.5128909,proGAN
1.0,1.0,0.5031718,proGAN
1.0,0.0,0.44931573,proGAN
1.0,0.0,0.4619663,proGAN
1.0,0.0,0.4668637,proGAN
1.0,1.0,0.5297842,proGAN
1.0,0.0,0.4954077,proGAN
1.0,1.0,0.52897155,proGAN
1.0,0.0,0.47281277,proGAN
1.0,1.0,0.5249938,proGAN
1.0,1.0,0.5210251,proGAN
1.0,0.0,0.47747752,proGAN
1.0,0.0,0.49650285,proGAN
1.0,1.0,0.5538992,proGAN
1.0,0.0,0.49146584,proGAN
1.0,0.0,0.45438266,proGAN
1.0,1.0,0.5824542,proGAN
1.0,1.0,0.51934093,proGAN
1.0,1.0,0.5108576,proGAN
1.0,1.0,0.53263104,proGAN
1.0,1.0,0.5463844,proGAN
1.0,1.0,0.5674631,proGAN
1.0,1.0,0.52147967,proGAN
1.0,0.0,0.47625193,proGAN
1.0,1.0,0.5194824,proGAN
1.0,0.0,0.49604875,proGAN
1.0,0.0,0.49493864,proGAN
1.0,0.0,0.49952242,proGAN
1.0,0.0,0.49850512,proGAN
1.0,0.0,0.4984366,proGAN
1.0,0.0,0.45619512,proGAN
1.0,0.0,0.48278168,proGAN
1.0,0.0,0.4504597,proGAN
1.0,1.0,0.5113882,proGAN
1.0,1.0,0.52911353,proGAN
1.0,0.0,0.44248235,proGAN
1.0,1.0,0.5213392,proGAN
1.0,0.0,0.48594978,proGAN
1.0,0.0,0.49052528,proGAN
1.0,1.0,0.5325828,proGAN
1.0,1.0,0.5355991,proGAN
1.0,1.0,0.51102406,proGAN
1.0,1.0,0.54527783,proGAN
1.0,1.0,0.5108583,proGAN
1.0,1.0,0.5547984,proGAN
1.0,0.0,0.4880513,proGAN
1.0,0.0,0.48782504,proGAN
1.0,0.0,0.46217737,proGAN
1.0,1.0,0.5475616,proGAN
1.0,1.0,0.5123261,proGAN
1.0,0.0,0.47984138,proGAN
1.0,1.0,0.50428534,proGAN
1.0,1.0,0.57537884,proGAN
1.0,1.0,0.5788443,proGAN
1.0,1.0,0.5171087,proGAN
1.0,0.0,0.49188772,proGAN
1.0,1.0,0.50632626,proGAN
1.0,0.0,0.48873794,proGAN
1.0,1.0,0.52883303,proGAN
1.0,1.0,0.50158906,proGAN
1.0,1.0,0.5083753,proGAN
1.0,0.0,0.49540222,proGAN
1.0,0.0,0.497786,proGAN
1.0,0.0,0.47143188,proGAN
1.0,1.0,0.51249313,proGAN
1.0,0.0,0.46093988,proGAN
1.0,0.0,0.49286804,proGAN
1.0,1.0,0.5254228,proGAN
1.0,1.0,0.5047332,proGAN
1.0,1.0,0.55023634,proGAN
1.0,1.0,0.5379223,proGAN
1.0,0.0,0.47105396,proGAN
1.0,0.0,0.47583836,proGAN
1.0,0.0,0.4737743,proGAN
1.0,0.0,0.46446162,proGAN
1.0,1.0,0.5082368,proGAN
1.0,0.0,0.49142614,proGAN
1.0,1.0,0.5234228,proGAN
1.0,1.0,0.553419,proGAN
1.0,1.0,0.5018691,proGAN
1.0,1.0,0.5937924,proGAN
1.0,0.0,0.49832726,proGAN
1.0,1.0,0.52952844,proGAN
1.0,1.0,0.5666008,proGAN
1.0,1.0,0.50816435,proGAN
1.0,1.0,0.5278206,proGAN
1.0,0.0,0.46840128,proGAN
1.0,1.0,0.5021375,proGAN
1.0,0.0,0.4923824,proGAN
1.0,1.0,0.51798147,proGAN
1.0,0.0,0.4839507,proGAN
1.0,0.0,0.489321,proGAN
1.0,1.0,0.53178376,proGAN
1.0,1.0,0.5354195,proGAN
1.0,1.0,0.5042799,proGAN
1.0,1.0,0.5251463,proGAN
1.0,0.0,0.46733525,proGAN
1.0,1.0,0.52997273,proGAN
1.0,0.0,0.48308074,proGAN
1.0,1.0,0.54998034,proGAN
1.0,0.0,0.46279994,proGAN
1.0,1.0,0.5083648,proGAN
1.0,1.0,0.50267386,proGAN
1.0,1.0,0.530116,proGAN
1.0,0.0,0.4435137,proGAN
1.0,0.0,0.47873777,proGAN
1.0,0.0,0.48918527,proGAN
1.0,0.0,0.48534703,proGAN
1.0,0.0,0.48410824,proGAN
1.0,1.0,0.503226,proGAN
1.0,1.0,0.53306466,proGAN
1.0,1.0,0.5045537,proGAN
1.0,1.0,0.5760688,proGAN
1.0,1.0,0.51725864,proGAN
1.0,1.0,0.51006246,proGAN
1.0,1.0,0.52075154,proGAN
1.0,0.0,0.4895506,proGAN
1.0,0.0,0.49976623,proGAN
1.0,0.0,0.4263408,proGAN
1.0,1.0,0.540651,proGAN
1.0,1.0,0.533512,proGAN
1.0,1.0,0.5276736,proGAN
1.0,0.0,0.4848153,proGAN
1.0,0.0,0.48794773,proGAN
1.0,1.0,0.5408799,proGAN
1.0,0.0,0.47564286,proGAN
1.0,1.0,0.5351919,proGAN
1.0,1.0,0.52111983,proGAN
1.0,0.0,0.49069077,proGAN
1.0,0.0,0.4982493,proGAN
1.0,1.0,0.5510191,proGAN
1.0,1.0,0.5686991,proGAN
1.0,1.0,0.5254996,proGAN
1.0,0.0,0.48545578,proGAN
1.0,1.0,0.5053791,proGAN
1.0,1.0,0.5378522,proGAN
1.0,1.0,0.51838017,proGAN
1.0,0.0,0.48023567,proGAN
1.0,0.0,0.4902147,proGAN
1.0,1.0,0.54107356,proGAN
1.0,1.0,0.5165405,proGAN
1.0,0.0,0.49194196,proGAN
1.0,0.0,0.4769909,proGAN
1.0,1.0,0.5466197,proGAN
1.0,1.0,0.52337223,proGAN
1.0,1.0,0.51295394,proGAN
1.0,1.0,0.5425966,proGAN
1.0,0.0,0.46834773,proGAN
1.0,1.0,0.5247757,stable_diffusion_1
1.0,1.0,0.5489815,stable_diffusion_1
1.0,1.0,0.5221594,stable_diffusion_1
1.0,1.0,0.53582656,stable_diffusion_1
1.0,0.0,0.49141297,stable_diffusion_1
1.0,1.0,0.55094594,stable_diffusion_1
1.0,1.0,0.5040008,stable_diffusion_1
1.0,1.0,0.527016,stable_diffusion_1
1.0,1.0,0.58948314,stable_diffusion_1
1.0,0.0,0.47743943,stable_diffusion_1
1.0,1.0,0.5049502,stable_diffusion_1
1.0,1.0,0.50242114,stable_diffusion_1
1.0,1.0,0.5509794,stable_diffusion_1
1.0,1.0,0.5563138,stable_diffusion_1
1.0,0.0,0.49507287,stable_diffusion_1
1.0,1.0,0.53782845,stable_diffusion_1
1.0,1.0,0.52496105,stable_diffusion_1
1.0,1.0,0.5604377,stable_diffusion_1
1.0,1.0,0.5112594,stable_diffusion_1
1.0,1.0,0.56593883,stable_diffusion_1
1.0,0.0,0.46979433,stable_diffusion_1
1.0,1.0,0.5345176,stable_diffusion_1
1.0,1.0,0.51648384,stable_diffusion_1
1.0,0.0,0.49432698,stable_diffusion_1
1.0,1.0,0.5702418,stable_diffusion_1
1.0,1.0,0.5364526,stable_diffusion_1
1.0,0.0,0.4993348,stable_diffusion_1
1.0,1.0,0.5183713,stable_diffusion_1
1.0,1.0,0.5220498,stable_diffusion_1
1.0,1.0,0.58419806,stable_diffusion_1
1.0,0.0,0.49581087,stable_diffusion_1
1.0,1.0,0.54748017,stable_diffusion_1
1.0,1.0,0.52889436,stable_diffusion_1
1.0,1.0,0.50991404,stable_diffusion_1
1.0,1.0,0.55737406,stable_diffusion_1
1.0,1.0,0.53821313,stable_diffusion_1
1.0,1.0,0.54099727,stable_diffusion_1
1.0,1.0,0.525842,stable_diffusion_1
1.0,0.0,0.49377993,stable_diffusion_1
1.0,1.0,0.5247017,stable_diffusion_1
1.0,1.0,0.5415387,stable_diffusion_1
1.0,0.0,0.4815055,stable_diffusion_1
1.0,1.0,0.5470325,stable_diffusion_1
1.0,1.0,0.5255626,stable_diffusion_1
1.0,1.0,0.6029974,stable_diffusion_1
1.0,0.0,0.48835394,stable_diffusion_1
1.0,1.0,0.5508632,stable_diffusion_1
1.0,1.0,0.539927,stable_diffusion_1
1.0,1.0,0.5476052,stable_diffusion_1
1.0,1.0,0.54550827,stable_diffusion_1
1.0,1.0,0.55038816,stable_diffusion_1
1.0,1.0,0.50896114,stable_diffusion_1
1.0,1.0,0.53162813,stable_diffusion_1
1.0,0.0,0.49687433,stable_diffusion_1
1.0,1.0,0.5360231,stable_diffusion_1
1.0,1.0,0.51912874,stable_diffusion_1
1.0,1.0,0.57445604,stable_diffusion_1
1.0,1.0,0.5244625,stable_diffusion_1
1.0,1.0,0.5879907,stable_diffusion_1
1.0,0.0,0.48167637,stable_diffusion_1
1.0,1.0,0.5210539,stable_diffusion_1
1.0,0.0,0.49952802,stable_diffusion_1
1.0,0.0,0.47641367,stable_diffusion_1
1.0,0.0,0.46486816,stable_diffusion_1
1.0,1.0,0.5454986,stable_diffusion_1
1.0,1.0,0.5595878,stable_diffusion_1
1.0,1.0,0.50019294,stable_diffusion_1
1.0,1.0,0.5775992,stable_diffusion_1
1.0,1.0,0.5287523,stable_diffusion_1
1.0,1.0,0.58197194,stable_diffusion_1
1.0,1.0,0.51595557,stable_diffusion_1
1.0,0.0,0.4846094,stable_diffusion_1
1.0,1.0,0.5208205,stable_diffusion_1
1.0,0.0,0.4663929,stable_diffusion_1
1.0,1.0,0.570689,stable_diffusion_1
1.0,0.0,0.49766114,stable_diffusion_1
1.0,1.0,0.532673,stable_diffusion_1
1.0,1.0,0.5379602,stable_diffusion_1
1.0,0.0,0.49188623,stable_diffusion_1
1.0,1.0,0.5402741,stable_diffusion_1
1.0,1.0,0.56718475,stable_diffusion_1
1.0,1.0,0.5810619,stable_diffusion_1
1.0,0.0,0.49864754,stable_diffusion_1
1.0,1.0,0.5215006,stable_diffusion_1
1.0,1.0,0.52418137,stable_diffusion_1
1.0,1.0,0.5331569,stable_diffusion_1
1.0,1.0,0.50959647,stable_diffusion_1
1.0,1.0,0.5514245,stable_diffusion_1
1.0,1.0,0.5093178,stable_diffusion_1
1.0,0.0,0.47505388,stable_diffusion_1
1.0,1.0,0.50329095,stable_diffusion_1
1.0,1.0,0.55122954,stable_diffusion_1
1.0,0.0,0.4591874,stable_diffusion_1
1.0,1.0,0.51311994,stable_diffusion_1
1.0,1.0,0.524901,stable_diffusion_1
1.0,0.0,0.49623767,stable_diffusion_1
1.0,1.0,0.5111537,stable_diffusion_1
1.0,0.0,0.47170117,stable_diffusion_1
1.0,1.0,0.537576,stable_diffusion_1
1.0,1.0,0.56045836,stable_diffusion_1
1.0,1.0,0.521791,stable_diffusion_1
1.0,1.0,0.54003555,stable_diffusion_1
1.0,1.0,0.510776,stable_diffusion_1
1.0,1.0,0.56128675,stable_diffusion_1
1.0,0.0,0.4978532,stable_diffusion_1
1.0,0.0,0.4986268,stable_diffusion_1
1.0,1.0,0.5065589,stable_diffusion_1
1.0,0.0,0.46163952,stable_diffusion_1
1.0,1.0,0.5340736,stable_diffusion_1
1.0,0.0,0.49577364,stable_diffusion_1
1.0,1.0,0.54891545,stable_diffusion_1
1.0,1.0,0.59083635,stable_diffusion_1
1.0,0.0,0.48327172,stable_diffusion_1
1.0,1.0,0.5263001,stable_diffusion_1
1.0,1.0,0.5617531,stable_diffusion_1
1.0,1.0,0.5450242,stable_diffusion_1
1.0,0.0,0.49469668,stable_diffusion_1
1.0,1.0,0.5336398,stable_diffusion_1
1.0,1.0,0.53543764,stable_diffusion_1
1.0,1.0,0.5573395,stable_diffusion_1
1.0,1.0,0.52158785,stable_diffusion_1
1.0,1.0,0.53083473,stable_diffusion_1
1.0,1.0,0.50408953,stable_diffusion_1
1.0,1.0,0.5367701,stable_diffusion_1
1.0,1.0,0.5186067,stable_diffusion_1
1.0,0.0,0.49132645,stable_diffusion_1
1.0,1.0,0.5035727,stable_diffusion_1
1.0,0.0,0.4866867,stable_diffusion_1
1.0,1.0,0.5600155,stable_diffusion_1
1.0,1.0,0.55673206,stable_diffusion_1
1.0,1.0,0.54750925,stable_diffusion_1
1.0,1.0,0.540995,stable_diffusion_1
1.0,1.0,0.5309694,stable_diffusion_1
1.0,1.0,0.5875918,stable_diffusion_1
1.0,1.0,0.5096234,stable_diffusion_1
1.0,1.0,0.5930195,stable_diffusion_1
1.0,1.0,0.5026335,stable_diffusion_1
1.0,1.0,0.5196519,stable_diffusion_1
1.0,0.0,0.49415934,stable_diffusion_1
1.0,0.0,0.4940213,stable_diffusion_1
1.0,1.0,0.5209875,stable_diffusion_1
1.0,1.0,0.5021688,stable_diffusion_1
1.0,1.0,0.51729846,stable_diffusion_1
1.0,0.0,0.49627113,stable_diffusion_1
1.0,1.0,0.58602434,stable_diffusion_1
1.0,1.0,0.5004477,stable_diffusion_1
1.0,0.0,0.4887704,stable_diffusion_1
1.0,1.0,0.5762351,stable_diffusion_1
1.0,1.0,0.5352675,stable_diffusion_1
1.0,1.0,0.5567782,stable_diffusion_1
1.0,1.0,0.50124526,stable_diffusion_1
1.0,0.0,0.4715037,stable_diffusion_1
1.0,1.0,0.53484,stable_diffusion_1
1.0,1.0,0.5129198,stable_diffusion_1
1.0,1.0,0.52461576,stable_diffusion_1
1.0,1.0,0.5318209,stable_diffusion_1
1.0,0.0,0.49440446,stable_diffusion_1
1.0,1.0,0.5437775,stable_diffusion_1
1.0,1.0,0.5247215,stable_diffusion_1
1.0,1.0,0.5555657,stable_diffusion_1
1.0,0.0,0.46910998,stable_diffusion_1
1.0,1.0,0.52682143,stable_diffusion_1
1.0,1.0,0.5358253,stable_diffusion_1
1.0,1.0,0.5097712,stable_diffusion_1
1.0,1.0,0.5051884,stable_diffusion_1
1.0,1.0,0.5500529,stable_diffusion_1
1.0,1.0,0.57222235,stable_diffusion_1
1.0,1.0,0.5010897,stable_diffusion_1
1.0,0.0,0.494342,stable_diffusion_1
1.0,0.0,0.48314506,stable_diffusion_1
1.0,1.0,0.52396584,stable_diffusion_1
1.0,1.0,0.52350396,stable_diffusion_1
1.0,1.0,0.5248346,stable_diffusion_1
1.0,1.0,0.5682893,stable_diffusion_1
1.0,1.0,0.5160052,stable_diffusion_1
1.0,1.0,0.5198589,stable_diffusion_1
1.0,1.0,0.5140359,stable_diffusion_1
1.0,0.0,0.4626763,stable_diffusion_1
1.0,1.0,0.5403369,stable_diffusion_1
1.0,1.0,0.5825488,stable_diffusion_1
1.0,1.0,0.55434483,stable_diffusion_1
1.0,1.0,0.5783696,stable_diffusion_1
1.0,1.0,0.5624301,stable_diffusion_1
1.0,1.0,0.55387884,stable_diffusion_1
1.0,1.0,0.53732854,stable_diffusion_1
1.0,1.0,0.5633446,stable_diffusion_1
1.0,0.0,0.48599422,stable_diffusion_1
1.0,1.0,0.5541712,stable_diffusion_1
1.0,1.0,0.53413945,stable_diffusion_1
1.0,1.0,0.5915426,stable_diffusion_1
1.0,1.0,0.5342132,stable_diffusion_1
1.0,1.0,0.54580575,stable_diffusion_1
1.0,1.0,0.52523834,stable_diffusion_1
1.0,1.0,0.5503478,stable_diffusion_1
1.0,1.0,0.54214257,stable_diffusion_1
1.0,1.0,0.53250825,stable_diffusion_1
1.0,0.0,0.47920358,stable_diffusion_1
1.0,1.0,0.5470386,stable_diffusion_1
1.0,1.0,0.5252629,stable_diffusion_1
1.0,1.0,0.54368526,stable_diffusion_1
1.0,0.0,0.45302442,stable_diffusion_1
1.0,1.0,0.5665944,stable_diffusion_1
1.0,1.0,0.5016391,stable_diffusion_1
1.0,0.0,0.48184937,stable_diffusion_1
1.0,0.0,0.49993587,stable_diffusion_1
1.0,0.0,0.47321028,stable_diffusion_1
1.0,1.0,0.5389954,stable_diffusion_1
1.0,1.0,0.55670804,stable_diffusion_1
1.0,1.0,0.53590876,stable_diffusion_1
1.0,1.0,0.6030738,stable_diffusion_1
1.0,1.0,0.58161914,stable_diffusion_1
1.0,1.0,0.5073428,stable_diffusion_1
1.0,1.0,0.526389,stable_diffusion_1
1.0,1.0,0.5071891,stable_diffusion_1
1.0,1.0,0.52938086,stable_diffusion_1
1.0,0.0,0.49054357,stable_diffusion_1
1.0,1.0,0.51253897,stable_diffusion_1
1.0,0.0,0.49696782,stable_diffusion_1
1.0,1.0,0.5248758,stable_diffusion_1
1.0,1.0,0.5486949,stable_diffusion_1
1.0,1.0,0.59840894,stable_diffusion_1
1.0,1.0,0.59663314,stable_diffusion_1
1.0,0.0,0.48872313,stable_diffusion_1
1.0,1.0,0.5111046,stable_diffusion_1
1.0,1.0,0.55880827,stable_diffusion_1
1.0,0.0,0.49639305,stable_diffusion_1
1.0,1.0,0.55535066,stable_diffusion_1
1.0,1.0,0.5464083,stable_diffusion_1
1.0,1.0,0.55427986,stable_diffusion_1
1.0,1.0,0.5622071,stable_diffusion_1
1.0,1.0,0.52171534,stable_diffusion_1
1.0,0.0,0.4924197,stable_diffusion_1
1.0,1.0,0.54904443,stable_diffusion_1
1.0,1.0,0.530277,stable_diffusion_1
1.0,1.0,0.52436745,stable_diffusion_1
1.0,1.0,0.5394237,stable_diffusion_1
1.0,1.0,0.50198203,stable_diffusion_1
1.0,0.0,0.48553863,stable_diffusion_1
1.0,1.0,0.551957,stable_diffusion_1
1.0,1.0,0.54352915,stable_diffusion_1
1.0,1.0,0.5925779,stable_diffusion_1
1.0,0.0,0.47891673,stable_diffusion_1
1.0,1.0,0.5399007,stable_diffusion_1
1.0,1.0,0.5020094,stable_diffusion_1
1.0,0.0,0.47869745,stable_diffusion_1
1.0,0.0,0.4935372,stable_diffusion_1
1.0,1.0,0.5229302,stable_diffusion_1
1.0,0.0,0.49389017,stable_diffusion_1
1.0,1.0,0.50396824,stable_diffusion_1
1.0,0.0,0.45922127,stable_diffusion_1
1.0,1.0,0.51482415,stable_diffusion_1
1.0,0.0,0.47732288,stable_diffusion_1
1.0,1.0,0.52489275,stable_diffusion_1
1.0,1.0,0.5384578,stable_diffusion_1
1.0,1.0,0.56260854,stable_diffusion_1
1.0,1.0,0.5621067,stable_diffusion_1
1.0,1.0,0.52568084,stable_diffusion_1
1.0,1.0,0.55013555,stable_diffusion_1
1.0,1.0,0.52343553,stable_diffusion_1
1.0,0.0,0.49538857,stable_diffusion_1
1.0,1.0,0.52488106,stable_diffusion_1
1.0,1.0,0.5195758,stable_diffusion_1
1.0,1.0,0.51313174,stable_diffusion_1
1.0,1.0,0.55148476,stable_diffusion_1
1.0,1.0,0.56384575,stable_diffusion_1
1.0,0.0,0.47348517,stable_diffusion_1
1.0,1.0,0.5223569,stable_diffusion_1
1.0,1.0,0.520677,stable_diffusion_1
1.0,0.0,0.4935797,stable_diffusion_1
1.0,1.0,0.51223344,stable_diffusion_1
1.0,1.0,0.5713448,stable_diffusion_1
1.0,1.0,0.50212395,stable_diffusion_1
1.0,0.0,0.4752636,stable_diffusion_1
1.0,1.0,0.52705395,stable_diffusion_1
1.0,0.0,0.49563918,stable_diffusion_1
1.0,1.0,0.56113476,stable_diffusion_1
1.0,0.0,0.48661798,stable_diffusion_1
1.0,1.0,0.5597654,stable_diffusion_1
1.0,1.0,0.5220909,stable_diffusion_1
1.0,1.0,0.5081924,stable_diffusion_1
1.0,1.0,0.5475281,stable_diffusion_1
1.0,1.0,0.52050996,stable_diffusion_1
1.0,1.0,0.54445714,stable_diffusion_1
1.0,0.0,0.49207932,stable_diffusion_1
1.0,1.0,0.5318113,stable_diffusion_1
1.0,1.0,0.5446329,stable_diffusion_1
1.0,1.0,0.5383239,stable_diffusion_1
1.0,1.0,0.5578267,stable_diffusion_1
1.0,0.0,0.4983043,stable_diffusion_1
1.0,1.0,0.5055662,stable_diffusion_1
1.0,0.0,0.47021756,stable_diffusion_1
1.0,1.0,0.58231175,stable_diffusion_1
1.0,1.0,0.5367884,stable_diffusion_1
1.0,1.0,0.5513675,stable_diffusion_1
1.0,1.0,0.5043359,stable_diffusion_1
1.0,1.0,0.58202237,stable_diffusion_1
1.0,0.0,0.49650413,stable_diffusion_1
1.0,1.0,0.51877654,stable_diffusion_1
1.0,1.0,0.54116845,stable_diffusion_1
1.0,0.0,0.49169368,stable_diffusion_1
1.0,1.0,0.5451504,stable_diffusion_1
1.0,1.0,0.5184851,stable_diffusion_1
1.0,0.0,0.48683122,stable_diffusion_1
1.0,1.0,0.5126715,stable_diffusion_1
1.0,1.0,0.5425954,stable_diffusion_1
1.0,1.0,0.535688,stable_diffusion_1
1.0,0.0,0.48411393,stable_diffusion_1
1.0,0.0,0.4983764,stable_diffusion_1
1.0,1.0,0.5190942,stable_diffusion_1
1.0,0.0,0.49199262,stable_diffusion_1
1.0,0.0,0.48180982,stable_diffusion_1
1.0,1.0,0.52360755,stable_diffusion_1
1.0,1.0,0.5516954,stable_diffusion_1
1.0,1.0,0.51399446,stable_diffusion_1
1.0,1.0,0.55687547,stable_diffusion_1
1.0,1.0,0.5411147,stable_diffusion_1
1.0,1.0,0.53903216,stable_diffusion_1
1.0,1.0,0.52299386,stable_diffusion_1
1.0,1.0,0.50923395,stable_diffusion_1
1.0,1.0,0.542017,stable_diffusion_1
1.0,1.0,0.5139117,stable_diffusion_1
1.0,0.0,0.48423526,stable_diffusion_1
1.0,1.0,0.52974445,stable_diffusion_1
1.0,1.0,0.5187641,stable_diffusion_1
1.0,1.0,0.5105592,stable_diffusion_1
1.0,1.0,0.52045447,stable_diffusion_1
1.0,0.0,0.4793252,stable_diffusion_1
1.0,1.0,0.5041994,stable_diffusion_1
1.0,1.0,0.50017625,stable_diffusion_1
1.0,1.0,0.5829141,stable_diffusion_1
1.0,0.0,0.46496755,stable_diffusion_1
1.0,0.0,0.4993729,stable_diffusion_1
1.0,1.0,0.52335274,stable_diffusion_1
1.0,1.0,0.5434917,stable_diffusion_1
1.0,1.0,0.5746732,stable_diffusion_1
1.0,1.0,0.5809047,stable_diffusion_1
1.0,1.0,0.5333314,stable_diffusion_1
1.0,1.0,0.58704025,stable_diffusion_1
1.0,1.0,0.5150777,stable_diffusion_1
1.0,0.0,0.49995536,stable_diffusion_1
1.0,1.0,0.51417255,stable_diffusion_1
1.0,1.0,0.50586194,stable_diffusion_1
1.0,1.0,0.56922746,stable_diffusion_1
1.0,1.0,0.5005455,stable_diffusion_1
1.0,1.0,0.5133914,stable_diffusion_1
1.0,1.0,0.51238924,stable_diffusion_1
1.0,1.0,0.59380794,stable_diffusion_1
1.0,1.0,0.5384377,stable_diffusion_1
1.0,1.0,0.5191101,stable_diffusion_1
1.0,1.0,0.5352657,stable_diffusion_1
1.0,1.0,0.5384792,stable_diffusion_1
1.0,1.0,0.5632597,stable_diffusion_1
1.0,1.0,0.53295594,stable_diffusion_1
1.0,1.0,0.527549,stable_diffusion_1
1.0,1.0,0.50081587,stable_diffusion_1
1.0,0.0,0.47848818,stable_diffusion_1
1.0,1.0,0.52595997,stable_diffusion_1
1.0,0.0,0.46596742,stable_diffusion_1
1.0,1.0,0.54819804,stable_diffusion_1
1.0,0.0,0.49087763,stable_diffusion_1
1.0,1.0,0.57452136,stable_diffusion_1
1.0,1.0,0.53135866,stable_diffusion_1
1.0,1.0,0.54629,stable_diffusion_1
1.0,1.0,0.525957,stable_diffusion_1
1.0,1.0,0.51402974,stable_diffusion_1
1.0,1.0,0.57821846,stable_diffusion_1
1.0,1.0,0.5623567,stable_diffusion_1
1.0,1.0,0.5524798,stable_diffusion_1
1.0,1.0,0.5368258,stable_diffusion_1
1.0,1.0,0.5421878,stable_diffusion_1
1.0,1.0,0.5719989,stable_diffusion_1
1.0,0.0,0.45594767,stable_diffusion_1
1.0,1.0,0.5636749,stable_diffusion_1
1.0,1.0,0.51065505,stable_diffusion_1
1.0,1.0,0.513332,stable_diffusion_1
1.0,1.0,0.5317341,stable_diffusion_1
1.0,0.0,0.48673978,stable_diffusion_1
1.0,1.0,0.55101043,stable_diffusion_1
1.0,1.0,0.5227365,stable_diffusion_1
1.0,1.0,0.5550823,stable_diffusion_1
1.0,1.0,0.50914186,stable_diffusion_1
1.0,0.0,0.48267567,stable_diffusion_1
1.0,1.0,0.5233266,stable_diffusion_1
1.0,1.0,0.57532763,stable_diffusion_1
1.0,1.0,0.5253622,stable_diffusion_1
1.0,0.0,0.4874305,stable_diffusion_1
1.0,1.0,0.5414688,stable_diffusion_1
1.0,1.0,0.5495235,stable_diffusion_1
1.0,1.0,0.5565878,stable_diffusion_1
1.0,0.0,0.4820448,stable_diffusion_1
1.0,1.0,0.5494912,stable_diffusion_1
1.0,1.0,0.5042945,stable_diffusion_1
1.0,1.0,0.53575075,stable_diffusion_1
1.0,1.0,0.527576,stable_diffusion_1
1.0,0.0,0.47032997,stable_diffusion_1
1.0,1.0,0.5036532,stable_diffusion_1
1.0,1.0,0.5122345,stable_diffusion_1
1.0,1.0,0.5545728,stable_diffusion_1
1.0,1.0,0.5436818,stable_diffusion_1
1.0,1.0,0.5371279,stable_diffusion_1
1.0,1.0,0.5338003,stable_diffusion_1
1.0,1.0,0.53355867,stable_diffusion_1
1.0,1.0,0.56778896,stable_diffusion_1
1.0,0.0,0.4806713,stable_diffusion_1
1.0,1.0,0.5116856,stable_diffusion_1
1.0,1.0,0.50645524,stable_diffusion_1
1.0,1.0,0.5036598,stable_diffusion_1
1.0,0.0,0.48659897,stable_diffusion_1
1.0,1.0,0.5453067,stable_diffusion_1
1.0,1.0,0.5089146,stable_diffusion_1
1.0,1.0,0.5085122,stable_diffusion_1
1.0,1.0,0.5469627,stable_diffusion_1
1.0,1.0,0.5155936,stable_diffusion_1
1.0,1.0,0.5247922,stable_diffusion_1
1.0,1.0,0.5484154,stable_diffusion_1
1.0,1.0,0.5496712,stable_diffusion_1
1.0,0.0,0.46432495,stable_diffusion_1
1.0,1.0,0.5342615,stable_diffusion_1
1.0,1.0,0.5484019,stable_diffusion_1
1.0,1.0,0.55072516,stable_diffusion_1
1.0,1.0,0.5959766,stable_diffusion_1
1.0,0.0,0.49163854,stable_diffusion_1
1.0,1.0,0.5594067,stable_diffusion_1
1.0,1.0,0.50547934,stable_diffusion_1
1.0,1.0,0.59126675,stable_diffusion_1
1.0,1.0,0.5730108,stable_diffusion_1
1.0,1.0,0.55523914,stable_diffusion_1
1.0,1.0,0.54740846,stable_diffusion_1
1.0,1.0,0.54067016,stable_diffusion_1
1.0,1.0,0.53451645,stable_diffusion_1
1.0,1.0,0.5347769,stable_diffusion_1
1.0,1.0,0.5109242,stable_diffusion_1
1.0,0.0,0.4640906,stable_diffusion_1
1.0,1.0,0.5251521,stable_diffusion_1
1.0,0.0,0.46179608,stable_diffusion_1
1.0,1.0,0.54022676,stable_diffusion_1
1.0,1.0,0.5208008,stable_diffusion_1
1.0,1.0,0.5666429,stable_diffusion_1
1.0,0.0,0.49920353,stable_diffusion_1
1.0,0.0,0.4900844,stable_diffusion_1
1.0,0.0,0.48692355,stable_diffusion_1
1.0,1.0,0.52124023,stable_diffusion_1
1.0,1.0,0.519091,stable_diffusion_1
1.0,1.0,0.50214654,stable_diffusion_1
1.0,1.0,0.54783416,stable_diffusion_1
1.0,0.0,0.48658034,stable_diffusion_1
1.0,1.0,0.5654758,stable_diffusion_1
1.0,0.0,0.49989703,stable_diffusion_1
1.0,1.0,0.5726044,stable_diffusion_1
1.0,1.0,0.5074093,stable_diffusion_1
1.0,0.0,0.4946006,stable_diffusion_1
1.0,0.0,0.49983537,stable_diffusion_1
1.0,1.0,0.5669113,stable_diffusion_1
1.0,1.0,0.59060425,stable_diffusion_1
1.0,1.0,0.5559126,stable_diffusion_1
1.0,0.0,0.4716975,stable_diffusion_1
1.0,1.0,0.57735765,stable_diffusion_1
1.0,1.0,0.52683765,stable_diffusion_1
1.0,1.0,0.55315906,stable_diffusion_1
1.0,0.0,0.4787615,stable_diffusion_1
1.0,1.0,0.52607006,stable_diffusion_1
1.0,0.0,0.4753984,stable_diffusion_1
1.0,0.0,0.47041643,stable_diffusion_1
1.0,1.0,0.5074832,stable_diffusion_1
1.0,0.0,0.49299884,stable_diffusion_1
1.0,1.0,0.5457785,stable_diffusion_1
1.0,1.0,0.5425972,stable_diffusion_1
1.0,1.0,0.525296,stable_diffusion_1
1.0,0.0,0.47157356,stable_diffusion_1
1.0,1.0,0.50961906,stable_diffusion_1
1.0,1.0,0.5689367,stable_diffusion_1
1.0,1.0,0.542929,stable_diffusion_1
1.0,1.0,0.531395,stable_diffusion_1
1.0,1.0,0.5725297,stable_diffusion_1
1.0,1.0,0.53350514,stable_diffusion_1
1.0,1.0,0.51334393,stable_diffusion_1
1.0,1.0,0.5345084,stable_diffusion_1
1.0,1.0,0.55497634,stable_diffusion_1
1.0,1.0,0.52773076,stable_diffusion_1
1.0,1.0,0.5532735,stable_diffusion_1
1.0,1.0,0.53299326,stable_diffusion_1
1.0,1.0,0.5714974,stable_diffusion_1
1.0,1.0,0.50120556,stable_diffusion_1
1.0,1.0,0.5414133,stable_diffusion_1
1.0,1.0,0.5675751,stable_diffusion_1
1.0,0.0,0.4979277,stable_diffusion_1
1.0,1.0,0.53770614,stable_diffusion_1
1.0,1.0,0.52406096,stable_diffusion_1
1.0,0.0,0.48299944,stable_diffusion_1
1.0,0.0,0.47428474,stable_diffusion_1
1.0,1.0,0.50247306,stable_diffusion_1
1.0,1.0,0.5225994,stable_diffusion_1
1.0,1.0,0.50096947,stable_diffusion_1
1.0,1.0,0.50981647,stable_diffusion_1
1.0,1.0,0.5153795,stable_diffusion_1
1.0,1.0,0.57285076,stable_diffusion_1
1.0,1.0,0.5104738,stable_diffusion_1
1.0,1.0,0.53068703,stable_diffusion_1
1.0,1.0,0.5371249,stable_diffusion_1
1.0,1.0,0.5066641,stable_diffusion_1
1.0,1.0,0.5169822,stable_diffusion_1
1.0,1.0,0.56224936,stable_diffusion_1
1.0,1.0,0.5243798,stable_diffusion_1
1.0,0.0,0.4621188,stable_diffusion_1
1.0,1.0,0.50052,stable_diffusion_1
1.0,1.0,0.5234747,stable_diffusion_1
1.0,1.0,0.55947024,stable_diffusion_1
1.0,1.0,0.53044957,stable_diffusion_1
1.0,0.0,0.4748756,stable_diffusion_1
1.0,1.0,0.53504616,stable_diffusion_1
1.0,1.0,0.5393779,stable_diffusion_1
1.0,1.0,0.53596896,stable_diffusion_1
1.0,1.0,0.5477535,stable_diffusion_1
1.0,1.0,0.56346333,stable_diffusion_1
1.0,1.0,0.51122713,stable_diffusion_1
1.0,0.0,0.4926697,stable_diffusion_1
1.0,0.0,0.49848434,stable_diffusion_1
1.0,1.0,0.5617849,stable_diffusion_1
1.0,0.0,0.48235235,stable_diffusion_1
1.0,1.0,0.5318042,stable_diffusion_1
1.0,1.0,0.5384783,stable_diffusion_1
1.0,1.0,0.51881105,stable_diffusion_1
1.0,1.0,0.59345,stable_diffusion_1
1.0,1.0,0.53230715,stable_diffusion_1
1.0,1.0,0.5685964,stable_diffusion_1
1.0,0.0,0.48081622,stable_diffusion_1
1.0,0.0,0.494397,stable_diffusion_1
1.0,1.0,0.5799168,stable_diffusion_1
1.0,1.0,0.5309475,stable_diffusion_1
1.0,1.0,0.609639,stable_diffusion_1
1.0,1.0,0.50423163,stable_diffusion_1
1.0,1.0,0.55512136,stable_diffusion_1
1.0,1.0,0.5275298,stable_diffusion_1
1.0,1.0,0.55212927,stable_diffusion_1
1.0,1.0,0.56170005,stable_diffusion_1
1.0,1.0,0.513597,stable_diffusion_1
1.0,1.0,0.50576305,stable_diffusion_1
1.0,1.0,0.5452385,stable_diffusion_1
1.0,0.0,0.46918896,stable_diffusion_1
1.0,0.0,0.47436157,stable_diffusion_1
1.0,0.0,0.49725303,stable_diffusion_1
1.0,1.0,0.5938711,stable_diffusion_1
1.0,1.0,0.5392448,stable_diffusion_1
1.0,1.0,0.52732086,stable_diffusion_1
1.0,1.0,0.5441838,stable_diffusion_1
1.0,1.0,0.50622857,stable_diffusion_1
1.0,1.0,0.54887766,stable_diffusion_1
1.0,1.0,0.5630232,stable_diffusion_1
1.0,0.0,0.48329458,stable_diffusion_1
1.0,1.0,0.5478864,stable_diffusion_1
1.0,0.0,0.4790198,stable_diffusion_1
1.0,1.0,0.54675955,stable_diffusion_1
1.0,1.0,0.5328792,stable_diffusion_1
1.0,1.0,0.55014396,stable_diffusion_1
1.0,1.0,0.55098677,stable_diffusion_1
1.0,1.0,0.5499381,stable_diffusion_1
1.0,1.0,0.50125664,stable_diffusion_1
1.0,1.0,0.5634619,stable_diffusion_1
1.0,0.0,0.49364105,stable_diffusion_1
1.0,1.0,0.5066841,stable_diffusion_1
1.0,1.0,0.5627772,stable_diffusion_1
1.0,1.0,0.5287096,stable_diffusion_1
1.0,1.0,0.564013,stable_diffusion_1
1.0,1.0,0.5496364,stable_diffusion_1
1.0,0.0,0.48385045,stable_diffusion_1
1.0,0.0,0.48588026,stable_diffusion_1
1.0,1.0,0.5563741,stable_diffusion_1
1.0,1.0,0.56505275,stable_diffusion_1
1.0,1.0,0.5838079,stable_diffusion_1
1.0,1.0,0.57684445,stable_diffusion_1
1.0,1.0,0.54787695,stable_diffusion_1
1.0,1.0,0.54146844,stable_diffusion_1
1.0,1.0,0.510462,stable_diffusion_1
1.0,1.0,0.52012986,stable_diffusion_1
1.0,1.0,0.51384085,stable_diffusion_1
1.0,0.0,0.4855439,stable_diffusion_1
1.0,1.0,0.5208854,stable_diffusion_1
1.0,1.0,0.5034907,stable_diffusion_1
1.0,0.0,0.47714284,stable_diffusion_1
1.0,1.0,0.51613116,stable_diffusion_1
1.0,1.0,0.54950887,stable_diffusion_1
1.0,1.0,0.5051034,stable_diffusion_1
1.0,1.0,0.5084519,stable_diffusion_1
1.0,0.0,0.47252426,stable_diffusion_1
1.0,0.0,0.48329124,stable_diffusion_1
1.0,1.0,0.59822,stable_diffusion_1
1.0,0.0,0.49654868,stable_diffusion_1
1.0,1.0,0.55341864,stable_diffusion_1
1.0,1.0,0.51821774,stable_diffusion_1
1.0,1.0,0.5336029,stable_diffusion_1
1.0,1.0,0.5397988,stable_diffusion_1
1.0,1.0,0.53507245,stable_diffusion_1
1.0,1.0,0.5375646,stable_diffusion_1
1.0,0.0,0.48681244,stable_diffusion_1
1.0,1.0,0.5673262,stable_diffusion_1
1.0,0.0,0.49436507,stable_diffusion_1
1.0,1.0,0.5291577,stable_diffusion_1
1.0,1.0,0.56277674,stable_diffusion_1
1.0,1.0,0.5147111,stable_diffusion_1
1.0,1.0,0.54177177,stable_diffusion_1
1.0,1.0,0.5424554,stable_diffusion_1
1.0,1.0,0.5298462,stable_diffusion_1
1.0,1.0,0.5188017,stable_diffusion_1
1.0,1.0,0.56988066,stable_diffusion_1
1.0,1.0,0.556028,stable_diffusion_1
1.0,0.0,0.49581718,stable_diffusion_1
1.0,1.0,0.5401998,stable_diffusion_1
1.0,1.0,0.5245512,stable_diffusion_1
1.0,1.0,0.5335675,stable_diffusion_1
1.0,0.0,0.494687,stable_diffusion_1
1.0,1.0,0.53409773,stable_diffusion_1
1.0,1.0,0.53525573,stable_diffusion_1
1.0,1.0,0.51818824,stable_diffusion_1
1.0,0.0,0.47017086,stable_diffusion_1
1.0,0.0,0.47319388,stable_diffusion_1
1.0,1.0,0.5389289,stable_diffusion_1
1.0,1.0,0.5473006,stable_diffusion_1
1.0,1.0,0.5189934,stable_diffusion_1
1.0,0.0,0.46328208,stable_diffusion_1
1.0,1.0,0.5027373,stable_diffusion_1
1.0,1.0,0.59298885,stable_diffusion_1
1.0,1.0,0.5022236,stable_diffusion_1
1.0,1.0,0.5846691,stable_diffusion_1
1.0,0.0,0.4888537,stable_diffusion_1
1.0,0.0,0.4954986,stable_diffusion_1
1.0,1.0,0.5561368,stable_diffusion_1
1.0,1.0,0.5012442,stable_diffusion_1
1.0,1.0,0.50424844,stable_diffusion_1
1.0,1.0,0.54781145,stable_diffusion_1
1.0,1.0,0.5132752,stable_diffusion_1
1.0,1.0,0.5422994,stable_diffusion_1
1.0,1.0,0.5515304,stable_diffusion_1
1.0,1.0,0.50638765,stable_diffusion_1
1.0,1.0,0.585849,stable_diffusion_1
1.0,1.0,0.5622851,stable_diffusion_1
1.0,1.0,0.50217384,stable_diffusion_1
1.0,0.0,0.49905646,stable_diffusion_1
1.0,1.0,0.5151195,stable_diffusion_1
1.0,1.0,0.5034741,stable_diffusion_1
1.0,1.0,0.54174805,stable_diffusion_1
1.0,1.0,0.52292097,stable_diffusion_1
1.0,0.0,0.4680383,stable_diffusion_1
1.0,1.0,0.5257355,stable_diffusion_1
1.0,1.0,0.5107776,stable_diffusion_1
1.0,0.0,0.4962203,stable_diffusion_1
1.0,1.0,0.5228085,stable_diffusion_1
1.0,1.0,0.55177236,stable_diffusion_1
1.0,0.0,0.47899124,stable_diffusion_1
1.0,1.0,0.5559152,stable_diffusion_1
1.0,1.0,0.5807941,stable_diffusion_1
1.0,1.0,0.58033615,stable_diffusion_1
1.0,1.0,0.512115,stable_diffusion_1
1.0,1.0,0.53483206,stable_diffusion_1
1.0,1.0,0.56403816,stable_diffusion_1
1.0,1.0,0.5459665,stable_diffusion_1
1.0,1.0,0.6026364,stable_diffusion_1
1.0,1.0,0.5515606,stable_diffusion_1
1.0,1.0,0.54028887,stable_diffusion_1
1.0,0.0,0.47548667,stable_diffusion_1
1.0,0.0,0.4894602,stable_diffusion_1
1.0,1.0,0.57148606,stable_diffusion_1
1.0,1.0,0.51985633,stable_diffusion_1
1.0,0.0,0.47956383,stable_diffusion_1
1.0,0.0,0.486904,stable_diffusion_1
1.0,0.0,0.4858919,stable_diffusion_1
1.0,1.0,0.5460525,stable_diffusion_1
1.0,1.0,0.5359641,stable_diffusion_1
1.0,1.0,0.55141944,stable_diffusion_1
1.0,1.0,0.5249107,stable_diffusion_1
1.0,1.0,0.54973495,stable_diffusion_1
1.0,1.0,0.60393584,stable_diffusion_1
1.0,1.0,0.54761744,stable_diffusion_1
1.0,0.0,0.48572427,stable_diffusion_1
1.0,1.0,0.5203231,stable_diffusion_1
1.0,1.0,0.5346694,stable_diffusion_1
1.0,1.0,0.5139895,stable_diffusion_1
1.0,1.0,0.5032107,stable_diffusion_1
1.0,1.0,0.5144652,stable_diffusion_1
1.0,1.0,0.5367728,stable_diffusion_1
1.0,1.0,0.57305616,stable_diffusion_1
1.0,1.0,0.5155476,stable_diffusion_1
1.0,1.0,0.5392847,stable_diffusion_1
1.0,1.0,0.5511309,stable_diffusion_1
1.0,1.0,0.5085039,stable_diffusion_1
1.0,1.0,0.56386405,stable_diffusion_1
1.0,1.0,0.5058265,stable_diffusion_1
1.0,1.0,0.5287657,stable_diffusion_1
1.0,1.0,0.550128,stable_diffusion_1
1.0,1.0,0.5875858,stable_diffusion_1
1.0,1.0,0.5475432,stable_diffusion_1
1.0,1.0,0.5452821,stable_diffusion_1
1.0,0.0,0.4762078,stable_diffusion_1
1.0,1.0,0.5519807,stable_diffusion_1
1.0,1.0,0.54253095,stable_diffusion_1
1.0,1.0,0.54574263,stable_diffusion_1
1.0,1.0,0.526286,stable_diffusion_1
1.0,0.0,0.4869434,stable_diffusion_1
1.0,1.0,0.51497656,stable_diffusion_1
1.0,1.0,0.58110625,stable_diffusion_1
1.0,1.0,0.50013804,stable_diffusion_1
1.0,1.0,0.5983891,stable_diffusion_1
1.0,0.0,0.49280247,stable_diffusion_1
1.0,1.0,0.51225924,stable_diffusion_1
1.0,1.0,0.50464475,stable_diffusion_1
1.0,0.0,0.47938508,stable_diffusion_1
1.0,1.0,0.50897837,stable_diffusion_1
1.0,0.0,0.48552838,stable_diffusion_1
1.0,1.0,0.6126978,stable_diffusion_1
1.0,0.0,0.48891476,stable_diffusion_1
1.0,1.0,0.5273285,stable_diffusion_1
1.0,1.0,0.5090692,stable_diffusion_1
1.0,0.0,0.47978526,stable_diffusion_1
1.0,0.0,0.48856226,stable_diffusion_1
1.0,1.0,0.56897175,stable_diffusion_1
1.0,1.0,0.5380438,stable_diffusion_1
1.0,1.0,0.5501383,stable_diffusion_1
1.0,1.0,0.504231,stable_diffusion_1
1.0,0.0,0.48973784,stable_diffusion_1
1.0,1.0,0.52124864,stable_diffusion_1
1.0,0.0,0.49651647,stable_diffusion_1
1.0,1.0,0.5011937,stable_diffusion_1
1.0,1.0,0.5426532,stable_diffusion_1
1.0,1.0,0.5025846,stable_diffusion_1
1.0,1.0,0.5103983,stable_diffusion_1
1.0,1.0,0.5199121,stable_diffusion_1
1.0,1.0,0.5123541,stable_diffusion_1
1.0,1.0,0.5380743,stable_diffusion_1
1.0,0.0,0.47042146,stable_diffusion_1
1.0,1.0,0.53346455,stable_diffusion_1
1.0,1.0,0.52611935,stable_diffusion_1
1.0,1.0,0.5213354,stable_diffusion_1
1.0,1.0,0.5178458,stable_diffusion_1
1.0,1.0,0.5600151,stable_diffusion_1
1.0,1.0,0.5432934,stable_diffusion_1
1.0,1.0,0.5524635,stable_diffusion_1
1.0,1.0,0.5247397,stable_diffusion_1
1.0,1.0,0.55618715,stable_diffusion_1
1.0,1.0,0.5178992,stable_diffusion_1
1.0,1.0,0.52145886,stable_diffusion_1
1.0,1.0,0.51339823,stable_diffusion_1
1.0,1.0,0.5530019,stable_diffusion_1
1.0,1.0,0.50586927,stable_diffusion_1
1.0,0.0,0.4750173,stable_diffusion_1
1.0,1.0,0.50275993,stable_diffusion_1
1.0,1.0,0.50542057,stable_diffusion_1
1.0,1.0,0.51408994,stable_diffusion_1
1.0,1.0,0.55799365,stable_diffusion_1
1.0,1.0,0.5208005,stable_diffusion_1
1.0,1.0,0.5565067,stable_diffusion_1
1.0,1.0,0.5965545,stable_diffusion_1
1.0,1.0,0.52550584,stable_diffusion_1
1.0,1.0,0.5281706,stable_diffusion_1
1.0,1.0,0.52330405,stable_diffusion_1
1.0,0.0,0.482078,stable_diffusion_1
1.0,1.0,0.55481416,stable_diffusion_1
1.0,1.0,0.5150745,stable_diffusion_1
1.0,1.0,0.54976285,stable_diffusion_1
1.0,1.0,0.5042528,stable_diffusion_1
1.0,1.0,0.57068646,stable_diffusion_1
1.0,1.0,0.5501647,stable_diffusion_1
1.0,1.0,0.56086063,stable_diffusion_1
1.0,1.0,0.52565897,stable_diffusion_1
1.0,1.0,0.5162,stable_diffusion_1
1.0,0.0,0.4726626,stable_diffusion_1
1.0,1.0,0.5524293,stable_diffusion_1
1.0,0.0,0.49776095,stable_diffusion_1
1.0,1.0,0.5298409,stable_diffusion_1
1.0,1.0,0.5576259,stable_diffusion_1
1.0,1.0,0.55694,stable_diffusion_1
1.0,1.0,0.5114076,stable_diffusion_1
1.0,0.0,0.48888013,stable_diffusion_1
1.0,1.0,0.5471094,stable_diffusion_1
1.0,1.0,0.5093858,stable_diffusion_1
1.0,1.0,0.5001042,stable_diffusion_1
1.0,1.0,0.55598646,stable_diffusion_1
1.0,1.0,0.5575918,stable_diffusion_1
1.0,1.0,0.5316862,stable_diffusion_1
1.0,1.0,0.5103117,stable_diffusion_1
1.0,0.0,0.48515704,stable_diffusion_1
1.0,0.0,0.48755965,stable_diffusion_1
1.0,1.0,0.54200345,stable_diffusion_1
1.0,1.0,0.57580584,stable_diffusion_1
1.0,1.0,0.50786597,stable_diffusion_1
1.0,1.0,0.58019286,stable_diffusion_1
1.0,1.0,0.6032156,stable_diffusion_1
1.0,0.0,0.485129,stable_diffusion_1
1.0,1.0,0.5289616,stable_diffusion_1
1.0,1.0,0.5431561,stable_diffusion_1
1.0,1.0,0.50575703,stable_diffusion_1
1.0,0.0,0.4793196,stable_diffusion_1
1.0,0.0,0.47229654,stable_diffusion_1
1.0,0.0,0.47217292,stable_diffusion_1
1.0,1.0,0.5572949,stable_diffusion_1
1.0,1.0,0.53690773,stable_diffusion_1
1.0,1.0,0.51230204,stable_diffusion_1
1.0,1.0,0.52921987,stable_diffusion_1
1.0,1.0,0.5288624,stable_diffusion_1
1.0,0.0,0.49438038,stable_diffusion_1
1.0,1.0,0.5360088,stable_diffusion_1
1.0,1.0,0.5451044,stable_diffusion_1
1.0,0.0,0.48633614,stable_diffusion_1
1.0,0.0,0.4921188,stable_diffusion_1
1.0,1.0,0.6063823,stable_diffusion_1
1.0,1.0,0.5338154,stable_diffusion_1
1.0,1.0,0.5493254,stable_diffusion_1
1.0,1.0,0.547475,stable_diffusion_1
1.0,1.0,0.5476174,stable_diffusion_1
1.0,0.0,0.4761932,stable_diffusion_1
1.0,1.0,0.5129858,stable_diffusion_1
1.0,1.0,0.53595996,stable_diffusion_1
1.0,0.0,0.48852822,stable_diffusion_1
1.0,1.0,0.5431767,stable_diffusion_1
1.0,1.0,0.5519157,stable_diffusion_1
1.0,1.0,0.52787346,stable_diffusion_1
1.0,1.0,0.5050808,stable_diffusion_1
1.0,1.0,0.5186782,stable_diffusion_1
1.0,1.0,0.54017305,stable_diffusion_1
1.0,1.0,0.54082304,stable_diffusion_1
1.0,1.0,0.5231481,stable_diffusion_1
1.0,1.0,0.56769264,stable_diffusion_1
1.0,1.0,0.5521946,stable_diffusion_1
1.0,0.0,0.45996168,stable_diffusion_1
1.0,1.0,0.51103145,stable_diffusion_1
1.0,1.0,0.5306699,stable_diffusion_1
1.0,0.0,0.47130114,stable_diffusion_1
1.0,1.0,0.54652816,stable_diffusion_1
1.0,1.0,0.5337049,stable_diffusion_1
1.0,1.0,0.51926064,stable_diffusion_1
1.0,0.0,0.47852072,stable_diffusion_1
1.0,1.0,0.5035767,stable_diffusion_1
1.0,1.0,0.5440136,stable_diffusion_1
1.0,1.0,0.50883406,stable_diffusion_1
1.0,0.0,0.47559494,stable_diffusion_1
1.0,1.0,0.5637034,stable_diffusion_1
1.0,0.0,0.49485338,stable_diffusion_1
1.0,0.0,0.4845379,stable_diffusion_1
1.0,0.0,0.49094492,stable_diffusion_1
1.0,1.0,0.52143466,stable_diffusion_1
1.0,1.0,0.5211639,stable_diffusion_1
1.0,1.0,0.50117403,stable_diffusion_1
1.0,0.0,0.48338425,stable_diffusion_1
1.0,0.0,0.47223762,stable_diffusion_1
1.0,1.0,0.54958475,stable_diffusion_1
1.0,0.0,0.48653665,stable_diffusion_1
1.0,1.0,0.5662893,stable_diffusion_1
1.0,1.0,0.52830756,stable_diffusion_1
1.0,1.0,0.5445242,stable_diffusion_1
1.0,1.0,0.5190965,stable_diffusion_1
1.0,0.0,0.46816543,stable_diffusion_1
1.0,1.0,0.5915826,stable_diffusion_1
1.0,1.0,0.5143476,stable_diffusion_1
1.0,1.0,0.5264525,stable_diffusion_1
1.0,0.0,0.47404477,stable_diffusion_1
1.0,1.0,0.5584118,stable_diffusion_1
1.0,1.0,0.5504635,stable_diffusion_1
1.0,1.0,0.5133092,stable_diffusion_1
1.0,1.0,0.5356584,stable_diffusion_1
1.0,1.0,0.5925422,stable_diffusion_1
1.0,1.0,0.5083238,stable_diffusion_1
1.0,0.0,0.48073992,stable_diffusion_1
1.0,0.0,0.4882066,stable_diffusion_1
1.0,1.0,0.5348728,stable_diffusion_1
1.0,1.0,0.502011,stable_diffusion_1
1.0,0.0,0.48129308,stable_diffusion_1
1.0,1.0,0.52812076,stable_diffusion_1
1.0,1.0,0.567653,stable_diffusion_1
1.0,1.0,0.5738211,stable_diffusion_1
1.0,1.0,0.5068356,stable_diffusion_1
1.0,1.0,0.54290485,stable_diffusion_1
1.0,1.0,0.5034562,stable_diffusion_1
1.0,1.0,0.5183618,stable_diffusion_1
1.0,1.0,0.5340944,stable_diffusion_1
1.0,1.0,0.5244878,stable_diffusion_1
1.0,1.0,0.5072284,stable_diffusion_1
1.0,0.0,0.49539694,stable_diffusion_1
1.0,0.0,0.47722775,stable_diffusion_1
1.0,1.0,0.5111891,stable_diffusion_1
1.0,1.0,0.519031,stable_diffusion_1
1.0,1.0,0.52887326,stable_diffusion_1
1.0,1.0,0.52695227,stable_diffusion_1
1.0,1.0,0.5534812,stable_diffusion_1
1.0,1.0,0.5532472,stable_diffusion_1
1.0,0.0,0.47731745,stable_diffusion_1
1.0,1.0,0.5131006,stable_diffusion_1
1.0,1.0,0.5392622,stable_diffusion_1
1.0,0.0,0.491083,stable_diffusion_1
1.0,1.0,0.5048228,stable_diffusion_1
1.0,0.0,0.49912274,stable_diffusion_1
1.0,1.0,0.5301189,stable_diffusion_1
1.0,1.0,0.52385706,stable_diffusion_1
1.0,1.0,0.60028625,stable_diffusion_1
1.0,1.0,0.5160445,stable_diffusion_1
1.0,1.0,0.53489065,stable_diffusion_1
1.0,1.0,0.53528553,stable_diffusion_1
1.0,1.0,0.5601297,stable_diffusion_1
1.0,1.0,0.55427945,stable_diffusion_1
1.0,1.0,0.5477784,stable_diffusion_1
1.0,0.0,0.47179666,stable_diffusion_1
1.0,1.0,0.519922,stable_diffusion_1
1.0,0.0,0.48527992,stable_diffusion_1
1.0,1.0,0.53751504,stable_diffusion_1
1.0,1.0,0.55268323,stable_diffusion_1
1.0,1.0,0.55762666,stable_diffusion_1
1.0,1.0,0.5435525,stable_diffusion_1
1.0,1.0,0.5497805,stable_diffusion_1
1.0,1.0,0.5239204,stable_diffusion_1
1.0,1.0,0.54688984,stable_diffusion_1
1.0,1.0,0.53267574,stable_diffusion_1
1.0,1.0,0.54881555,stable_diffusion_1
1.0,1.0,0.5673329,stable_diffusion_1
1.0,0.0,0.49851876,stable_diffusion_1
1.0,1.0,0.5251286,stable_diffusion_1
1.0,1.0,0.54852235,stable_diffusion_1
1.0,0.0,0.4866142,stable_diffusion_1
1.0,1.0,0.5492821,stable_diffusion_1
1.0,1.0,0.5019064,stable_diffusion_1
1.0,1.0,0.55022347,stable_diffusion_1
1.0,1.0,0.5152677,stable_diffusion_1
1.0,1.0,0.54724294,stable_diffusion_1
1.0,1.0,0.5306949,stable_diffusion_1
1.0,1.0,0.51550514,stable_diffusion_1
1.0,0.0,0.49255526,stable_diffusion_1
1.0,1.0,0.5881092,stable_diffusion_1
1.0,1.0,0.5742452,stable_diffusion_1
1.0,1.0,0.51889133,stable_diffusion_1
1.0,1.0,0.52991,stable_diffusion_1
1.0,1.0,0.51634264,stable_diffusion_1
1.0,1.0,0.6013589,stable_diffusion_1
1.0,1.0,0.5693591,stable_diffusion_1
1.0,0.0,0.4817557,stable_diffusion_1
1.0,1.0,0.53505296,stable_diffusion_1
1.0,1.0,0.5308343,stable_diffusion_1
1.0,1.0,0.52536374,stable_diffusion_1
1.0,0.0,0.4839458,stable_diffusion_1
1.0,1.0,0.56880224,stable_diffusion_1
1.0,1.0,0.55452865,stable_diffusion_1
1.0,1.0,0.50834787,stable_diffusion_1
1.0,0.0,0.48700824,stable_diffusion_1
1.0,1.0,0.5983157,stable_diffusion_1
1.0,1.0,0.5798266,stable_diffusion_1
1.0,1.0,0.57169986,stable_diffusion_1
1.0,1.0,0.5529651,stable_diffusion_1
1.0,1.0,0.52049553,stable_diffusion_1
1.0,1.0,0.5337232,stable_diffusion_1
1.0,1.0,0.51536846,stable_diffusion_1
1.0,1.0,0.5295367,stable_diffusion_1
1.0,1.0,0.5550838,stable_diffusion_1
1.0,1.0,0.5070497,stable_diffusion_1
1.0,1.0,0.5165422,stable_diffusion_1
1.0,1.0,0.5530095,stable_diffusion_1
1.0,0.0,0.47843906,stable_diffusion_1
1.0,0.0,0.4782359,stable_diffusion_1
1.0,1.0,0.5360097,stable_diffusion_1
1.0,1.0,0.5564745,stable_diffusion_1
1.0,1.0,0.55904335,stable_diffusion_1
1.0,0.0,0.46756834,stable_diffusion_1
1.0,1.0,0.53094536,stable_diffusion_1
1.0,1.0,0.576895,stable_diffusion_1
1.0,1.0,0.533528,stable_diffusion_1
1.0,1.0,0.5380688,stable_diffusion_1
1.0,1.0,0.5363817,stable_diffusion_1
1.0,0.0,0.4884966,stable_diffusion_1
1.0,1.0,0.5376417,stable_diffusion_1
1.0,1.0,0.5427265,stable_diffusion_1
1.0,1.0,0.5544682,stable_diffusion_1
1.0,1.0,0.51571506,stable_diffusion_1
1.0,1.0,0.56570125,stable_diffusion_1
1.0,1.0,0.5199504,stable_diffusion_1
1.0,1.0,0.5143161,stable_diffusion_1
1.0,0.0,0.47594658,stable_diffusion_1
1.0,1.0,0.5141214,stable_diffusion_1
1.0,1.0,0.5299935,stable_diffusion_1
1.0,1.0,0.535958,stable_diffusion_1
1.0,0.0,0.46988285,stable_diffusion_1
1.0,1.0,0.5283081,stable_diffusion_1
1.0,0.0,0.49688303,stable_diffusion_1
1.0,0.0,0.4754402,stable_diffusion_1
1.0,0.0,0.49521762,stable_diffusion_1
1.0,1.0,0.53152716,stable_diffusion_1
1.0,0.0,0.48548573,stable_diffusion_1
1.0,0.0,0.4741044,stable_diffusion_1
1.0,1.0,0.5614917,stable_diffusion_1
1.0,1.0,0.51200193,stable_diffusion_1
1.0,1.0,0.52893656,stable_diffusion_1
1.0,1.0,0.5696977,stable_diffusion_1
1.0,1.0,0.568814,stable_diffusion_1
1.0,1.0,0.5234328,stable_diffusion_1
1.0,1.0,0.53430665,stable_diffusion_1
1.0,1.0,0.5095259,stable_diffusion_1
1.0,1.0,0.5139287,stable_diffusion_1
1.0,1.0,0.5510732,stable_diffusion_1
1.0,0.0,0.4874739,stable_diffusion_1
1.0,1.0,0.5278273,stable_diffusion_1
1.0,1.0,0.5407746,stable_diffusion_1
1.0,1.0,0.55130553,stable_diffusion_1
1.0,1.0,0.5402439,stable_diffusion_1
1.0,0.0,0.4768394,stable_diffusion_1
1.0,1.0,0.50711185,stable_diffusion_1
1.0,1.0,0.551685,stable_diffusion_1
1.0,1.0,0.5118949,stable_diffusion_1
1.0,1.0,0.5137665,stable_diffusion_2_1
1.0,1.0,0.5586714,stable_diffusion_2_1
1.0,0.0,0.48926106,stable_diffusion_2_1
1.0,0.0,0.4950849,stable_diffusion_2_1
1.0,1.0,0.5266974,stable_diffusion_2_1
1.0,1.0,0.56256396,stable_diffusion_2_1
1.0,1.0,0.5248368,stable_diffusion_2_1
1.0,0.0,0.49964193,stable_diffusion_2_1
1.0,1.0,0.56022143,stable_diffusion_2_1
1.0,1.0,0.5410289,stable_diffusion_2_1
1.0,1.0,0.61859643,stable_diffusion_2_1
1.0,1.0,0.5479549,stable_diffusion_2_1
1.0,1.0,0.53937453,stable_diffusion_2_1
1.0,1.0,0.512597,stable_diffusion_2_1
1.0,1.0,0.53565335,stable_diffusion_2_1
1.0,1.0,0.5834055,stable_diffusion_2_1
1.0,1.0,0.5138806,stable_diffusion_2_1
1.0,1.0,0.5120803,stable_diffusion_2_1
1.0,1.0,0.54344577,stable_diffusion_2_1
1.0,1.0,0.5800939,stable_diffusion_2_1
1.0,1.0,0.56347966,stable_diffusion_2_1
1.0,0.0,0.49033144,stable_diffusion_2_1
1.0,1.0,0.51852584,stable_diffusion_2_1
1.0,1.0,0.5282198,stable_diffusion_2_1
1.0,1.0,0.5791998,stable_diffusion_2_1
1.0,1.0,0.5631134,stable_diffusion_2_1
1.0,1.0,0.5103322,stable_diffusion_2_1
1.0,1.0,0.5589534,stable_diffusion_2_1
1.0,1.0,0.52665967,stable_diffusion_2_1
1.0,0.0,0.47491425,stable_diffusion_2_1
1.0,1.0,0.5342349,stable_diffusion_2_1
1.0,1.0,0.5572738,stable_diffusion_2_1
1.0,0.0,0.49346274,stable_diffusion_2_1
1.0,1.0,0.5078465,stable_diffusion_2_1
1.0,1.0,0.60262287,stable_diffusion_2_1
1.0,1.0,0.5240295,stable_diffusion_2_1
1.0,1.0,0.5345145,stable_diffusion_2_1
1.0,1.0,0.5370196,stable_diffusion_2_1
1.0,1.0,0.50455713,stable_diffusion_2_1
1.0,1.0,0.5411715,stable_diffusion_2_1
1.0,0.0,0.4833613,stable_diffusion_2_1
1.0,0.0,0.47167596,stable_diffusion_2_1
1.0,1.0,0.5122375,stable_diffusion_2_1
1.0,1.0,0.58278805,stable_diffusion_2_1
1.0,1.0,0.5436823,stable_diffusion_2_1
1.0,0.0,0.4733407,stable_diffusion_2_1
1.0,1.0,0.50746995,stable_diffusion_2_1
1.0,1.0,0.5050844,stable_diffusion_2_1
1.0,1.0,0.5262599,stable_diffusion_2_1
1.0,1.0,0.563868,stable_diffusion_2_1
1.0,0.0,0.4887901,stable_diffusion_2_1
1.0,1.0,0.5461335,stable_diffusion_2_1
1.0,1.0,0.5428667,stable_diffusion_2_1
1.0,1.0,0.59415686,stable_diffusion_2_1
1.0,1.0,0.55990386,stable_diffusion_2_1
1.0,1.0,0.5085846,stable_diffusion_2_1
1.0,1.0,0.5394284,stable_diffusion_2_1
1.0,1.0,0.55674064,stable_diffusion_2_1
1.0,1.0,0.5242447,stable_diffusion_2_1
1.0,0.0,0.47691235,stable_diffusion_2_1
1.0,1.0,0.5407108,stable_diffusion_2_1
1.0,1.0,0.5490417,stable_diffusion_2_1
1.0,0.0,0.4934075,stable_diffusion_2_1
1.0,1.0,0.5067418,stable_diffusion_2_1
1.0,1.0,0.51896864,stable_diffusion_2_1
1.0,1.0,0.5499695,stable_diffusion_2_1
1.0,1.0,0.5168219,stable_diffusion_2_1
1.0,1.0,0.5049818,stable_diffusion_2_1
1.0,0.0,0.48287708,stable_diffusion_2_1
1.0,1.0,0.54381835,stable_diffusion_2_1
1.0,1.0,0.5324239,stable_diffusion_2_1
1.0,1.0,0.56157494,stable_diffusion_2_1
1.0,1.0,0.51321816,stable_diffusion_2_1
1.0,1.0,0.5304452,stable_diffusion_2_1
1.0,0.0,0.47015727,stable_diffusion_2_1
1.0,1.0,0.5312406,stable_diffusion_2_1
1.0,1.0,0.52037174,stable_diffusion_2_1
1.0,0.0,0.4960459,stable_diffusion_2_1
1.0,0.0,0.49846798,stable_diffusion_2_1
1.0,1.0,0.5064616,stable_diffusion_2_1
1.0,1.0,0.52096456,stable_diffusion_2_1
1.0,1.0,0.5369757,stable_diffusion_2_1
1.0,1.0,0.5563405,stable_diffusion_2_1
1.0,1.0,0.52938634,stable_diffusion_2_1
1.0,1.0,0.53674865,stable_diffusion_2_1
1.0,1.0,0.5340964,stable_diffusion_2_1
1.0,1.0,0.50032115,stable_diffusion_2_1
1.0,1.0,0.5314615,stable_diffusion_2_1
1.0,1.0,0.5657096,stable_diffusion_2_1
1.0,0.0,0.49843422,stable_diffusion_2_1
1.0,1.0,0.54497325,stable_diffusion_2_1
1.0,1.0,0.53642815,stable_diffusion_2_1
1.0,1.0,0.50698054,stable_diffusion_2_1
1.0,1.0,0.5241139,stable_diffusion_2_1
1.0,1.0,0.5189242,stable_diffusion_2_1
1.0,1.0,0.5233511,stable_diffusion_2_1
1.0,1.0,0.57168496,stable_diffusion_2_1
1.0,1.0,0.56106085,stable_diffusion_2_1
1.0,1.0,0.53449297,stable_diffusion_2_1
1.0,1.0,0.52867657,stable_diffusion_2_1
1.0,0.0,0.48449734,stable_diffusion_2_1
1.0,0.0,0.47761172,stable_diffusion_2_1
1.0,1.0,0.5317471,stable_diffusion_2_1
1.0,0.0,0.49381953,stable_diffusion_2_1
1.0,1.0,0.58309865,stable_diffusion_2_1
1.0,1.0,0.5291739,stable_diffusion_2_1
1.0,1.0,0.51003087,stable_diffusion_2_1
1.0,1.0,0.53679574,stable_diffusion_2_1
1.0,1.0,0.55058235,stable_diffusion_2_1
1.0,1.0,0.5335092,stable_diffusion_2_1
1.0,1.0,0.5350688,stable_diffusion_2_1
1.0,1.0,0.54100144,stable_diffusion_2_1
1.0,1.0,0.5191919,stable_diffusion_2_1
1.0,1.0,0.53774834,stable_diffusion_2_1
1.0,1.0,0.56463736,stable_diffusion_2_1
1.0,1.0,0.518082,stable_diffusion_2_1
1.0,0.0,0.4990877,stable_diffusion_2_1
1.0,1.0,0.52161986,stable_diffusion_2_1
1.0,1.0,0.5271673,stable_diffusion_2_1
1.0,1.0,0.5543956,stable_diffusion_2_1
1.0,1.0,0.52062684,stable_diffusion_2_1
1.0,1.0,0.54051906,stable_diffusion_2_1
1.0,1.0,0.5507628,stable_diffusion_2_1
1.0,1.0,0.5093316,stable_diffusion_2_1
1.0,1.0,0.5678869,stable_diffusion_2_1
1.0,0.0,0.4772732,stable_diffusion_2_1
1.0,1.0,0.50082815,stable_diffusion_2_1
1.0,1.0,0.50072044,stable_diffusion_2_1
1.0,1.0,0.54666233,stable_diffusion_2_1
1.0,1.0,0.5344171,stable_diffusion_2_1
1.0,1.0,0.5146899,stable_diffusion_2_1
1.0,0.0,0.47298306,stable_diffusion_2_1
1.0,0.0,0.4966304,stable_diffusion_2_1
1.0,1.0,0.5045912,stable_diffusion_2_1
1.0,1.0,0.5417546,stable_diffusion_2_1
1.0,1.0,0.5061537,stable_diffusion_2_1
1.0,1.0,0.55350685,stable_diffusion_2_1
1.0,1.0,0.574952,stable_diffusion_2_1
1.0,1.0,0.5967576,stable_diffusion_2_1
1.0,1.0,0.54421717,stable_diffusion_2_1
1.0,1.0,0.5589731,stable_diffusion_2_1
1.0,0.0,0.48295167,stable_diffusion_2_1
1.0,1.0,0.54841,stable_diffusion_2_1
1.0,1.0,0.51733136,stable_diffusion_2_1
1.0,1.0,0.5224178,stable_diffusion_2_1
1.0,1.0,0.5687741,stable_diffusion_2_1
1.0,1.0,0.5221934,stable_diffusion_2_1
1.0,1.0,0.55470467,stable_diffusion_2_1
1.0,1.0,0.5352316,stable_diffusion_2_1
1.0,1.0,0.5229325,stable_diffusion_2_1
1.0,1.0,0.57339835,stable_diffusion_2_1
1.0,1.0,0.5038607,stable_diffusion_2_1
1.0,1.0,0.5296576,stable_diffusion_2_1
1.0,1.0,0.5439515,stable_diffusion_2_1
1.0,1.0,0.57419205,stable_diffusion_2_1
1.0,1.0,0.5232699,stable_diffusion_2_1
1.0,1.0,0.5153415,stable_diffusion_2_1
1.0,1.0,0.55406696,stable_diffusion_2_1
1.0,1.0,0.5680717,stable_diffusion_2_1
1.0,1.0,0.5169571,stable_diffusion_2_1
1.0,1.0,0.5075261,stable_diffusion_2_1
1.0,1.0,0.5580917,stable_diffusion_2_1
1.0,1.0,0.5364065,stable_diffusion_2_1
1.0,1.0,0.5197555,stable_diffusion_2_1
1.0,0.0,0.48386562,stable_diffusion_2_1
1.0,1.0,0.50942266,stable_diffusion_2_1
1.0,1.0,0.53476536,stable_diffusion_2_1
1.0,1.0,0.51010805,stable_diffusion_2_1
1.0,1.0,0.5528413,stable_diffusion_2_1
1.0,1.0,0.5716261,stable_diffusion_2_1
1.0,1.0,0.50475186,stable_diffusion_2_1
1.0,1.0,0.51449186,stable_diffusion_2_1
1.0,1.0,0.54788464,stable_diffusion_2_1
1.0,1.0,0.5661744,stable_diffusion_2_1
1.0,1.0,0.53205645,stable_diffusion_2_1
1.0,1.0,0.5191567,stable_diffusion_2_1
1.0,1.0,0.5784609,stable_diffusion_2_1
1.0,1.0,0.5228209,stable_diffusion_2_1
1.0,0.0,0.47349912,stable_diffusion_2_1
1.0,1.0,0.51041335,stable_diffusion_2_1
1.0,1.0,0.52855957,stable_diffusion_2_1
1.0,1.0,0.55935544,stable_diffusion_2_1
1.0,1.0,0.503542,stable_diffusion_2_1
1.0,1.0,0.56878024,stable_diffusion_2_1
1.0,1.0,0.5221366,stable_diffusion_2_1
1.0,1.0,0.5316114,stable_diffusion_2_1
1.0,1.0,0.5439556,stable_diffusion_2_1
1.0,1.0,0.5190341,stable_diffusion_2_1
1.0,0.0,0.48918986,stable_diffusion_2_1
1.0,1.0,0.5192932,stable_diffusion_2_1
1.0,1.0,0.55342215,stable_diffusion_2_1
1.0,1.0,0.5542376,stable_diffusion_2_1
1.0,1.0,0.50744253,stable_diffusion_2_1
1.0,1.0,0.52299905,stable_diffusion_2_1
1.0,1.0,0.5361348,stable_diffusion_2_1
1.0,1.0,0.57757944,stable_diffusion_2_1
1.0,1.0,0.58642066,stable_diffusion_2_1
1.0,1.0,0.58636326,stable_diffusion_2_1
1.0,1.0,0.52671754,stable_diffusion_2_1
1.0,1.0,0.5311568,stable_diffusion_2_1
1.0,1.0,0.50137496,stable_diffusion_2_1
1.0,1.0,0.5762063,stable_diffusion_2_1
1.0,1.0,0.52233815,stable_diffusion_2_1
1.0,1.0,0.5474207,stable_diffusion_2_1
1.0,0.0,0.4934813,stable_diffusion_2_1
1.0,1.0,0.5356836,stable_diffusion_2_1
1.0,0.0,0.49577242,stable_diffusion_2_1
1.0,1.0,0.50622004,stable_diffusion_2_1
1.0,1.0,0.5651606,stable_diffusion_2_1
1.0,1.0,0.51435226,stable_diffusion_2_1
1.0,0.0,0.46636343,stable_diffusion_2_1
1.0,1.0,0.5618301,stable_diffusion_2_1
1.0,1.0,0.52222985,stable_diffusion_2_1
1.0,1.0,0.5488832,stable_diffusion_2_1
1.0,1.0,0.5491843,stable_diffusion_2_1
1.0,1.0,0.5269524,stable_diffusion_2_1
1.0,1.0,0.5152379,stable_diffusion_2_1
1.0,1.0,0.5448631,stable_diffusion_2_1
1.0,1.0,0.55338657,stable_diffusion_2_1
1.0,1.0,0.6113904,stable_diffusion_2_1
1.0,0.0,0.49041834,stable_diffusion_2_1
1.0,0.0,0.4784657,stable_diffusion_2_1
1.0,1.0,0.5614254,stable_diffusion_2_1
1.0,1.0,0.5388165,stable_diffusion_2_1
1.0,0.0,0.47432435,stable_diffusion_2_1
1.0,1.0,0.5349119,stable_diffusion_2_1
1.0,1.0,0.50220805,stable_diffusion_2_1
1.0,1.0,0.5331737,stable_diffusion_2_1
1.0,1.0,0.5202136,stable_diffusion_2_1
1.0,1.0,0.6087693,stable_diffusion_2_1
1.0,1.0,0.5541452,stable_diffusion_2_1
1.0,1.0,0.51469666,stable_diffusion_2_1
1.0,1.0,0.559596,stable_diffusion_2_1
1.0,1.0,0.54530394,stable_diffusion_2_1
1.0,1.0,0.5568451,stable_diffusion_2_1
1.0,0.0,0.49606758,stable_diffusion_2_1
1.0,0.0,0.46900108,stable_diffusion_2_1
1.0,0.0,0.4688127,stable_diffusion_2_1
1.0,1.0,0.5007653,stable_diffusion_2_1
1.0,1.0,0.5322465,stable_diffusion_2_1
1.0,1.0,0.5444952,stable_diffusion_2_1
1.0,1.0,0.5448597,stable_diffusion_2_1
1.0,1.0,0.5043156,stable_diffusion_2_1
1.0,1.0,0.5269756,stable_diffusion_2_1
1.0,1.0,0.50888103,stable_diffusion_2_1
1.0,1.0,0.5250582,stable_diffusion_2_1
1.0,1.0,0.5388348,stable_diffusion_2_1
1.0,1.0,0.520352,stable_diffusion_2_1
1.0,1.0,0.53043896,stable_diffusion_2_1
1.0,1.0,0.5156988,stable_diffusion_2_1
1.0,1.0,0.5846293,stable_diffusion_2_1
1.0,1.0,0.5656524,stable_diffusion_2_1
1.0,1.0,0.5242478,stable_diffusion_2_1
1.0,1.0,0.5016862,stable_diffusion_2_1
1.0,1.0,0.53774285,stable_diffusion_2_1
1.0,1.0,0.5805646,stable_diffusion_2_1
1.0,1.0,0.5650071,stable_diffusion_2_1
1.0,0.0,0.48448816,stable_diffusion_2_1
1.0,1.0,0.57571226,stable_diffusion_2_1
1.0,1.0,0.5766275,stable_diffusion_2_1
1.0,0.0,0.49298176,stable_diffusion_2_1
1.0,1.0,0.54315776,stable_diffusion_2_1
1.0,0.0,0.49710128,stable_diffusion_2_1
1.0,1.0,0.59856755,stable_diffusion_2_1
1.0,1.0,0.53022444,stable_diffusion_2_1
1.0,1.0,0.5004768,stable_diffusion_2_1
1.0,1.0,0.55433404,stable_diffusion_2_1
1.0,1.0,0.53975606,stable_diffusion_2_1
1.0,1.0,0.56130916,stable_diffusion_2_1
1.0,1.0,0.5891135,stable_diffusion_2_1
1.0,1.0,0.53827715,stable_diffusion_2_1
1.0,1.0,0.5319095,stable_diffusion_2_1
1.0,1.0,0.53460974,stable_diffusion_2_1
1.0,1.0,0.5739652,stable_diffusion_2_1
1.0,1.0,0.5368636,stable_diffusion_2_1
1.0,0.0,0.47610217,stable_diffusion_2_1
1.0,1.0,0.5544179,stable_diffusion_2_1
1.0,1.0,0.5139522,stable_diffusion_2_1
1.0,1.0,0.5026562,stable_diffusion_2_1
1.0,1.0,0.5374431,stable_diffusion_2_1
1.0,1.0,0.5404154,stable_diffusion_2_1
1.0,1.0,0.5228415,stable_diffusion_2_1
1.0,1.0,0.5794881,stable_diffusion_2_1
1.0,1.0,0.50642455,stable_diffusion_2_1
1.0,1.0,0.5867805,stable_diffusion_2_1
1.0,1.0,0.50223345,stable_diffusion_2_1
1.0,1.0,0.5132052,stable_diffusion_2_1
1.0,1.0,0.5139649,stable_diffusion_2_1
1.0,1.0,0.51131386,stable_diffusion_2_1
1.0,0.0,0.48328578,stable_diffusion_2_1
1.0,1.0,0.5070061,stable_diffusion_2_1
1.0,1.0,0.5939375,stable_diffusion_2_1
1.0,1.0,0.5774303,stable_diffusion_2_1
1.0,1.0,0.5428578,stable_diffusion_2_1
1.0,1.0,0.57296133,stable_diffusion_2_1
1.0,1.0,0.5173126,stable_diffusion_2_1
1.0,1.0,0.5469616,stable_diffusion_2_1
1.0,1.0,0.55163604,stable_diffusion_2_1
1.0,1.0,0.5629444,stable_diffusion_2_1
1.0,1.0,0.51602465,stable_diffusion_2_1
1.0,1.0,0.56135714,stable_diffusion_2_1
1.0,1.0,0.5294515,stable_diffusion_2_1
1.0,1.0,0.5098743,stable_diffusion_2_1
1.0,1.0,0.54994357,stable_diffusion_2_1
1.0,1.0,0.57065713,stable_diffusion_2_1
1.0,1.0,0.5200002,stable_diffusion_2_1
1.0,1.0,0.54846257,stable_diffusion_2_1
1.0,1.0,0.52492076,stable_diffusion_2_1
1.0,1.0,0.55660474,stable_diffusion_2_1
1.0,1.0,0.52359647,stable_diffusion_2_1
1.0,1.0,0.56964195,stable_diffusion_2_1
1.0,1.0,0.50335336,stable_diffusion_2_1
1.0,1.0,0.5382472,stable_diffusion_2_1
1.0,1.0,0.5653614,stable_diffusion_2_1
1.0,1.0,0.5266008,stable_diffusion_2_1
1.0,1.0,0.5395729,stable_diffusion_2_1
1.0,0.0,0.47352484,stable_diffusion_2_1
1.0,1.0,0.5180118,stable_diffusion_2_1
1.0,0.0,0.45709375,stable_diffusion_2_1
1.0,0.0,0.4904334,stable_diffusion_2_1
1.0,1.0,0.50249994,stable_diffusion_2_1
1.0,0.0,0.47059342,stable_diffusion_2_1
1.0,1.0,0.55908185,stable_diffusion_2_1
1.0,1.0,0.5270016,stable_diffusion_2_1
1.0,0.0,0.49105212,stable_diffusion_2_1
1.0,0.0,0.48832768,stable_diffusion_2_1
1.0,1.0,0.5026433,stable_diffusion_2_1
1.0,1.0,0.5560777,stable_diffusion_2_1
1.0,1.0,0.5055703,stable_diffusion_2_1
1.0,1.0,0.5368919,stable_diffusion_2_1
1.0,1.0,0.5445576,stable_diffusion_2_1
1.0,0.0,0.48130506,stable_diffusion_2_1
1.0,0.0,0.4739198,stable_diffusion_2_1
1.0,1.0,0.5143816,stable_diffusion_2_1
1.0,1.0,0.51332986,stable_diffusion_2_1
1.0,1.0,0.53763366,stable_diffusion_2_1
1.0,1.0,0.524842,stable_diffusion_2_1
1.0,1.0,0.5284431,stable_diffusion_2_1
1.0,1.0,0.51730233,stable_diffusion_2_1
1.0,0.0,0.49865204,stable_diffusion_2_1
1.0,1.0,0.5633262,stable_diffusion_2_1
1.0,1.0,0.51690716,stable_diffusion_2_1
1.0,0.0,0.49692377,stable_diffusion_2_1
1.0,1.0,0.50964963,stable_diffusion_2_1
1.0,1.0,0.5280179,stable_diffusion_2_1
1.0,0.0,0.46769577,stable_diffusion_2_1
1.0,1.0,0.50483596,stable_diffusion_2_1
1.0,1.0,0.50332457,stable_diffusion_2_1
1.0,0.0,0.47557715,stable_diffusion_2_1
1.0,0.0,0.48551556,stable_diffusion_2_1
1.0,1.0,0.5532278,stable_diffusion_2_1
1.0,1.0,0.5301859,stable_diffusion_2_1
1.0,1.0,0.5015002,stable_diffusion_2_1
1.0,1.0,0.5381275,stable_diffusion_2_1
1.0,0.0,0.43385175,stable_diffusion_2_1
1.0,1.0,0.5185908,stable_diffusion_2_1
1.0,0.0,0.46521458,stable_diffusion_2_1
1.0,1.0,0.5108713,stable_diffusion_2_1
1.0,0.0,0.49837464,stable_diffusion_2_1
1.0,1.0,0.55533755,stable_diffusion_2_1
1.0,0.0,0.4914255,stable_diffusion_2_1
1.0,1.0,0.52681434,stable_diffusion_2_1
1.0,0.0,0.491664,stable_diffusion_2_1
1.0,0.0,0.48457277,stable_diffusion_2_1
1.0,1.0,0.53943086,stable_diffusion_2_1
1.0,1.0,0.52820915,stable_diffusion_2_1
1.0,1.0,0.51191896,stable_diffusion_2_1
1.0,1.0,0.53936744,stable_diffusion_2_1
1.0,0.0,0.46195033,stable_diffusion_2_1
1.0,1.0,0.56085646,stable_diffusion_2_1
1.0,1.0,0.5403866,stable_diffusion_2_1
1.0,0.0,0.48719776,stable_diffusion_2_1
1.0,1.0,0.5098125,stable_diffusion_2_1
1.0,0.0,0.49812216,stable_diffusion_2_1
1.0,1.0,0.591229,stable_diffusion_2_1
1.0,1.0,0.5805186,stable_diffusion_2_1
1.0,1.0,0.5212082,stable_diffusion_2_1
1.0,1.0,0.53769827,stable_diffusion_2_1
1.0,1.0,0.53138345,stable_diffusion_2_1
1.0,1.0,0.54683405,stable_diffusion_2_1
1.0,0.0,0.48219004,stable_diffusion_2_1
1.0,0.0,0.46179375,stable_diffusion_2_1
1.0,1.0,0.5193565,stable_diffusion_2_1
1.0,1.0,0.55079246,stable_diffusion_2_1
1.0,1.0,0.5012442,stable_diffusion_2_1
1.0,1.0,0.53424335,stable_diffusion_2_1
1.0,0.0,0.4535842,stable_diffusion_2_1
1.0,1.0,0.5080967,stable_diffusion_2_1
1.0,1.0,0.54314214,stable_diffusion_2_1
1.0,1.0,0.51678026,stable_diffusion_2_1
1.0,1.0,0.510718,stable_diffusion_2_1
1.0,1.0,0.55580485,stable_diffusion_2_1
1.0,0.0,0.49924192,stable_diffusion_2_1
1.0,0.0,0.46901006,stable_diffusion_2_1
1.0,1.0,0.51435864,stable_diffusion_2_1
1.0,1.0,0.50720984,stable_diffusion_2_1
1.0,1.0,0.5341488,stable_diffusion_2_1
1.0,0.0,0.48183408,stable_diffusion_2_1
1.0,1.0,0.5243014,stable_diffusion_2_1
1.0,0.0,0.49351233,stable_diffusion_2_1
1.0,0.0,0.47654456,stable_diffusion_2_1
1.0,1.0,0.5094874,stable_diffusion_2_1
1.0,0.0,0.4323053,stable_diffusion_2_1
1.0,1.0,0.53542334,stable_diffusion_2_1
1.0,1.0,0.569774,stable_diffusion_2_1
1.0,1.0,0.5357697,stable_diffusion_2_1
1.0,1.0,0.52796835,stable_diffusion_2_1
1.0,0.0,0.42777178,stable_diffusion_2_1
1.0,1.0,0.51029336,stable_diffusion_2_1
1.0,0.0,0.4944993,stable_diffusion_2_1
1.0,1.0,0.50490004,stable_diffusion_2_1
1.0,1.0,0.5298072,stable_diffusion_2_1
1.0,0.0,0.48951963,stable_diffusion_2_1
1.0,0.0,0.49153608,stable_diffusion_2_1
1.0,1.0,0.563406,stable_diffusion_2_1
1.0,1.0,0.58679926,stable_diffusion_2_1
1.0,1.0,0.55371666,stable_diffusion_2_1
1.0,1.0,0.52875507,stable_diffusion_2_1
1.0,0.0,0.49828818,stable_diffusion_2_1
1.0,1.0,0.54191846,stable_diffusion_2_1
1.0,0.0,0.49825191,stable_diffusion_2_1
1.0,1.0,0.55354834,stable_diffusion_2_1
1.0,0.0,0.49276102,stable_diffusion_2_1
1.0,1.0,0.53844523,stable_diffusion_2_1
1.0,0.0,0.48342255,stable_diffusion_2_1
1.0,0.0,0.4327292,stable_diffusion_2_1
1.0,1.0,0.55103713,stable_diffusion_2_1
1.0,1.0,0.5319855,stable_diffusion_2_1
1.0,1.0,0.5915795,stable_diffusion_2_1
1.0,1.0,0.5670259,stable_diffusion_2_1
1.0,0.0,0.4953699,stable_diffusion_2_1
1.0,0.0,0.4449969,stable_diffusion_2_1
1.0,1.0,0.5139331,stable_diffusion_2_1
1.0,1.0,0.5094187,stable_diffusion_2_1
1.0,0.0,0.4615771,stable_diffusion_2_1
1.0,1.0,0.54188323,stable_diffusion_2_1
1.0,1.0,0.50266075,stable_diffusion_2_1
1.0,1.0,0.5187955,stable_diffusion_2_1
1.0,1.0,0.52572113,stable_diffusion_2_1
1.0,1.0,0.50751436,stable_diffusion_2_1
1.0,0.0,0.49355984,stable_diffusion_2_1
1.0,1.0,0.5096501,stable_diffusion_2_1
1.0,1.0,0.50941515,stable_diffusion_2_1
1.0,1.0,0.5629047,stable_diffusion_2_1
1.0,1.0,0.5072506,stable_diffusion_2_1
1.0,1.0,0.5240245,stable_diffusion_2_1
1.0,0.0,0.467818,stable_diffusion_2_1
1.0,1.0,0.5419685,stable_diffusion_2_1
1.0,0.0,0.4878459,stable_diffusion_2_1
1.0,0.0,0.49682248,stable_diffusion_2_1
1.0,1.0,0.50988775,stable_diffusion_2_1
1.0,1.0,0.54682475,stable_diffusion_2_1
1.0,1.0,0.5122537,stable_diffusion_2_1
1.0,1.0,0.5373491,stable_diffusion_2_1
1.0,1.0,0.53071934,stable_diffusion_2_1
1.0,0.0,0.4941625,stable_diffusion_2_1
1.0,0.0,0.49144775,stable_diffusion_2_1
1.0,1.0,0.5334074,stable_diffusion_2_1
1.0,1.0,0.5396805,stable_diffusion_2_1
1.0,1.0,0.5318323,stable_diffusion_2_1
1.0,0.0,0.48027793,stable_diffusion_2_1
1.0,0.0,0.47616002,stable_diffusion_2_1
1.0,1.0,0.5337969,stable_diffusion_2_1
1.0,0.0,0.47027466,stable_diffusion_2_1
1.0,1.0,0.5064398,stable_diffusion_2_1
1.0,1.0,0.5036763,stable_diffusion_2_1
1.0,0.0,0.4782995,stable_diffusion_2_1
1.0,1.0,0.532805,stable_diffusion_2_1
1.0,1.0,0.5398869,stable_diffusion_2_1
1.0,1.0,0.5504499,stable_diffusion_2_1
1.0,1.0,0.5483441,stable_diffusion_2_1
1.0,0.0,0.49978182,stable_diffusion_2_1
1.0,1.0,0.5824316,stable_diffusion_2_1
1.0,1.0,0.5159636,stable_diffusion_2_1
1.0,1.0,0.50406295,stable_diffusion_2_1
1.0,1.0,0.54963344,stable_diffusion_2_1
1.0,1.0,0.53150624,stable_diffusion_2_1
1.0,0.0,0.48210523,stable_diffusion_2_1
1.0,0.0,0.49059677,stable_diffusion_2_1
1.0,1.0,0.5117728,stable_diffusion_2_1
1.0,1.0,0.5626741,stable_diffusion_2_1
1.0,1.0,0.528321,stable_diffusion_2_1
1.0,0.0,0.48859492,stable_diffusion_2_1
1.0,1.0,0.52731246,stable_diffusion_2_1
1.0,1.0,0.5789291,stable_diffusion_2_1
1.0,0.0,0.48759252,stable_diffusion_2_1
1.0,1.0,0.5030311,stable_diffusion_2_1
1.0,1.0,0.5230378,stable_diffusion_2_1
1.0,1.0,0.5003778,stable_diffusion_2_1
1.0,1.0,0.50732994,stable_diffusion_2_1
1.0,0.0,0.49531597,stable_diffusion_2_1
1.0,0.0,0.48809963,stable_diffusion_2_1
1.0,0.0,0.49976236,stable_diffusion_2_1
1.0,1.0,0.55662477,stable_diffusion_2_1
1.0,1.0,0.52923644,stable_diffusion_2_1
1.0,1.0,0.50570464,stable_diffusion_2_1
1.0,0.0,0.48807815,stable_diffusion_2_1
1.0,1.0,0.54549605,stable_diffusion_2_1
1.0,1.0,0.5433034,stable_diffusion_2_1
1.0,1.0,0.52563584,stable_diffusion_2_1
1.0,0.0,0.4652427,stable_diffusion_2_1
1.0,1.0,0.53443825,stable_diffusion_2_1
1.0,1.0,0.51613986,stable_diffusion_2_1
1.0,1.0,0.5757254,stable_diffusion_2_1
1.0,1.0,0.5267112,stable_diffusion_2_1
1.0,1.0,0.5150374,stable_diffusion_2_1
1.0,0.0,0.47898707,stable_diffusion_2_1
1.0,0.0,0.4905739,stable_diffusion_2_1
1.0,1.0,0.532956,stable_diffusion_2_1
1.0,1.0,0.55017734,stable_diffusion_2_1
1.0,1.0,0.50422513,stable_diffusion_2_1
1.0,0.0,0.49130923,stable_diffusion_2_1
1.0,1.0,0.5303381,stable_diffusion_2_1
1.0,1.0,0.56742835,stable_diffusion_2_1
1.0,0.0,0.4755713,stable_diffusion_2_1
1.0,0.0,0.48691592,stable_diffusion_2_1
1.0,1.0,0.5438109,stable_diffusion_2_1
1.0,0.0,0.49466738,stable_diffusion_2_1
1.0,1.0,0.5594641,stable_diffusion_2_1
1.0,1.0,0.5397268,stable_diffusion_2_1
1.0,0.0,0.48707622,stable_diffusion_2_1
1.0,0.0,0.47045168,stable_diffusion_2_1
1.0,1.0,0.50929475,stable_diffusion_2_1
1.0,1.0,0.51077104,stable_diffusion_2_1
1.0,1.0,0.5691088,stable_diffusion_2_1
1.0,0.0,0.46196318,stable_diffusion_2_1
1.0,1.0,0.53657365,stable_diffusion_2_1
1.0,0.0,0.49633685,stable_diffusion_2_1
1.0,1.0,0.50865215,stable_diffusion_2_1
1.0,1.0,0.5115349,stable_diffusion_2_1
1.0,0.0,0.48811206,stable_diffusion_2_1
1.0,0.0,0.48126182,stable_diffusion_2_1
1.0,1.0,0.5365065,stable_diffusion_2_1
1.0,1.0,0.5115915,stable_diffusion_2_1
1.0,0.0,0.4927817,stable_diffusion_2_1
1.0,0.0,0.46462142,stable_diffusion_2_1
1.0,1.0,0.50485444,stable_diffusion_2_1
1.0,1.0,0.511821,stable_diffusion_2_1
1.0,1.0,0.5555371,stable_diffusion_2_1
1.0,0.0,0.4684008,stable_diffusion_2_1
1.0,0.0,0.48145708,stable_diffusion_2_1
1.0,0.0,0.45729476,stable_diffusion_2_1
1.0,1.0,0.59502375,stable_diffusion_2_1
1.0,1.0,0.53629893,stable_diffusion_2_1
1.0,1.0,0.55241567,stable_diffusion_2_1
1.0,1.0,0.5221925,stable_diffusion_2_1
1.0,1.0,0.5572863,stable_diffusion_2_1
1.0,1.0,0.5060123,stable_diffusion_2_1
1.0,1.0,0.53633904,stable_diffusion_2_1
1.0,1.0,0.5002396,stable_diffusion_2_1
1.0,1.0,0.5614078,stable_diffusion_2_1
1.0,1.0,0.54749817,stable_diffusion_2_1
1.0,1.0,0.51467884,stable_diffusion_2_1
1.0,0.0,0.45329693,stable_diffusion_2_1
1.0,1.0,0.50780004,stable_diffusion_2_1
1.0,0.0,0.46344176,stable_diffusion_2_1
1.0,0.0,0.46137294,stable_diffusion_2_1
1.0,1.0,0.54867774,stable_diffusion_2_1
1.0,1.0,0.52139777,stable_diffusion_2_1
1.0,1.0,0.53184,stable_diffusion_2_1
1.0,1.0,0.52034396,stable_diffusion_2_1
1.0,1.0,0.52986604,stable_diffusion_2_1
1.0,1.0,0.56552935,stable_diffusion_2_1
1.0,1.0,0.510778,stable_diffusion_2_1
1.0,1.0,0.51574206,stable_diffusion_2_1
1.0,1.0,0.5102134,stable_diffusion_2_1
1.0,1.0,0.53657466,stable_diffusion_2_1
1.0,1.0,0.576358,stable_diffusion_2_1
1.0,1.0,0.55850434,stable_diffusion_2_1
1.0,0.0,0.47766873,stable_diffusion_2_1
1.0,0.0,0.49652305,stable_diffusion_2_1
1.0,0.0,0.48873875,stable_diffusion_2_1
1.0,0.0,0.4771729,stable_diffusion_2_1
1.0,1.0,0.5515818,stable_diffusion_2_1
1.0,1.0,0.5094042,stable_diffusion_2_1
1.0,1.0,0.512492,stable_diffusion_2_1
1.0,1.0,0.5171613,stable_diffusion_2_1
1.0,0.0,0.48330846,stable_diffusion_2_1
1.0,1.0,0.50200826,stable_diffusion_2_1
1.0,1.0,0.5253869,stable_diffusion_2_1
1.0,0.0,0.46951738,stable_diffusion_2_1
1.0,1.0,0.5772047,stable_diffusion_2_1
1.0,1.0,0.50460756,stable_diffusion_2_1
1.0,1.0,0.53975767,stable_diffusion_2_1
1.0,1.0,0.54754984,stable_diffusion_2_1
1.0,0.0,0.4878617,stable_diffusion_2_1
1.0,1.0,0.5359267,stable_diffusion_2_1
1.0,0.0,0.46758503,stable_diffusion_2_1
1.0,1.0,0.52842486,stable_diffusion_2_1
1.0,1.0,0.5418305,stable_diffusion_2_1
1.0,0.0,0.4788623,stable_diffusion_2_1
1.0,0.0,0.46099463,stable_diffusion_2_1
1.0,0.0,0.49928504,stable_diffusion_2_1
1.0,1.0,0.5958593,stable_diffusion_2_1
1.0,0.0,0.49146998,stable_diffusion_2_1
1.0,1.0,0.55617577,stable_diffusion_2_1
1.0,0.0,0.47933993,stable_diffusion_2_1
1.0,1.0,0.54198694,stable_diffusion_2_1
1.0,0.0,0.4782055,stable_diffusion_2_1
1.0,1.0,0.53087574,stable_diffusion_2_1
1.0,1.0,0.55898124,stable_diffusion_2_1
1.0,1.0,0.529199,stable_diffusion_2_1
1.0,0.0,0.4417955,stable_diffusion_2_1
1.0,1.0,0.5780702,stable_diffusion_2_1
1.0,1.0,0.513629,stable_diffusion_2_1
1.0,1.0,0.55265844,stable_diffusion_2_1
1.0,1.0,0.52782965,stable_diffusion_2_1
1.0,1.0,0.50669426,stable_diffusion_2_1
1.0,0.0,0.47117642,stable_diffusion_2_1
1.0,1.0,0.5000674,stable_diffusion_2_1
1.0,0.0,0.4746032,stable_diffusion_2_1
1.0,1.0,0.5516558,stable_diffusion_2_1
1.0,1.0,0.5139338,stable_diffusion_2_1
1.0,1.0,0.5551067,stable_diffusion_2_1
1.0,0.0,0.48742265,stable_diffusion_2_1
1.0,1.0,0.5481724,stable_diffusion_2_1
1.0,1.0,0.5236646,stable_diffusion_2_1
1.0,1.0,0.54216796,stable_diffusion_2_1
1.0,0.0,0.45674023,stable_diffusion_2_1
1.0,1.0,0.5806275,stable_diffusion_2_1
1.0,1.0,0.5187087,stable_diffusion_2_1
1.0,0.0,0.49507266,stable_diffusion_2_1
1.0,1.0,0.5217959,stable_diffusion_2_1
1.0,1.0,0.5271647,stable_diffusion_2_1
1.0,0.0,0.4948169,stable_diffusion_2_1
1.0,1.0,0.5284413,stable_diffusion_2_1
1.0,0.0,0.49380052,stable_diffusion_2_1
1.0,1.0,0.55617404,stable_diffusion_2_1
1.0,1.0,0.527473,stable_diffusion_2_1
1.0,1.0,0.55082655,stable_diffusion_2_1
1.0,1.0,0.5289399,stable_diffusion_2_1
1.0,1.0,0.5706629,stable_diffusion_2_1
1.0,0.0,0.49981493,stable_diffusion_2_1
1.0,0.0,0.482681,stable_diffusion_2_1
1.0,1.0,0.5287327,stable_diffusion_2_1
1.0,1.0,0.508531,stable_diffusion_2_1
1.0,1.0,0.5349248,stable_diffusion_2_1
1.0,0.0,0.4868884,stable_diffusion_2_1
1.0,1.0,0.57149255,stable_diffusion_2_1
1.0,1.0,0.50943565,stable_diffusion_2_1
1.0,1.0,0.56405205,stable_diffusion_2_1
1.0,1.0,0.5506233,stable_diffusion_2_1
1.0,1.0,0.50850797,stable_diffusion_2_1
1.0,1.0,0.51376915,stable_diffusion_2_1
1.0,0.0,0.45842916,stable_diffusion_2_1
1.0,0.0,0.47374657,stable_diffusion_2_1
1.0,1.0,0.52698994,stable_diffusion_2_1
1.0,1.0,0.5090385,stable_diffusion_2_1
1.0,1.0,0.52435344,stable_diffusion_2_1
1.0,1.0,0.576296,stable_diffusion_2_1
1.0,1.0,0.55567926,stable_diffusion_2_1
1.0,1.0,0.5395423,stable_diffusion_2_1
1.0,1.0,0.5439939,stable_diffusion_2_1
1.0,0.0,0.44470134,stable_diffusion_2_1
1.0,0.0,0.46705684,stable_diffusion_2_1
1.0,1.0,0.51585686,stable_diffusion_2_1
1.0,0.0,0.47881827,stable_diffusion_2_1
1.0,0.0,0.493532,stable_diffusion_2_1
1.0,0.0,0.49101573,stable_diffusion_2_1
1.0,1.0,0.555753,stable_diffusion_2_1
1.0,0.0,0.49125502,stable_diffusion_2_1
1.0,1.0,0.5269159,stable_diffusion_2_1
1.0,1.0,0.56524473,stable_diffusion_2_1
1.0,0.0,0.47769055,stable_diffusion_2_1
1.0,1.0,0.5215849,stable_diffusion_2_1
1.0,1.0,0.50298595,stable_diffusion_2_1
1.0,0.0,0.47479728,stable_diffusion_2_1
1.0,1.0,0.53658766,stable_diffusion_2_1
1.0,1.0,0.525921,stable_diffusion_2_1
1.0,0.0,0.46927774,stable_diffusion_2_1
1.0,0.0,0.4893202,stable_diffusion_2_1
1.0,1.0,0.579892,stable_diffusion_2_1
1.0,1.0,0.5414477,stable_diffusion_2_1
1.0,1.0,0.5151704,stable_diffusion_2_1
1.0,1.0,0.57596666,stable_diffusion_2_1
1.0,0.0,0.46852133,stable_diffusion_2_1
1.0,0.0,0.48941794,stable_diffusion_2_1
1.0,1.0,0.5252286,stable_diffusion_2_1
1.0,1.0,0.54008144,stable_diffusion_2_1
1.0,0.0,0.4530023,stable_diffusion_2_1
1.0,0.0,0.4781332,stable_diffusion_2_1
1.0,1.0,0.57795733,stable_diffusion_2_1
1.0,1.0,0.5611462,stable_diffusion_2_1
1.0,1.0,0.5725118,stable_diffusion_2_1
1.0,0.0,0.4874232,stable_diffusion_2_1
1.0,0.0,0.49601772,stable_diffusion_2_1
1.0,1.0,0.5081839,stable_diffusion_2_1
1.0,1.0,0.55964965,stable_diffusion_2_1
1.0,0.0,0.4902088,stable_diffusion_2_1
1.0,1.0,0.55939186,stable_diffusion_2_1
1.0,0.0,0.47398654,stable_diffusion_2_1
1.0,1.0,0.5244815,stable_diffusion_2_1
1.0,1.0,0.5467287,stable_diffusion_2_1
1.0,1.0,0.53732204,stable_diffusion_2_1
1.0,0.0,0.47157532,stable_diffusion_2_1
1.0,1.0,0.5142196,stable_diffusion_2_1
1.0,0.0,0.45588547,stable_diffusion_2_1
1.0,1.0,0.5003072,stable_diffusion_2_1
1.0,0.0,0.45829216,stable_diffusion_2_1
1.0,1.0,0.536713,stable_diffusion_2_1
1.0,1.0,0.5011395,stable_diffusion_2_1
1.0,0.0,0.48764348,stable_diffusion_2_1
1.0,0.0,0.4335404,stable_diffusion_2_1
1.0,0.0,0.4583473,stable_diffusion_2_1
1.0,1.0,0.54622674,stable_diffusion_2_1
1.0,1.0,0.5830843,stable_diffusion_2_1
1.0,1.0,0.55624473,stable_diffusion_2_1
1.0,0.0,0.49286827,stable_diffusion_2_1
1.0,1.0,0.5098443,stable_diffusion_2_1
1.0,0.0,0.48659366,stable_diffusion_2_1
1.0,1.0,0.53366685,stable_diffusion_2_1
1.0,0.0,0.49712533,stable_diffusion_2_1
1.0,0.0,0.4498525,stable_diffusion_2_1
1.0,1.0,0.55289966,stable_diffusion_2_1
1.0,1.0,0.50780433,stable_diffusion_2_1
1.0,0.0,0.49104896,stable_diffusion_2_1
1.0,0.0,0.4437599,stable_diffusion_2_1
1.0,0.0,0.45965952,stable_diffusion_2_1
1.0,1.0,0.5320888,stable_diffusion_2_1
1.0,0.0,0.48578846,stable_diffusion_2_1
1.0,0.0,0.4528902,stable_diffusion_2_1
1.0,0.0,0.46894804,stable_diffusion_2_1
1.0,1.0,0.5385706,stable_diffusion_2_1
1.0,1.0,0.51928777,stable_diffusion_2_1
1.0,0.0,0.4164309,stable_diffusion_2_1
1.0,1.0,0.54516387,stable_diffusion_2_1
1.0,1.0,0.5007574,stable_diffusion_2_1
1.0,1.0,0.5621876,stable_diffusion_2_1
1.0,0.0,0.49465203,stable_diffusion_2_1
1.0,0.0,0.44187948,stable_diffusion_2_1
1.0,0.0,0.4664205,stable_diffusion_2_1
1.0,0.0,0.45861828,stable_diffusion_2_1
1.0,1.0,0.50685245,stable_diffusion_2_1
1.0,1.0,0.5350882,stable_diffusion_2_1
1.0,0.0,0.46752498,stable_diffusion_2_1
1.0,0.0,0.49976325,stable_diffusion_2_1
1.0,1.0,0.57861245,stable_diffusion_2_1
1.0,1.0,0.540311,stable_diffusion_2_1
1.0,1.0,0.50735515,stable_diffusion_2_1
1.0,0.0,0.47825593,stable_diffusion_2_1
1.0,1.0,0.59787333,stable_diffusion_2_1
1.0,0.0,0.47694,stable_diffusion_2_1
1.0,1.0,0.5314821,stable_diffusion_2_1
1.0,0.0,0.48308307,stable_diffusion_2_1
1.0,0.0,0.49505353,stable_diffusion_2_1
1.0,1.0,0.5010685,stable_diffusion_2_1
1.0,0.0,0.487154,stable_diffusion_2_1
1.0,1.0,0.5178728,stable_diffusion_2_1
1.0,0.0,0.49631506,stable_diffusion_2_1
1.0,0.0,0.47189423,stable_diffusion_2_1
1.0,1.0,0.59656453,stable_diffusion_2_1
1.0,0.0,0.46073887,stable_diffusion_2_1
1.0,0.0,0.4995184,stable_diffusion_2_1
1.0,0.0,0.48592743,stable_diffusion_2_1
1.0,0.0,0.46731463,stable_diffusion_2_1
1.0,0.0,0.47314698,stable_diffusion_2_1
1.0,0.0,0.45176387,stable_diffusion_2_1
1.0,1.0,0.5358359,stable_diffusion_2_1
1.0,0.0,0.4673604,stable_diffusion_2_1
1.0,0.0,0.49250737,stable_diffusion_2_1
1.0,0.0,0.480837,stable_diffusion_2_1
1.0,1.0,0.55982554,stable_diffusion_2_1
1.0,0.0,0.44999465,stable_diffusion_2_1
1.0,1.0,0.5147242,stable_diffusion_2_1
1.0,0.0,0.49683565,stable_diffusion_2_1
1.0,1.0,0.53450984,stable_diffusion_2_1
1.0,1.0,0.5311888,stable_diffusion_2_1
1.0,0.0,0.49066943,stable_diffusion_2_1
1.0,0.0,0.46529323,stable_diffusion_2_1
1.0,1.0,0.50913674,stable_diffusion_2_1
1.0,0.0,0.42896834,stable_diffusion_2_1
1.0,1.0,0.53631145,stable_diffusion_2_1
1.0,0.0,0.49571815,stable_diffusion_2_1
1.0,0.0,0.49747443,stable_diffusion_2_1
1.0,0.0,0.49293464,stable_diffusion_2_1
1.0,1.0,0.50359225,stable_diffusion_2_1
1.0,1.0,0.5437202,stable_diffusion_2_1
1.0,1.0,0.55361754,stable_diffusion_2_1
1.0,0.0,0.4849021,stable_diffusion_2_1
1.0,1.0,0.5219979,stable_diffusion_2_1
1.0,0.0,0.48542964,stable_diffusion_2_1
1.0,0.0,0.45897976,stable_diffusion_2_1
1.0,1.0,0.54346305,stable_diffusion_2_1
1.0,1.0,0.54427916,stable_diffusion_2_1
1.0,0.0,0.44027707,stable_diffusion_2_1
1.0,0.0,0.4414866,stable_diffusion_2_1
1.0,0.0,0.45696983,stable_diffusion_2_1
1.0,1.0,0.5059624,stable_diffusion_2_1
1.0,0.0,0.4847352,stable_diffusion_2_1
1.0,1.0,0.5382403,stable_diffusion_2_1
1.0,0.0,0.47594485,stable_diffusion_2_1
1.0,0.0,0.49108088,stable_diffusion_2_1
1.0,0.0,0.49995017,stable_diffusion_2_1
1.0,1.0,0.5208396,stable_diffusion_2_1
1.0,0.0,0.4867493,stable_diffusion_2_1
1.0,1.0,0.54485655,stable_diffusion_2_1
1.0,1.0,0.5029579,stable_diffusion_2_1
1.0,0.0,0.44612586,stable_diffusion_2_1
1.0,1.0,0.53417075,stable_diffusion_2_1
1.0,0.0,0.49303216,stable_diffusion_2_1
1.0,1.0,0.53718287,stable_diffusion_2_1
1.0,0.0,0.49187872,stable_diffusion_2_1
1.0,0.0,0.48678198,stable_diffusion_2_1
1.0,0.0,0.49105492,stable_diffusion_2_1
1.0,0.0,0.44184917,stable_diffusion_2_1
1.0,0.0,0.48517814,stable_diffusion_2_1
1.0,0.0,0.47743613,stable_diffusion_2_1
1.0,0.0,0.4410888,stable_diffusion_2_1
1.0,0.0,0.4604613,stable_diffusion_2_1
1.0,1.0,0.5610858,stable_diffusion_2_1
1.0,0.0,0.48719877,stable_diffusion_2_1
1.0,1.0,0.5439385,stable_diffusion_2_1
1.0,0.0,0.46580976,stable_diffusion_2_1
1.0,0.0,0.4662549,stable_diffusion_2_1
1.0,0.0,0.43343773,stable_diffusion_2_1
1.0,0.0,0.45276973,stable_diffusion_2_1
1.0,0.0,0.4749559,stable_diffusion_2_1
1.0,1.0,0.5357668,stable_diffusion_2_1
1.0,0.0,0.4799593,stable_diffusion_2_1
1.0,0.0,0.4827983,stable_diffusion_2_1
1.0,0.0,0.4805792,stable_diffusion_2_1
1.0,1.0,0.5554379,stable_diffusion_2_1
1.0,1.0,0.56294334,stable_diffusion_2_1
1.0,1.0,0.5527158,stable_diffusion_2_1
1.0,0.0,0.49191818,stable_diffusion_2_1
1.0,0.0,0.45401844,stable_diffusion_2_1
1.0,1.0,0.5082723,stable_diffusion_2_1
1.0,0.0,0.4431376,stable_diffusion_2_1
1.0,1.0,0.51515067,stable_diffusion_2_1
1.0,0.0,0.42756158,stable_diffusion_2_1
1.0,0.0,0.474058,stable_diffusion_2_1
1.0,1.0,0.5096734,stable_diffusion_2_1
1.0,1.0,0.5029287,stable_diffusion_2_1
1.0,1.0,0.54429233,stable_diffusion_2_1
1.0,0.0,0.48975226,stable_diffusion_2_1
1.0,0.0,0.492584,stable_diffusion_2_1
1.0,0.0,0.47240326,stable_diffusion_2_1
1.0,0.0,0.4628921,stable_diffusion_2_1
1.0,1.0,0.51720285,stable_diffusion_2_1
1.0,0.0,0.46623218,stable_diffusion_2_1
1.0,1.0,0.5580173,stable_diffusion_2_1
1.0,0.0,0.4835004,stable_diffusion_2_1
1.0,1.0,0.50434655,stable_diffusion_2_1
1.0,1.0,0.584136,stable_diffusion_2_1
1.0,0.0,0.4849679,stable_diffusion_2_1
1.0,0.0,0.47016665,stable_diffusion_2_1
1.0,0.0,0.4812773,stable_diffusion_2_1
1.0,1.0,0.50579983,stable_diffusion_2_1
1.0,1.0,0.54390204,stable_diffusion_2_1
1.0,0.0,0.45013753,stable_diffusion_2_1
1.0,0.0,0.48134074,stable_diffusion_2_1
1.0,1.0,0.5209402,stable_diffusion_2_1
1.0,1.0,0.5427457,stable_diffusion_2_1
1.0,1.0,0.51361495,stable_diffusion_2_1
1.0,1.0,0.51252615,stable_diffusion_2_1
1.0,0.0,0.4761714,stable_diffusion_2_1
1.0,0.0,0.4618418,stable_diffusion_2_1
1.0,0.0,0.4615317,stable_diffusion_2_1
1.0,1.0,0.5051768,stable_diffusion_2_1
1.0,1.0,0.54113585,stable_diffusion_2_1
1.0,1.0,0.52335674,stable_diffusion_2_1
1.0,0.0,0.4998334,stable_diffusion_2_1
1.0,1.0,0.5251963,stable_diffusion_2_1
1.0,0.0,0.4457458,stable_diffusion_2_1
1.0,0.0,0.4773481,stable_diffusion_2_1
1.0,0.0,0.49417618,stable_diffusion_2_1
1.0,1.0,0.5196627,stable_diffusion_2_1
1.0,1.0,0.5481392,stable_diffusion_2_1
1.0,1.0,0.5524635,stable_diffusion_2_1
1.0,1.0,0.5586875,stable_diffusion_2_1
1.0,1.0,0.5504852,stable_diffusion_2_1
1.0,1.0,0.5274236,stable_diffusion_2_1
1.0,1.0,0.57937396,stable_diffusion_2_1
1.0,1.0,0.51836985,stable_diffusion_2_1
1.0,0.0,0.4824353,stable_diffusion_2_1
1.0,1.0,0.5303448,stable_diffusion_2_1
1.0,1.0,0.520838,stable_diffusion_2_1
1.0,0.0,0.49924594,stable_diffusion_2_1
1.0,0.0,0.48882827,stable_diffusion_2_1
1.0,1.0,0.5135995,stable_diffusion_2_1
1.0,1.0,0.53963226,stable_diffusion_2_1
1.0,0.0,0.49811706,stable_diffusion_2_1
1.0,1.0,0.50512064,stable_diffusion_2_1
1.0,1.0,0.5262136,stable_diffusion_2_1
1.0,1.0,0.526124,stable_diffusion_2_1
1.0,1.0,0.525341,stable_diffusion_2_1
1.0,1.0,0.51390827,stable_diffusion_2_1
1.0,0.0,0.49547255,stable_diffusion_2_1
1.0,0.0,0.49188957,stable_diffusion_2_1
1.0,1.0,0.50776696,stable_diffusion_2_1
1.0,0.0,0.4962506,stable_diffusion_2_1
1.0,0.0,0.48146102,stable_diffusion_2_1
1.0,0.0,0.48173127,stable_diffusion_2_1
1.0,1.0,0.57001394,stable_diffusion_2_1
1.0,1.0,0.5747247,stable_diffusion_2_1
1.0,0.0,0.4206316,stable_diffusion_2_1
1.0,0.0,0.46362007,stable_diffusion_2_1
1.0,0.0,0.4897847,stable_diffusion_2_1
1.0,1.0,0.5491331,stable_diffusion_2_1
1.0,0.0,0.47220153,stable_diffusion_2_1
1.0,0.0,0.4711134,stable_diffusion_2_1
1.0,0.0,0.48235273,stable_diffusion_2_1
1.0,0.0,0.49963376,stable_diffusion_2_1
1.0,1.0,0.50300425,stable_diffusion_2_1
1.0,0.0,0.45020884,stable_diffusion_2_1
1.0,0.0,0.47953492,stable_diffusion_2_1
1.0,0.0,0.48379162,stable_diffusion_2_1
1.0,1.0,0.5375994,stable_diffusion_2_1
1.0,0.0,0.45064083,stable_diffusion_2_1
1.0,0.0,0.4465175,stable_diffusion_2_1
1.0,0.0,0.43741152,stable_diffusion_2_1
1.0,0.0,0.47192773,stable_diffusion_2_1
1.0,1.0,0.5194594,stable_diffusion_2_1
1.0,1.0,0.54912454,stable_diffusion_2_1
1.0,0.0,0.4801153,stable_diffusion_2_1
1.0,0.0,0.49682796,stable_diffusion_2_1
1.0,1.0,0.5062176,stable_diffusion_2_1
1.0,0.0,0.46966144,stable_diffusion_2_1
1.0,1.0,0.504568,stable_diffusion_2_1
1.0,0.0,0.45817634,stable_diffusion_2_1
1.0,1.0,0.50804794,stable_diffusion_2_1
1.0,0.0,0.48252088,stable_diffusion_2_1
1.0,0.0,0.46173233,stable_diffusion_2_1
1.0,1.0,0.60281247,stable_diffusion_2_1
1.0,1.0,0.50410885,stable_diffusion_2_1
1.0,0.0,0.49194092,stable_diffusion_2_1
1.0,0.0,0.48789898,stable_diffusion_2_1
1.0,1.0,0.5127673,stable_diffusion_2_1
1.0,1.0,0.57162863,stable_diffusion_2_1
1.0,0.0,0.49163622,stable_diffusion_2_1
1.0,0.0,0.49921897,stable_diffusion_2_1
1.0,0.0,0.47057873,stable_diffusion_2_1
1.0,1.0,0.5530815,stable_diffusion_2_1
1.0,1.0,0.5193044,stable_diffusion_2_1
1.0,0.0,0.4960105,stable_diffusion_2_1
1.0,1.0,0.50152296,stable_diffusion_2_1
1.0,0.0,0.46846312,stable_diffusion_2_1
1.0,1.0,0.53133905,stable_diffusion_2_1
1.0,1.0,0.5089043,stable_diffusion_2_1
1.0,1.0,0.5161939,stable_diffusion_2_1
1.0,1.0,0.51253164,stable_diffusion_2_1
1.0,0.0,0.48895317,stable_diffusion_2_1
1.0,1.0,0.583688,stable_diffusion_2_1
1.0,1.0,0.52150875,stable_diffusion_2_1
1.0,1.0,0.5571929,stable_diffusion_2_1
1.0,1.0,0.51227754,stable_diffusion_2_1
1.0,1.0,0.53012455,stable_diffusion_2_1
1.0,0.0,0.42435324,stable_diffusion_2_1
1.0,1.0,0.520037,stable_diffusion_2_1
1.0,1.0,0.5479909,stable_diffusion_2_1
1.0,1.0,0.52434355,stable_diffusion_2_1
1.0,1.0,0.5093964,stable_diffusion_2_1
1.0,0.0,0.49804625,stable_diffusion_2_1
1.0,0.0,0.44252932,stable_diffusion_2_1
1.0,0.0,0.4904638,stable_diffusion_2_1
1.0,0.0,0.45602262,stable_diffusion_2_1
1.0,1.0,0.5042366,stable_diffusion_2_1
1.0,0.0,0.47102755,stable_diffusion_2_1
1.0,0.0,0.46056947,stable_diffusion_2_1
1.0,0.0,0.49434182,stable_diffusion_2_1
1.0,0.0,0.4687299,stable_diffusion_2_1
1.0,0.0,0.48954841,stable_diffusion_2_1
1.0,0.0,0.46959382,stable_diffusion_2_1
1.0,0.0,0.47405627,stable_diffusion_2_1
1.0,1.0,0.5514094,stable_diffusion_2_1
1.0,1.0,0.52487147,stable_diffusion_2_1
1.0,1.0,0.5082055,stable_diffusion_2_1
1.0,0.0,0.49613166,stable_diffusion_2_1
1.0,0.0,0.4912709,stable_diffusion_2_1
1.0,1.0,0.5082384,stable_diffusion_2_1
1.0,1.0,0.50446427,stable_diffusion_2_1
1.0,0.0,0.49130514,stable_diffusion_2_1
1.0,0.0,0.46745798,stable_diffusion_2_1
1.0,0.0,0.4694638,stable_diffusion_2_1
1.0,1.0,0.5115913,stable_diffusion_2_1
1.0,1.0,0.5406098,stable_diffusion_2_1
1.0,1.0,0.52573305,stable_diffusion_2_1
1.0,0.0,0.49645007,stable_diffusion_2_1
1.0,0.0,0.42291683,stable_diffusion_2_1
1.0,0.0,0.47424957,stable_diffusion_2_1
1.0,1.0,0.5385639,stable_diffusion_2_1
1.0,1.0,0.5146581,stable_diffusion_2_1
1.0,1.0,0.5150829,stable_diffusion_2_1
1.0,0.0,0.4992125,stable_diffusion_2_1
1.0,1.0,0.5145945,stable_diffusion_2_1
1.0,1.0,0.54948896,stable_diffusion_2_1
1.0,1.0,0.5131985,stable_diffusion_2_1
1.0,1.0,0.53003544,stable_diffusion_2_1
1.0,1.0,0.5153897,stable_diffusion_2_1
1.0,0.0,0.49077883,stable_diffusion_2_1
1.0,1.0,0.51765233,stable_diffusion_2_1
1.0,1.0,0.5199867,stable_diffusion_2_1
1.0,0.0,0.49781436,stable_diffusion_2_1
1.0,1.0,0.5281401,stable_diffusion_2_1
1.0,0.0,0.44279113,stable_diffusion_2_1
1.0,1.0,0.5241891,stable_diffusion_2_1
1.0,0.0,0.47734082,stable_diffusion_2_1
1.0,0.0,0.47981745,stable_diffusion_2_1
1.0,1.0,0.5340179,stable_diffusion_2_1
1.0,0.0,0.4712791,stable_diffusion_2_1
1.0,0.0,0.49617508,styleGAN2
1.0,0.0,0.4896239,styleGAN2
1.0,0.0,0.48130274,styleGAN2
1.0,0.0,0.45520288,styleGAN2
1.0,1.0,0.50302005,styleGAN2
1.0,0.0,0.47626457,styleGAN2
1.0,0.0,0.47507143,styleGAN2
1.0,0.0,0.49731758,styleGAN2
1.0,0.0,0.49707454,styleGAN2
1.0,0.0,0.421119,styleGAN2
1.0,0.0,0.4858623,styleGAN2
1.0,1.0,0.5010634,styleGAN2
1.0,0.0,0.49712884,styleGAN2
1.0,0.0,0.47582012,styleGAN2
1.0,0.0,0.46610412,styleGAN2
1.0,0.0,0.46634167,styleGAN2
1.0,1.0,0.5173056,styleGAN2
1.0,0.0,0.47241804,styleGAN2
1.0,0.0,0.45790336,styleGAN2
1.0,0.0,0.4864967,styleGAN2
1.0,0.0,0.4501437,styleGAN2
1.0,0.0,0.46896952,styleGAN2
1.0,0.0,0.47222432,styleGAN2
1.0,0.0,0.45563954,styleGAN2
1.0,1.0,0.5740849,styleGAN2
1.0,1.0,0.50590765,styleGAN2
1.0,1.0,0.52785796,styleGAN2
1.0,0.0,0.4590494,styleGAN2
1.0,0.0,0.47181234,styleGAN2
1.0,1.0,0.52143335,styleGAN2
1.0,0.0,0.46993682,styleGAN2
1.0,1.0,0.5539174,styleGAN2
1.0,1.0,0.5006867,styleGAN2
1.0,0.0,0.4737816,styleGAN2
1.0,0.0,0.44864014,styleGAN2
1.0,0.0,0.4617138,styleGAN2
1.0,0.0,0.48463514,styleGAN2
1.0,1.0,0.56022316,styleGAN2
1.0,0.0,0.4903639,styleGAN2
1.0,1.0,0.5196362,styleGAN2
1.0,1.0,0.5272654,styleGAN2
1.0,0.0,0.49876958,styleGAN2
1.0,1.0,0.5016316,styleGAN2
1.0,1.0,0.5647292,styleGAN2
1.0,1.0,0.5190475,styleGAN2
1.0,0.0,0.44826087,styleGAN2
1.0,1.0,0.5636202,styleGAN2
1.0,1.0,0.52095836,styleGAN2
1.0,0.0,0.4762263,styleGAN2
1.0,0.0,0.47496545,styleGAN2
1.0,0.0,0.47437707,styleGAN2
1.0,0.0,0.47329673,styleGAN2
1.0,1.0,0.5452059,styleGAN2
1.0,0.0,0.49364254,styleGAN2
1.0,0.0,0.48019102,styleGAN2
1.0,0.0,0.46393248,styleGAN2
1.0,0.0,0.4889336,styleGAN2
1.0,0.0,0.4711906,styleGAN2
1.0,1.0,0.50479734,styleGAN2
1.0,0.0,0.46289873,styleGAN2
1.0,0.0,0.45632544,styleGAN2
1.0,0.0,0.46445277,styleGAN2
1.0,1.0,0.50742733,styleGAN2
1.0,0.0,0.44599262,styleGAN2
1.0,0.0,0.46630433,styleGAN2
1.0,0.0,0.49589297,styleGAN2
1.0,0.0,0.4320758,styleGAN2
1.0,0.0,0.4687188,styleGAN2
1.0,1.0,0.5240033,styleGAN2
1.0,0.0,0.47744912,styleGAN2
1.0,0.0,0.49144256,styleGAN2
1.0,0.0,0.43912902,styleGAN2
1.0,1.0,0.5377247,styleGAN2
1.0,0.0,0.44189715,styleGAN2
1.0,0.0,0.46874422,styleGAN2
1.0,1.0,0.5031855,styleGAN2
1.0,1.0,0.58457035,styleGAN2
1.0,0.0,0.4878855,styleGAN2
1.0,0.0,0.49887255,styleGAN2
1.0,0.0,0.44064805,styleGAN2
1.0,0.0,0.46328476,styleGAN2
1.0,1.0,0.53792167,styleGAN2
1.0,0.0,0.46083647,styleGAN2
1.0,1.0,0.55822,styleGAN2
1.0,0.0,0.45552006,styleGAN2
1.0,0.0,0.45138162,styleGAN2
1.0,0.0,0.4792871,styleGAN2
1.0,0.0,0.4590999,styleGAN2
1.0,0.0,0.45656875,styleGAN2
1.0,0.0,0.45016998,styleGAN2
1.0,0.0,0.49463582,styleGAN2
1.0,1.0,0.50831974,styleGAN2
1.0,0.0,0.43584868,styleGAN2
1.0,0.0,0.48231053,styleGAN2
1.0,1.0,0.52664125,styleGAN2
1.0,0.0,0.48438552,styleGAN2
1.0,0.0,0.46403432,styleGAN2
1.0,1.0,0.50632274,styleGAN2
1.0,1.0,0.5420636,styleGAN2
1.0,0.0,0.46161163,styleGAN2
1.0,0.0,0.49273962,styleGAN2
1.0,1.0,0.5081097,styleGAN2
1.0,0.0,0.48465464,styleGAN2
1.0,0.0,0.44125906,styleGAN2
1.0,1.0,0.51275355,styleGAN2
1.0,0.0,0.49859118,styleGAN2
1.0,0.0,0.46063766,styleGAN2
1.0,0.0,0.4367156,styleGAN2
1.0,0.0,0.46376458,styleGAN2
1.0,1.0,0.5363116,styleGAN2
1.0,0.0,0.4481969,styleGAN2
1.0,0.0,0.48983902,styleGAN2
1.0,0.0,0.46191925,styleGAN2
1.0,0.0,0.49374175,styleGAN2
1.0,0.0,0.43858066,styleGAN2
1.0,1.0,0.5337188,styleGAN2
1.0,0.0,0.48132017,styleGAN2
1.0,0.0,0.4516274,styleGAN2
1.0,1.0,0.5548224,styleGAN2
1.0,0.0,0.46363288,styleGAN2
1.0,1.0,0.5276607,styleGAN2
1.0,1.0,0.5403236,styleGAN2
1.0,0.0,0.43678617,styleGAN2
1.0,0.0,0.4871508,styleGAN2
1.0,0.0,0.48259804,styleGAN2
1.0,0.0,0.45496252,styleGAN2
1.0,0.0,0.48134372,styleGAN2
1.0,1.0,0.55155325,styleGAN2
1.0,0.0,0.4847428,styleGAN2
1.0,1.0,0.5674145,styleGAN2
1.0,0.0,0.4546829,styleGAN2
1.0,0.0,0.47894934,styleGAN2
1.0,0.0,0.47411856,styleGAN2
1.0,0.0,0.47828588,styleGAN2
1.0,0.0,0.4887804,styleGAN2
1.0,0.0,0.46702272,styleGAN2
1.0,0.0,0.46120065,styleGAN2
1.0,0.0,0.46436116,styleGAN2
1.0,1.0,0.5196261,styleGAN2
1.0,0.0,0.48094493,styleGAN2
1.0,0.0,0.4947563,styleGAN2
1.0,1.0,0.50090945,styleGAN2
1.0,0.0,0.4701814,styleGAN2
1.0,0.0,0.45557055,styleGAN2
1.0,0.0,0.48890623,styleGAN2
1.0,1.0,0.5380643,styleGAN2
1.0,0.0,0.43158078,styleGAN2
1.0,0.0,0.4516538,styleGAN2
1.0,0.0,0.46350121,styleGAN2
1.0,0.0,0.47637168,styleGAN2
1.0,0.0,0.45334917,styleGAN2
1.0,1.0,0.50812113,styleGAN2
1.0,0.0,0.45050073,styleGAN2
1.0,0.0,0.4758994,styleGAN2
1.0,0.0,0.46961206,styleGAN2
1.0,0.0,0.49156973,styleGAN2
1.0,0.0,0.47714424,styleGAN2
1.0,0.0,0.45521656,styleGAN2
1.0,0.0,0.46778736,styleGAN2
1.0,0.0,0.4625688,styleGAN2
1.0,0.0,0.43156594,styleGAN2
1.0,1.0,0.51169777,styleGAN2
1.0,0.0,0.45707002,styleGAN2
1.0,0.0,0.46835133,styleGAN2
1.0,1.0,0.5063646,styleGAN2
1.0,0.0,0.4940441,styleGAN2
1.0,0.0,0.4823615,styleGAN2
1.0,0.0,0.45102677,styleGAN2
1.0,1.0,0.5039441,styleGAN2
1.0,0.0,0.47847837,styleGAN2
1.0,0.0,0.47459826,styleGAN2
1.0,0.0,0.49668005,styleGAN2
1.0,1.0,0.50287545,styleGAN2
1.0,1.0,0.50173926,styleGAN2
1.0,0.0,0.4942756,styleGAN2
1.0,0.0,0.46866152,styleGAN2
1.0,1.0,0.5331961,styleGAN2
1.0,0.0,0.4582122,styleGAN2
1.0,0.0,0.4776237,styleGAN2
1.0,1.0,0.5002479,styleGAN2
1.0,0.0,0.49370298,styleGAN2
1.0,0.0,0.47792977,styleGAN2
1.0,0.0,0.49601272,styleGAN2
1.0,0.0,0.49698973,styleGAN2
1.0,0.0,0.4975778,styleGAN2
1.0,1.0,0.5015353,styleGAN2
1.0,1.0,0.52331686,styleGAN2
1.0,1.0,0.51620007,styleGAN2
1.0,0.0,0.48087534,styleGAN2
1.0,1.0,0.51970536,styleGAN2
1.0,0.0,0.45157436,styleGAN2
1.0,0.0,0.4841326,styleGAN2
1.0,0.0,0.47813648,styleGAN2
1.0,1.0,0.52111477,styleGAN2
1.0,0.0,0.46712208,styleGAN2
1.0,0.0,0.45582888,styleGAN2
1.0,1.0,0.5291533,styleGAN2
1.0,0.0,0.44566172,styleGAN2
1.0,0.0,0.49278933,styleGAN2
1.0,0.0,0.47104126,styleGAN2
1.0,1.0,0.5394561,styleGAN2
1.0,1.0,0.52390844,styleGAN2
1.0,1.0,0.5468428,styleGAN2
1.0,1.0,0.5104591,styleGAN2
1.0,0.0,0.4845846,styleGAN2
1.0,1.0,0.5048681,styleGAN2
1.0,0.0,0.49234352,styleGAN2
1.0,0.0,0.49846953,styleGAN2
1.0,0.0,0.46868455,styleGAN2
1.0,0.0,0.45279974,styleGAN2
1.0,0.0,0.4527639,styleGAN2
1.0,0.0,0.49084076,styleGAN2
1.0,0.0,0.42885277,styleGAN2
1.0,0.0,0.493386,styleGAN2
1.0,0.0,0.49792215,styleGAN2
1.0,1.0,0.5089178,styleGAN2
1.0,0.0,0.48033342,styleGAN2
1.0,0.0,0.46276057,styleGAN2
1.0,0.0,0.46513835,styleGAN2
1.0,0.0,0.49758953,styleGAN2
1.0,0.0,0.4729839,styleGAN2
1.0,0.0,0.46324047,styleGAN2
1.0,0.0,0.46836907,styleGAN2
1.0,1.0,0.52640337,styleGAN2
1.0,1.0,0.51205075,styleGAN2
1.0,0.0,0.49782357,styleGAN2
1.0,1.0,0.50867647,styleGAN2
1.0,0.0,0.47650266,styleGAN2
1.0,1.0,0.5482489,styleGAN2
1.0,0.0,0.4939115,styleGAN2
1.0,0.0,0.49289057,styleGAN2
1.0,1.0,0.5124874,styleGAN2
1.0,1.0,0.57759446,styleGAN2
1.0,0.0,0.49593538,styleGAN2
1.0,1.0,0.51256996,styleGAN2
1.0,0.0,0.47026774,styleGAN2
1.0,0.0,0.46930903,styleGAN2
1.0,1.0,0.50944114,styleGAN2
1.0,0.0,0.46313712,styleGAN2
1.0,1.0,0.5100062,styleGAN2
1.0,0.0,0.4454718,styleGAN2
1.0,1.0,0.5064974,styleGAN2
1.0,0.0,0.4966918,styleGAN2
1.0,0.0,0.4811845,styleGAN2
1.0,1.0,0.5767051,styleGAN2
1.0,0.0,0.46628645,styleGAN2
1.0,0.0,0.46085328,styleGAN2
1.0,0.0,0.48970196,styleGAN2
1.0,0.0,0.48512742,styleGAN2
1.0,0.0,0.45669785,styleGAN2
1.0,0.0,0.44437173,styleGAN2
1.0,1.0,0.5060862,styleGAN2
1.0,0.0,0.46783066,styleGAN2
1.0,1.0,0.54427564,styleGAN2
1.0,0.0,0.4705415,styleGAN2
1.0,1.0,0.53322613,styleGAN2
1.0,0.0,0.47009057,styleGAN2
1.0,0.0,0.4511607,styleGAN2
1.0,0.0,0.4630184,styleGAN2
1.0,1.0,0.5227539,styleGAN2
1.0,0.0,0.4699354,styleGAN2
1.0,1.0,0.5051259,styleGAN2
1.0,0.0,0.48213422,styleGAN2
1.0,0.0,0.4929271,styleGAN2
1.0,1.0,0.5278588,styleGAN2
1.0,0.0,0.47684512,styleGAN2
1.0,1.0,0.51359296,styleGAN2
1.0,0.0,0.48600549,styleGAN2
1.0,0.0,0.46142548,styleGAN2
1.0,0.0,0.48940703,styleGAN2
1.0,0.0,0.45963842,styleGAN2
1.0,1.0,0.5172342,styleGAN2
1.0,0.0,0.49930882,styleGAN2
1.0,0.0,0.47362825,styleGAN2
1.0,1.0,0.50203985,styleGAN2
1.0,1.0,0.5094421,styleGAN2
1.0,0.0,0.49635383,styleGAN2
1.0,0.0,0.45059112,styleGAN2
1.0,1.0,0.5316638,styleGAN2
1.0,1.0,0.5099006,styleGAN2
1.0,0.0,0.4719011,styleGAN2
1.0,1.0,0.52111125,styleGAN2
1.0,0.0,0.42496884,styleGAN2
1.0,0.0,0.47724763,styleGAN2
1.0,0.0,0.42909867,styleGAN2
1.0,0.0,0.48118618,styleGAN2
1.0,0.0,0.45927972,styleGAN2
1.0,0.0,0.44544557,styleGAN2
1.0,0.0,0.4645354,styleGAN2
1.0,0.0,0.49284706,styleGAN2
1.0,1.0,0.5901646,styleGAN2
1.0,1.0,0.5057533,styleGAN2
1.0,0.0,0.4659708,styleGAN2
1.0,0.0,0.43357876,styleGAN2
1.0,0.0,0.42554402,styleGAN2
1.0,0.0,0.45225957,styleGAN2
1.0,0.0,0.49483517,styleGAN2
1.0,0.0,0.4501068,styleGAN2
1.0,0.0,0.4657757,styleGAN2
1.0,0.0,0.46440065,styleGAN2
1.0,0.0,0.48124,styleGAN2
1.0,0.0,0.44516712,styleGAN2
1.0,1.0,0.5128505,styleGAN2
1.0,0.0,0.47172138,styleGAN2
1.0,0.0,0.48860607,styleGAN2
1.0,1.0,0.5076435,styleGAN2
1.0,0.0,0.44442636,styleGAN2
1.0,0.0,0.43285728,styleGAN2
1.0,0.0,0.44164023,styleGAN2
1.0,0.0,0.48798588,styleGAN2
1.0,0.0,0.48570684,styleGAN2
1.0,0.0,0.47007465,styleGAN2
1.0,1.0,0.5647491,styleGAN2
1.0,1.0,0.53547466,styleGAN2
1.0,1.0,0.51351845,styleGAN2
1.0,0.0,0.4732827,styleGAN2
1.0,0.0,0.4660496,styleGAN2
1.0,1.0,0.56514686,styleGAN2
1.0,1.0,0.5170404,styleGAN2
1.0,0.0,0.4679198,styleGAN2
1.0,0.0,0.4422358,styleGAN2
1.0,0.0,0.4763628,styleGAN2
1.0,0.0,0.46299314,styleGAN2
1.0,0.0,0.46429634,styleGAN2
1.0,0.0,0.45225108,styleGAN2
1.0,0.0,0.46507674,styleGAN2
1.0,1.0,0.57952577,styleGAN2
1.0,0.0,0.48952192,styleGAN2
1.0,0.0,0.45045513,styleGAN2
1.0,0.0,0.49072057,styleGAN2
1.0,0.0,0.48929572,styleGAN2
1.0,1.0,0.5008217,styleGAN2
1.0,1.0,0.51387376,styleGAN2
1.0,1.0,0.5527416,styleGAN2
1.0,1.0,0.54774314,styleGAN2
1.0,1.0,0.5093445,styleGAN2
1.0,1.0,0.56599057,styleGAN2
1.0,1.0,0.5538503,styleGAN2
1.0,1.0,0.5049366,styleGAN2
1.0,1.0,0.58469325,styleGAN2
1.0,1.0,0.5336957,styleGAN2
1.0,1.0,0.52439517,styleGAN2
1.0,1.0,0.5669067,styleGAN2
1.0,1.0,0.52462506,styleGAN2
1.0,1.0,0.53352624,styleGAN2
1.0,1.0,0.59345645,styleGAN2
1.0,1.0,0.5134346,styleGAN2
1.0,1.0,0.5554959,styleGAN2
1.0,1.0,0.51464474,styleGAN2
1.0,1.0,0.51265436,styleGAN2
1.0,1.0,0.56874555,styleGAN2
1.0,0.0,0.4803728,styleGAN2
1.0,0.0,0.48891124,styleGAN2
1.0,0.0,0.4994388,styleGAN2
1.0,1.0,0.5081151,styleGAN2
1.0,1.0,0.56507295,styleGAN2
1.0,1.0,0.50909567,styleGAN2
1.0,1.0,0.5859417,styleGAN2
1.0,1.0,0.5494749,styleGAN2
1.0,0.0,0.4686103,styleGAN2
1.0,1.0,0.5839998,styleGAN2
1.0,0.0,0.47206962,styleGAN2
1.0,1.0,0.5183862,styleGAN2
1.0,1.0,0.5243424,styleGAN2
1.0,1.0,0.55837,styleGAN2
1.0,0.0,0.47295296,styleGAN2
1.0,1.0,0.51082736,styleGAN2
1.0,1.0,0.5047726,styleGAN2
1.0,1.0,0.553563,styleGAN2
1.0,1.0,0.52601373,styleGAN2
1.0,1.0,0.51441896,styleGAN2
1.0,1.0,0.53033346,styleGAN2
1.0,0.0,0.49434638,styleGAN2
1.0,1.0,0.5221185,styleGAN2
1.0,1.0,0.5261394,styleGAN2
1.0,1.0,0.5453668,styleGAN2
1.0,0.0,0.49634078,styleGAN2
1.0,0.0,0.49809375,styleGAN2
1.0,1.0,0.5689143,styleGAN2
1.0,1.0,0.58223826,styleGAN2
1.0,1.0,0.55675775,styleGAN2
1.0,0.0,0.4759103,styleGAN2
1.0,1.0,0.5488919,styleGAN2
1.0,1.0,0.54599386,styleGAN2
1.0,1.0,0.55037266,styleGAN2
1.0,1.0,0.56434804,styleGAN2
1.0,1.0,0.5019542,styleGAN2
1.0,0.0,0.49117345,styleGAN2
1.0,1.0,0.53683627,styleGAN2
1.0,1.0,0.5376389,styleGAN2
1.0,1.0,0.5529798,styleGAN2
1.0,0.0,0.48375112,styleGAN2
1.0,1.0,0.54523045,styleGAN2
1.0,1.0,0.5049101,styleGAN2
1.0,1.0,0.59168935,styleGAN2
1.0,1.0,0.54467404,styleGAN2
1.0,1.0,0.5159912,styleGAN2
1.0,0.0,0.49805495,styleGAN2
1.0,1.0,0.586332,styleGAN2
1.0,0.0,0.47112527,styleGAN2
1.0,1.0,0.5138716,styleGAN2
1.0,1.0,0.52649486,styleGAN2
1.0,1.0,0.53793293,styleGAN2
1.0,0.0,0.47814333,styleGAN2
1.0,1.0,0.502421,styleGAN2
1.0,1.0,0.51670724,styleGAN2
1.0,1.0,0.59511656,styleGAN2
1.0,1.0,0.52979964,styleGAN2
1.0,1.0,0.58002746,styleGAN2
1.0,1.0,0.57451445,styleGAN2
1.0,1.0,0.54377085,styleGAN2
1.0,1.0,0.5093355,styleGAN2
1.0,1.0,0.54184693,styleGAN2
1.0,1.0,0.53959894,styleGAN2
1.0,1.0,0.51324517,styleGAN2
1.0,1.0,0.5732462,styleGAN2
1.0,0.0,0.47133744,styleGAN2
1.0,1.0,0.5076144,styleGAN2
1.0,0.0,0.49518213,styleGAN2
1.0,1.0,0.5750649,styleGAN2
1.0,1.0,0.5912567,styleGAN2
1.0,1.0,0.5366243,styleGAN2
1.0,1.0,0.547659,styleGAN2
1.0,1.0,0.5523503,styleGAN2
1.0,1.0,0.52881986,styleGAN2
1.0,1.0,0.51083314,styleGAN2
1.0,1.0,0.5620639,styleGAN2
1.0,1.0,0.5053889,styleGAN2
1.0,1.0,0.5087123,styleGAN2
1.0,1.0,0.53561753,styleGAN2
1.0,1.0,0.59392196,styleGAN2
1.0,1.0,0.5354139,styleGAN2
1.0,0.0,0.47878888,styleGAN2
1.0,0.0,0.46814585,styleGAN2
1.0,0.0,0.48049426,styleGAN2
1.0,1.0,0.5228565,styleGAN2
1.0,1.0,0.51227075,styleGAN2
1.0,1.0,0.56088614,styleGAN2
1.0,1.0,0.5703195,styleGAN2
1.0,1.0,0.59079874,styleGAN2
1.0,1.0,0.5007771,styleGAN2
1.0,1.0,0.5072426,styleGAN2
1.0,0.0,0.49867234,styleGAN2
1.0,0.0,0.48329636,styleGAN2
1.0,0.0,0.4704214,styleGAN2
1.0,1.0,0.5158078,styleGAN2
1.0,1.0,0.5372247,styleGAN2
1.0,1.0,0.5567875,styleGAN2
1.0,1.0,0.55034506,styleGAN2
1.0,1.0,0.5341936,styleGAN2
1.0,1.0,0.56061095,styleGAN2
1.0,0.0,0.47438014,styleGAN2
1.0,0.0,0.49595204,styleGAN2
1.0,1.0,0.5028236,styleGAN2
1.0,1.0,0.51504636,styleGAN2
1.0,1.0,0.58431226,styleGAN2
1.0,1.0,0.50315094,styleGAN2
1.0,1.0,0.5154509,styleGAN2
1.0,1.0,0.5491808,styleGAN2
1.0,1.0,0.550542,styleGAN2
1.0,1.0,0.5282796,styleGAN2
1.0,1.0,0.51812124,styleGAN2
1.0,1.0,0.5267117,styleGAN2
1.0,1.0,0.56435496,styleGAN2
1.0,1.0,0.5147898,styleGAN2
1.0,1.0,0.5029995,styleGAN2
1.0,1.0,0.54696447,styleGAN2
1.0,1.0,0.50713706,styleGAN2
1.0,1.0,0.50487626,styleGAN2
1.0,1.0,0.5398591,styleGAN2
1.0,0.0,0.49904385,styleGAN2
1.0,0.0,0.46975496,styleGAN2
1.0,1.0,0.5089641,styleGAN2
1.0,1.0,0.5584948,styleGAN2
1.0,1.0,0.545424,styleGAN2
1.0,1.0,0.5626101,styleGAN2
1.0,0.0,0.4942833,styleGAN2
1.0,1.0,0.5721059,styleGAN2
1.0,0.0,0.46030372,styleGAN2
1.0,1.0,0.57521284,styleGAN2
1.0,1.0,0.5548324,styleGAN2
1.0,0.0,0.49852943,styleGAN2
1.0,0.0,0.4913676,styleGAN2
1.0,1.0,0.5903734,styleGAN2
1.0,1.0,0.5865406,styleGAN2
1.0,1.0,0.52329785,styleGAN2
1.0,0.0,0.4941169,styleGAN2
1.0,1.0,0.50183654,styleGAN2
1.0,1.0,0.53622305,styleGAN2
1.0,1.0,0.5382633,styleGAN2
1.0,1.0,0.5468758,styleGAN2
1.0,1.0,0.5592435,styleGAN2
1.0,1.0,0.50230855,styleGAN2
1.0,1.0,0.54476166,styleGAN2
1.0,0.0,0.49679312,styleGAN2
1.0,1.0,0.5484691,styleGAN2
1.0,0.0,0.47396886,styleGAN2
1.0,1.0,0.5531482,styleGAN2
1.0,1.0,0.55851746,styleGAN2
1.0,1.0,0.577744,styleGAN2
1.0,0.0,0.4944646,styleGAN2
1.0,1.0,0.5299928,styleGAN2
1.0,0.0,0.4808339,styleGAN2
1.0,1.0,0.5821224,styleGAN2
1.0,1.0,0.5364829,styleGAN2
1.0,1.0,0.52950186,styleGAN2
1.0,0.0,0.4841199,styleGAN2
1.0,1.0,0.5172878,styleGAN2
1.0,0.0,0.48845416,styleGAN2
1.0,0.0,0.47572207,styleGAN2
1.0,1.0,0.52799547,styleGAN2
1.0,1.0,0.51144105,styleGAN2
1.0,1.0,0.5394558,styleGAN2
1.0,1.0,0.5523047,styleGAN2
1.0,1.0,0.5268945,styleGAN2
1.0,0.0,0.45807204,styleGAN2
1.0,1.0,0.58464766,styleGAN2
1.0,1.0,0.51801056,styleGAN2
1.0,1.0,0.5074079,styleGAN2
1.0,1.0,0.5406108,styleGAN2
1.0,0.0,0.4937258,styleGAN2
1.0,1.0,0.5724374,styleGAN2
1.0,1.0,0.54032046,styleGAN2
1.0,1.0,0.5223548,styleGAN2
1.0,1.0,0.528762,styleGAN2
1.0,1.0,0.50329286,styleGAN2
1.0,1.0,0.53573877,styleGAN2
1.0,0.0,0.485852,styleGAN2
1.0,1.0,0.5683675,styleGAN2
1.0,1.0,0.50104773,styleGAN2
1.0,1.0,0.58639383,styleGAN2
1.0,1.0,0.5261032,styleGAN2
1.0,0.0,0.4930167,styleGAN2
1.0,1.0,0.5505172,styleGAN2
1.0,1.0,0.5608118,styleGAN2
1.0,1.0,0.5075133,styleGAN2
1.0,0.0,0.49739003,styleGAN2
1.0,1.0,0.5229614,styleGAN2
1.0,0.0,0.49337968,styleGAN2
1.0,0.0,0.47620088,styleGAN2
1.0,1.0,0.5317856,styleGAN2
1.0,1.0,0.53991336,styleGAN2
1.0,0.0,0.4463294,styleGAN2
1.0,0.0,0.43602332,styleGAN2
1.0,1.0,0.5252491,styleGAN2
1.0,0.0,0.48036528,styleGAN2
1.0,1.0,0.5358921,styleGAN2
1.0,1.0,0.5127432,styleGAN2
1.0,1.0,0.578034,styleGAN2
1.0,1.0,0.53081614,styleGAN2
1.0,0.0,0.49374855,styleGAN2
1.0,0.0,0.46507263,styleGAN2
1.0,1.0,0.5429695,styleGAN2
1.0,0.0,0.471302,styleGAN2
1.0,1.0,0.533,styleGAN2
1.0,1.0,0.5075675,styleGAN2
1.0,0.0,0.46372592,styleGAN2
1.0,1.0,0.5160073,styleGAN2
1.0,1.0,0.5179329,styleGAN2
1.0,0.0,0.46918392,styleGAN2
1.0,1.0,0.51855475,styleGAN2
1.0,0.0,0.48609802,styleGAN2
1.0,1.0,0.5720308,styleGAN2
1.0,1.0,0.571037,styleGAN2
1.0,1.0,0.530068,styleGAN2
1.0,0.0,0.49707985,styleGAN2
1.0,0.0,0.46964747,styleGAN2
1.0,1.0,0.52721876,styleGAN2
1.0,1.0,0.5616268,styleGAN2
1.0,0.0,0.4978809,styleGAN2
1.0,1.0,0.52542484,styleGAN2
1.0,1.0,0.53198165,styleGAN2
1.0,1.0,0.5230548,styleGAN2
1.0,0.0,0.48596314,styleGAN2
1.0,1.0,0.5591884,styleGAN2
1.0,0.0,0.48522812,styleGAN2
1.0,1.0,0.53413093,styleGAN2
1.0,1.0,0.5549496,styleGAN2
1.0,0.0,0.45915723,styleGAN2
1.0,1.0,0.5429674,styleGAN2
1.0,0.0,0.47544232,styleGAN2
1.0,1.0,0.5267199,styleGAN2
1.0,1.0,0.5254409,styleGAN2
1.0,1.0,0.58543736,styleGAN2
1.0,1.0,0.5721809,styleGAN2
1.0,1.0,0.53011644,styleGAN2
1.0,1.0,0.5106817,styleGAN2
1.0,1.0,0.5103858,styleGAN2
1.0,0.0,0.47026548,styleGAN2
1.0,1.0,0.53319097,styleGAN2
1.0,0.0,0.44969535,styleGAN2
1.0,1.0,0.52299863,styleGAN2
1.0,1.0,0.5003359,styleGAN2
1.0,1.0,0.5440014,styleGAN2
1.0,0.0,0.49219522,styleGAN2
1.0,1.0,0.5118337,styleGAN2
1.0,1.0,0.54421943,styleGAN2
1.0,1.0,0.5013693,styleGAN2
1.0,1.0,0.5582963,styleGAN2
1.0,1.0,0.530483,styleGAN2
1.0,0.0,0.49638584,styleGAN2
1.0,1.0,0.5055187,styleGAN2
1.0,1.0,0.5289808,styleGAN2
1.0,1.0,0.5398944,styleGAN2
1.0,1.0,0.58185303,styleGAN2
1.0,1.0,0.52988017,styleGAN2
1.0,1.0,0.50769484,styleGAN2
1.0,1.0,0.5429258,styleGAN2
1.0,1.0,0.55265146,styleGAN2
1.0,1.0,0.5311611,styleGAN2
1.0,1.0,0.5092718,styleGAN2
1.0,1.0,0.56783485,styleGAN2
1.0,1.0,0.5284798,styleGAN2
1.0,1.0,0.5869107,styleGAN2
1.0,1.0,0.5027173,styleGAN2
1.0,1.0,0.50810546,styleGAN2
1.0,0.0,0.45593563,styleGAN2
1.0,1.0,0.59578633,styleGAN2
1.0,0.0,0.424036,styleGAN2
1.0,1.0,0.50631565,styleGAN2
1.0,0.0,0.4917345,styleGAN2
1.0,1.0,0.5276575,styleGAN2
1.0,0.0,0.49860725,styleGAN2
1.0,1.0,0.55159605,styleGAN2
1.0,1.0,0.5136564,styleGAN2
1.0,1.0,0.5614728,styleGAN2
1.0,1.0,0.53393704,styleGAN2
1.0,1.0,0.5034196,styleGAN2
1.0,1.0,0.5487977,styleGAN2
1.0,1.0,0.5092233,styleGAN2
1.0,0.0,0.4999826,styleGAN2
1.0,1.0,0.5040878,styleGAN2
1.0,1.0,0.51759326,styleGAN2
1.0,0.0,0.4765573,styleGAN2
1.0,1.0,0.5130925,styleGAN2
1.0,1.0,0.551852,styleGAN2
1.0,1.0,0.50111204,styleGAN2
1.0,0.0,0.47563958,styleGAN2
1.0,1.0,0.54333323,styleGAN2
1.0,1.0,0.5043796,styleGAN2
1.0,1.0,0.546245,styleGAN2
1.0,0.0,0.49402553,styleGAN2
1.0,0.0,0.48904845,styleGAN2
1.0,0.0,0.49941644,styleGAN2
1.0,1.0,0.54069245,styleGAN2
1.0,1.0,0.5202054,styleGAN2
1.0,1.0,0.55879027,styleGAN2
1.0,1.0,0.55071586,styleGAN2
1.0,1.0,0.55538166,styleGAN2
1.0,0.0,0.49680364,styleGAN2
1.0,1.0,0.5964607,styleGAN2
1.0,1.0,0.5360226,styleGAN2
1.0,1.0,0.5440227,styleGAN2
1.0,1.0,0.54082304,styleGAN2
1.0,1.0,0.59608984,styleGAN2
1.0,1.0,0.5035365,styleGAN2
1.0,1.0,0.54191405,styleGAN2
1.0,1.0,0.5527072,styleGAN2
1.0,1.0,0.54304653,styleGAN2
1.0,0.0,0.4882955,styleGAN2
1.0,0.0,0.48390314,styleGAN2
1.0,0.0,0.47449327,styleGAN2
1.0,1.0,0.53882587,styleGAN2
1.0,1.0,0.5087175,styleGAN2
1.0,0.0,0.49501598,styleGAN2
1.0,1.0,0.5145938,styleGAN2
1.0,0.0,0.48377907,styleGAN2
1.0,1.0,0.5312366,sdxl
1.0,0.0,0.45544544,sdxl
1.0,0.0,0.47504517,sdxl
1.0,1.0,0.50216764,sdxl
1.0,0.0,0.44034693,sdxl
1.0,0.0,0.47529355,sdxl
1.0,1.0,0.52968067,sdxl
1.0,1.0,0.51971257,sdxl
1.0,1.0,0.507634,sdxl
1.0,0.0,0.46962982,sdxl
1.0,1.0,0.5433571,sdxl
1.0,1.0,0.5350164,sdxl
1.0,0.0,0.49525234,sdxl
1.0,1.0,0.5150257,sdxl
1.0,1.0,0.5075508,sdxl
1.0,1.0,0.5583276,sdxl
1.0,1.0,0.5147984,sdxl
1.0,1.0,0.50445527,sdxl
1.0,1.0,0.53993595,sdxl
1.0,0.0,0.4933455,sdxl
1.0,1.0,0.5145647,sdxl
1.0,0.0,0.44769424,sdxl
1.0,0.0,0.48953515,sdxl
1.0,1.0,0.56867343,sdxl
1.0,1.0,0.55299044,sdxl
1.0,0.0,0.3953427,sdxl
1.0,0.0,0.47760725,sdxl
1.0,0.0,0.47739285,sdxl
1.0,0.0,0.4685659,sdxl
1.0,0.0,0.45339808,sdxl
1.0,0.0,0.45628762,sdxl
1.0,1.0,0.5015094,sdxl
1.0,0.0,0.4553028,sdxl
1.0,1.0,0.548619,sdxl
1.0,0.0,0.4820333,sdxl
1.0,0.0,0.4933729,sdxl
1.0,0.0,0.46696502,sdxl
1.0,0.0,0.46486387,sdxl
1.0,0.0,0.41598043,sdxl
1.0,1.0,0.55943316,sdxl
1.0,0.0,0.4880701,sdxl
1.0,0.0,0.48861575,sdxl
1.0,1.0,0.5140378,sdxl
1.0,1.0,0.53462136,sdxl
1.0,1.0,0.50264823,sdxl
1.0,0.0,0.47537154,sdxl
1.0,1.0,0.5777932,sdxl
1.0,1.0,0.50070906,sdxl
1.0,0.0,0.42182145,sdxl
1.0,0.0,0.4943331,sdxl
1.0,0.0,0.4611248,sdxl
1.0,0.0,0.44631642,sdxl
1.0,0.0,0.4568471,sdxl
1.0,1.0,0.5169373,sdxl
1.0,0.0,0.45599797,sdxl
1.0,0.0,0.4457089,sdxl
1.0,1.0,0.52221847,sdxl
1.0,0.0,0.4596303,sdxl
1.0,0.0,0.46497735,sdxl
1.0,0.0,0.4638151,sdxl
1.0,0.0,0.48598695,sdxl
1.0,0.0,0.47862577,sdxl
1.0,0.0,0.4894328,sdxl
1.0,0.0,0.48872712,sdxl
1.0,1.0,0.5576136,sdxl
1.0,0.0,0.48124397,sdxl
1.0,1.0,0.5113319,sdxl
1.0,0.0,0.48912585,sdxl
1.0,0.0,0.49615902,sdxl
1.0,1.0,0.5021946,sdxl
1.0,0.0,0.4274345,sdxl
1.0,0.0,0.4528495,sdxl
1.0,1.0,0.54600555,sdxl
1.0,0.0,0.4765891,sdxl
1.0,1.0,0.5002937,sdxl
1.0,0.0,0.47362456,sdxl
1.0,0.0,0.46784255,sdxl
1.0,1.0,0.50426555,sdxl
1.0,0.0,0.441898,sdxl
1.0,0.0,0.45102963,sdxl
1.0,0.0,0.46543586,sdxl
1.0,1.0,0.52312475,sdxl
1.0,0.0,0.45804778,sdxl
1.0,1.0,0.5690177,sdxl
1.0,1.0,0.5250547,sdxl
1.0,1.0,0.5575602,sdxl
1.0,0.0,0.45287338,sdxl
1.0,0.0,0.47243404,sdxl
1.0,0.0,0.4714978,sdxl
1.0,1.0,0.51575005,sdxl
1.0,1.0,0.5134014,sdxl
1.0,0.0,0.4831632,sdxl
1.0,0.0,0.46986422,sdxl
1.0,1.0,0.516069,sdxl
1.0,1.0,0.50216734,sdxl
1.0,0.0,0.48063734,sdxl
1.0,0.0,0.46856904,sdxl
1.0,0.0,0.48188972,sdxl
1.0,0.0,0.46699297,sdxl
1.0,1.0,0.50797206,sdxl
1.0,1.0,0.506724,sdxl
1.0,0.0,0.4342079,sdxl
1.0,1.0,0.5404821,sdxl
1.0,1.0,0.5163128,sdxl
1.0,0.0,0.48564363,sdxl
1.0,0.0,0.49643984,sdxl
1.0,0.0,0.4271828,sdxl
1.0,0.0,0.46643823,sdxl
1.0,0.0,0.4952527,sdxl
1.0,0.0,0.44564652,sdxl
1.0,0.0,0.4784881,sdxl
1.0,0.0,0.46771184,sdxl
1.0,0.0,0.46432346,sdxl
1.0,0.0,0.4589633,sdxl
1.0,0.0,0.45428103,sdxl
1.0,0.0,0.480654,sdxl
1.0,0.0,0.48117584,sdxl
1.0,0.0,0.46808708,sdxl
1.0,0.0,0.45684934,sdxl
1.0,0.0,0.46294758,sdxl
1.0,1.0,0.501126,sdxl
1.0,0.0,0.47874883,sdxl
1.0,0.0,0.44058925,sdxl
1.0,1.0,0.5373426,sdxl
1.0,0.0,0.43532878,sdxl
1.0,1.0,0.503514,sdxl
1.0,0.0,0.46708357,sdxl
1.0,0.0,0.49585533,sdxl
1.0,0.0,0.43664587,sdxl
1.0,0.0,0.49401158,sdxl
1.0,0.0,0.49198338,sdxl
1.0,1.0,0.5072027,sdxl
1.0,0.0,0.48614433,sdxl
1.0,0.0,0.48577434,sdxl
1.0,0.0,0.46654123,sdxl
1.0,0.0,0.4728071,sdxl
1.0,1.0,0.5098112,sdxl
1.0,0.0,0.43561617,sdxl
1.0,0.0,0.46293744,sdxl
1.0,0.0,0.44474718,sdxl
1.0,0.0,0.42702335,sdxl
1.0,0.0,0.4932602,sdxl
1.0,1.0,0.52597,sdxl
1.0,0.0,0.4907676,sdxl
1.0,0.0,0.47491264,sdxl
1.0,0.0,0.44381812,sdxl
1.0,1.0,0.5055169,sdxl
1.0,1.0,0.5331879,sdxl
1.0,0.0,0.43667105,sdxl
1.0,1.0,0.5233912,sdxl
1.0,1.0,0.52948284,sdxl
1.0,0.0,0.48160028,sdxl
1.0,1.0,0.53523856,sdxl
1.0,0.0,0.47584322,sdxl
1.0,0.0,0.43864048,sdxl
1.0,0.0,0.47684756,sdxl
1.0,0.0,0.43937522,sdxl
1.0,0.0,0.4596165,sdxl
1.0,0.0,0.46301523,sdxl
1.0,0.0,0.49617967,sdxl
1.0,0.0,0.42528263,sdxl
1.0,1.0,0.5810636,sdxl
1.0,1.0,0.5355575,sdxl
1.0,0.0,0.46830788,sdxl
1.0,0.0,0.4890158,sdxl
1.0,0.0,0.4480054,sdxl
1.0,0.0,0.4712181,sdxl
1.0,0.0,0.42826435,sdxl
1.0,0.0,0.4792984,sdxl
1.0,0.0,0.45873323,sdxl
1.0,0.0,0.47037393,sdxl
1.0,0.0,0.4262474,sdxl
1.0,0.0,0.4096828,sdxl
1.0,1.0,0.5358231,sdxl
1.0,0.0,0.48366052,sdxl
1.0,0.0,0.48408276,sdxl
1.0,0.0,0.42628264,sdxl
1.0,0.0,0.45489088,sdxl
1.0,1.0,0.55477947,sdxl
1.0,0.0,0.47168392,sdxl
1.0,0.0,0.46523666,sdxl
1.0,0.0,0.4175423,sdxl
1.0,0.0,0.4919772,sdxl
1.0,1.0,0.50833136,sdxl
1.0,0.0,0.49840254,sdxl
1.0,0.0,0.47252458,sdxl
1.0,0.0,0.46431622,sdxl
1.0,0.0,0.45488387,sdxl
1.0,1.0,0.50337374,sdxl
1.0,1.0,0.53405046,sdxl
1.0,0.0,0.46564564,sdxl
1.0,1.0,0.5611699,sdxl
1.0,1.0,0.5152565,sdxl
1.0,0.0,0.48564824,sdxl
1.0,1.0,0.56096786,sdxl
1.0,0.0,0.46692437,sdxl
1.0,1.0,0.52281785,sdxl
1.0,1.0,0.5450833,sdxl
1.0,0.0,0.45324266,sdxl
1.0,1.0,0.5105049,sdxl
1.0,0.0,0.4830094,sdxl
1.0,1.0,0.5033559,sdxl
1.0,0.0,0.44723976,sdxl
1.0,0.0,0.49476278,sdxl
1.0,0.0,0.46668547,sdxl
1.0,0.0,0.49307176,sdxl
1.0,0.0,0.46292415,sdxl
1.0,0.0,0.44682032,sdxl
1.0,0.0,0.41700378,sdxl
1.0,1.0,0.52523184,sdxl
1.0,0.0,0.46168724,sdxl
1.0,0.0,0.45332575,sdxl
1.0,0.0,0.42175868,sdxl
1.0,0.0,0.4811594,sdxl
1.0,0.0,0.44618014,sdxl
1.0,0.0,0.46536762,sdxl
1.0,0.0,0.47371534,sdxl
1.0,0.0,0.43708187,sdxl
1.0,1.0,0.55380386,sdxl
1.0,0.0,0.48810455,sdxl
1.0,0.0,0.46155292,sdxl
1.0,1.0,0.5318685,sdxl
1.0,0.0,0.48817173,sdxl
1.0,0.0,0.4640425,sdxl
1.0,0.0,0.4823765,sdxl
1.0,0.0,0.46609324,sdxl
1.0,0.0,0.45086053,sdxl
1.0,1.0,0.56348985,sdxl
1.0,1.0,0.50014716,sdxl
1.0,0.0,0.44851652,sdxl
1.0,1.0,0.5257108,sdxl
1.0,0.0,0.48823825,sdxl
1.0,1.0,0.50902617,sdxl
1.0,0.0,0.45367292,sdxl
1.0,1.0,0.5111634,sdxl
1.0,0.0,0.48063046,sdxl
1.0,1.0,0.51744926,sdxl
1.0,1.0,0.5103743,sdxl
1.0,0.0,0.49690813,sdxl
1.0,0.0,0.49932387,sdxl
1.0,0.0,0.49357226,sdxl
1.0,1.0,0.5035047,sdxl
1.0,0.0,0.42847246,sdxl
1.0,0.0,0.4828406,sdxl
1.0,0.0,0.454566,sdxl
1.0,0.0,0.4966837,sdxl
1.0,1.0,0.56499606,sdxl
1.0,1.0,0.5139334,sdxl
1.0,0.0,0.49591485,sdxl
1.0,0.0,0.46028042,sdxl
1.0,0.0,0.49189585,sdxl
1.0,0.0,0.46320167,sdxl
1.0,1.0,0.56432945,sdxl
1.0,0.0,0.4581164,sdxl
1.0,0.0,0.4788725,sdxl
1.0,1.0,0.522594,sdxl
1.0,0.0,0.4801087,sdxl
1.0,1.0,0.50293535,sdxl
1.0,0.0,0.45257032,sdxl
1.0,0.0,0.4763244,sdxl
1.0,1.0,0.505362,sdxl
1.0,0.0,0.44569123,sdxl
1.0,1.0,0.5096959,sdxl
1.0,0.0,0.4664451,sdxl
1.0,0.0,0.45708174,sdxl
1.0,1.0,0.54131275,sdxl
1.0,1.0,0.50545746,sdxl
1.0,0.0,0.486324,sdxl
1.0,0.0,0.46176544,sdxl
1.0,1.0,0.530619,sdxl
1.0,0.0,0.46444312,sdxl
1.0,0.0,0.44020084,sdxl
1.0,0.0,0.4739948,sdxl
1.0,1.0,0.5298214,sdxl
1.0,0.0,0.49228436,sdxl
1.0,0.0,0.47239804,sdxl
1.0,0.0,0.46571243,sdxl
1.0,0.0,0.4692203,sdxl
1.0,0.0,0.46644336,sdxl
1.0,1.0,0.52462804,sdxl
1.0,1.0,0.50673604,sdxl
1.0,0.0,0.49063832,sdxl
1.0,0.0,0.46875998,sdxl
1.0,0.0,0.4507206,sdxl
1.0,1.0,0.5243974,sdxl
1.0,0.0,0.4684817,sdxl
1.0,0.0,0.4149699,sdxl
1.0,1.0,0.5086009,sdxl
1.0,0.0,0.4562569,sdxl
1.0,1.0,0.53115535,sdxl
1.0,1.0,0.5194996,sdxl
1.0,0.0,0.4586417,sdxl
1.0,0.0,0.44128123,sdxl
1.0,0.0,0.49644202,sdxl
1.0,0.0,0.45176017,sdxl
1.0,0.0,0.4332776,sdxl
1.0,0.0,0.49893084,sdxl
1.0,1.0,0.5093765,sdxl
1.0,0.0,0.44952983,sdxl
1.0,1.0,0.528066,sdxl
1.0,0.0,0.48489827,sdxl
1.0,1.0,0.5207715,sdxl
1.0,0.0,0.49161515,sdxl
1.0,0.0,0.4949725,sdxl
1.0,0.0,0.47283354,sdxl
1.0,0.0,0.4788027,sdxl
1.0,0.0,0.45471305,sdxl
1.0,0.0,0.44394538,sdxl
1.0,0.0,0.46017262,sdxl
1.0,0.0,0.4719015,sdxl
1.0,0.0,0.46434274,sdxl
1.0,1.0,0.55578464,sdxl
1.0,0.0,0.49771655,sdxl
1.0,1.0,0.5225953,sdxl
1.0,0.0,0.48846188,sdxl
1.0,1.0,0.5959343,sdxl
1.0,0.0,0.4276548,sdxl
1.0,0.0,0.4572228,sdxl
1.0,1.0,0.55158705,sdxl
1.0,1.0,0.5208897,sdxl
1.0,1.0,0.5110048,sdxl
1.0,1.0,0.52430403,sdxl
1.0,0.0,0.46771705,sdxl
1.0,1.0,0.545374,sdxl
1.0,0.0,0.47248706,sdxl
1.0,0.0,0.48260865,sdxl
1.0,1.0,0.54473567,sdxl
1.0,0.0,0.45850742,sdxl
1.0,1.0,0.51728314,sdxl
1.0,1.0,0.5106532,sdxl
1.0,0.0,0.4992163,sdxl
1.0,0.0,0.47327158,sdxl
1.0,0.0,0.4713665,sdxl
1.0,0.0,0.49070328,sdxl
1.0,0.0,0.46670094,sdxl
1.0,0.0,0.47866467,sdxl
1.0,1.0,0.5166687,sdxl
1.0,0.0,0.45235866,sdxl
1.0,0.0,0.4783876,sdxl
1.0,0.0,0.45985517,sdxl
1.0,1.0,0.5357463,sdxl
1.0,0.0,0.46268538,sdxl
1.0,0.0,0.46314642,sdxl
1.0,0.0,0.4863594,sdxl
1.0,0.0,0.45732126,sdxl
1.0,0.0,0.43282875,sdxl
1.0,0.0,0.43745914,sdxl
1.0,0.0,0.47901252,sdxl
1.0,0.0,0.49739054,sdxl
1.0,0.0,0.46520525,sdxl
1.0,1.0,0.5711301,sdxl
1.0,0.0,0.48147258,sdxl
1.0,0.0,0.46625033,sdxl
1.0,0.0,0.4927725,sdxl
1.0,0.0,0.48164707,sdxl
1.0,1.0,0.5125106,sdxl
1.0,0.0,0.46502167,sdxl
1.0,0.0,0.4682671,sdxl
1.0,0.0,0.47174907,sdxl
1.0,1.0,0.5003414,sdxl
1.0,0.0,0.4288793,sdxl
1.0,0.0,0.4647249,sdxl
1.0,1.0,0.5623153,sdxl
1.0,0.0,0.4730394,sdxl
1.0,1.0,0.56458867,sdxl
1.0,1.0,0.5629726,sdxl
1.0,0.0,0.44477794,sdxl
1.0,0.0,0.47562924,sdxl
1.0,0.0,0.47897866,sdxl
1.0,0.0,0.49993074,sdxl
1.0,1.0,0.50421876,sdxl
1.0,1.0,0.55262774,sdxl
1.0,0.0,0.43061414,sdxl
1.0,0.0,0.47130898,sdxl
1.0,0.0,0.4718051,sdxl
1.0,0.0,0.45193422,sdxl
1.0,0.0,0.47023517,sdxl
1.0,1.0,0.5136348,sdxl
1.0,0.0,0.45752892,sdxl
1.0,0.0,0.48487976,sdxl
1.0,1.0,0.55471253,sdxl
1.0,0.0,0.45057136,sdxl
1.0,0.0,0.47043929,sdxl
1.0,0.0,0.4222671,sdxl
1.0,1.0,0.5013883,sdxl
1.0,0.0,0.4985355,sdxl
1.0,0.0,0.48623037,sdxl
1.0,0.0,0.45259297,sdxl
1.0,1.0,0.50364435,sdxl
1.0,1.0,0.5058676,sdxl
1.0,0.0,0.45919302,sdxl
1.0,0.0,0.47413066,sdxl
1.0,0.0,0.471736,sdxl
1.0,0.0,0.45444703,sdxl
1.0,0.0,0.45154306,sdxl
1.0,1.0,0.519976,sdxl
1.0,1.0,0.5187538,sdxl
1.0,0.0,0.46473458,sdxl
1.0,0.0,0.4439498,sdxl
1.0,0.0,0.49877355,sdxl
1.0,0.0,0.43543977,sdxl
1.0,0.0,0.413591,sdxl
1.0,0.0,0.4416305,sdxl
1.0,1.0,0.5213966,sdxl
1.0,0.0,0.44893965,sdxl
1.0,0.0,0.4337199,sdxl
1.0,0.0,0.43594363,sdxl
1.0,0.0,0.48722255,sdxl
1.0,0.0,0.48903558,sdxl
1.0,0.0,0.47625905,sdxl
1.0,1.0,0.5110462,sdxl
1.0,1.0,0.5357464,sdxl
1.0,0.0,0.43313533,sdxl
1.0,0.0,0.46567118,sdxl
1.0,0.0,0.4872023,sdxl
1.0,1.0,0.5576147,sdxl
1.0,0.0,0.47625387,sdxl
1.0,1.0,0.5631994,sdxl
1.0,0.0,0.46341732,sdxl
1.0,0.0,0.4779798,sdxl
1.0,1.0,0.5339461,sdxl
1.0,0.0,0.48880288,sdxl
1.0,0.0,0.4298912,sdxl
1.0,1.0,0.5198049,sdxl
1.0,1.0,0.5419565,sdxl
1.0,0.0,0.49796826,sdxl
1.0,0.0,0.4805118,sdxl
1.0,0.0,0.4396163,sdxl
1.0,0.0,0.4989743,sdxl
1.0,1.0,0.51022667,sdxl
1.0,0.0,0.4724318,sdxl
1.0,1.0,0.5261964,sdxl
1.0,0.0,0.49159324,sdxl
1.0,1.0,0.5004793,sdxl
1.0,0.0,0.4644831,sdxl
1.0,0.0,0.4567748,sdxl
1.0,0.0,0.45627254,sdxl
1.0,0.0,0.47603843,sdxl
1.0,0.0,0.46564993,sdxl
1.0,0.0,0.42028913,sdxl
1.0,0.0,0.48740593,sdxl
1.0,0.0,0.43711016,sdxl
1.0,0.0,0.44054845,sdxl
1.0,0.0,0.45496932,sdxl
1.0,0.0,0.49223003,sdxl
1.0,0.0,0.48865184,sdxl
1.0,0.0,0.49626,sdxl
1.0,0.0,0.46108216,sdxl
1.0,0.0,0.4936008,sdxl
1.0,0.0,0.45685405,sdxl
1.0,1.0,0.50341076,sdxl
1.0,1.0,0.5967155,sdxl
1.0,1.0,0.5221218,sdxl
1.0,0.0,0.47751984,sdxl
1.0,0.0,0.42825118,sdxl
1.0,0.0,0.4985885,sdxl
1.0,0.0,0.47744024,sdxl
1.0,0.0,0.49100745,sdxl
1.0,0.0,0.44060153,sdxl
1.0,0.0,0.47864118,sdxl
1.0,0.0,0.47129035,sdxl
1.0,0.0,0.49920377,sdxl
1.0,1.0,0.50367725,sdxl
1.0,0.0,0.49635184,sdxl
1.0,0.0,0.4495648,sdxl
1.0,0.0,0.44700155,sdxl
1.0,1.0,0.56532526,sdxl
1.0,0.0,0.49299982,sdxl
1.0,0.0,0.4801768,sdxl
1.0,0.0,0.45949867,sdxl
1.0,0.0,0.47376552,sdxl
1.0,0.0,0.45607275,sdxl
1.0,0.0,0.48340198,sdxl
1.0,0.0,0.49271494,sdxl
1.0,1.0,0.5367057,sdxl
1.0,0.0,0.48935398,sdxl
1.0,0.0,0.45225382,sdxl
1.0,0.0,0.44641,sdxl
1.0,1.0,0.501962,sdxl
1.0,1.0,0.54996514,sdxl
1.0,0.0,0.45361874,sdxl
1.0,0.0,0.41186196,sdxl
1.0,0.0,0.4904377,sdxl
1.0,0.0,0.48411936,sdxl
1.0,1.0,0.5439119,sdxl
1.0,1.0,0.5118963,sdxl
1.0,1.0,0.5188853,sdxl
1.0,1.0,0.5517935,sdxl
1.0,1.0,0.54364073,sdxl
1.0,1.0,0.5148084,sdxl
1.0,0.0,0.49282163,sdxl
1.0,0.0,0.44826993,sdxl
1.0,1.0,0.56616765,sdxl
1.0,0.0,0.44991955,sdxl
1.0,0.0,0.47972986,sdxl
1.0,1.0,0.5271582,sdxl
1.0,1.0,0.50904924,sdxl
1.0,0.0,0.44112614,sdxl
1.0,0.0,0.4984489,sdxl
1.0,0.0,0.4933982,sdxl
1.0,1.0,0.53834194,sdxl
1.0,1.0,0.5025626,sdxl
1.0,0.0,0.46905482,sdxl
1.0,0.0,0.4365794,sdxl
1.0,0.0,0.45428544,sdxl
1.0,0.0,0.44903666,sdxl
1.0,0.0,0.444914,sdxl
1.0,0.0,0.4470156,sdxl
1.0,1.0,0.5272443,sdxl
1.0,0.0,0.48572654,sdxl
1.0,0.0,0.4437074,sdxl
1.0,0.0,0.446099,sdxl
1.0,0.0,0.4433622,sdxl
1.0,1.0,0.5056986,sdxl
1.0,0.0,0.43305296,sdxl
1.0,0.0,0.46084446,sdxl
1.0,1.0,0.5022849,sdxl
1.0,0.0,0.47951218,sdxl
1.0,1.0,0.52245206,sdxl
1.0,1.0,0.51390105,sdxl
1.0,1.0,0.5084037,sdxl
1.0,1.0,0.5151699,sdxl
1.0,0.0,0.41878897,sdxl
1.0,1.0,0.5000746,sdxl
1.0,1.0,0.5178413,sdxl
1.0,1.0,0.5209389,sdxl
1.0,0.0,0.49471068,sdxl
1.0,1.0,0.5689409,sdxl
1.0,0.0,0.4702297,sdxl
1.0,1.0,0.52636623,sdxl
1.0,0.0,0.49381483,sdxl
1.0,0.0,0.42527035,sdxl
1.0,0.0,0.48551556,sdxl
1.0,1.0,0.5179265,sdxl
1.0,0.0,0.4790836,sdxl
1.0,1.0,0.50330234,sdxl
1.0,0.0,0.47927672,sdxl
1.0,1.0,0.50805384,sdxl
1.0,0.0,0.4873642,sdxl
1.0,0.0,0.4445658,sdxl
1.0,1.0,0.518297,sdxl
1.0,1.0,0.51310897,sdxl
1.0,0.0,0.43883008,sdxl
1.0,0.0,0.49231717,sdxl
1.0,0.0,0.46063498,sdxl
1.0,1.0,0.5063079,sdxl
1.0,1.0,0.5173691,sdxl
1.0,1.0,0.5141441,sdxl
1.0,0.0,0.49549058,sdxl
1.0,1.0,0.5857743,sdxl
1.0,0.0,0.4796162,sdxl
1.0,1.0,0.5002072,sdxl
1.0,0.0,0.47923642,sdxl
1.0,0.0,0.41388506,sdxl
1.0,1.0,0.56221086,sdxl
1.0,0.0,0.4584465,sdxl
1.0,0.0,0.49529797,sdxl
1.0,1.0,0.5192067,sdxl
1.0,0.0,0.44328803,sdxl
1.0,0.0,0.49822402,sdxl
1.0,0.0,0.43655524,sdxl
1.0,0.0,0.47110772,sdxl
1.0,1.0,0.5484924,sdxl
1.0,0.0,0.42433307,sdxl
1.0,0.0,0.48638922,sdxl
1.0,1.0,0.5003775,sdxl
1.0,0.0,0.46669015,sdxl
1.0,1.0,0.55302835,sdxl
1.0,0.0,0.46284854,sdxl
1.0,0.0,0.49701563,sdxl
1.0,1.0,0.51269484,sdxl
1.0,0.0,0.491162,sdxl
1.0,0.0,0.4957403,sdxl
1.0,0.0,0.48845232,sdxl
1.0,0.0,0.4904867,sdxl
1.0,0.0,0.4561289,sdxl
1.0,0.0,0.4458404,sdxl
1.0,1.0,0.5018495,sdxl
1.0,0.0,0.48349026,sdxl
1.0,0.0,0.47345316,sdxl
1.0,0.0,0.499046,sdxl
1.0,1.0,0.5222357,sdxl
1.0,0.0,0.45817682,sdxl
1.0,0.0,0.49730045,sdxl
1.0,0.0,0.44406646,sdxl
1.0,0.0,0.46201923,sdxl
1.0,0.0,0.45297638,sdxl
1.0,0.0,0.46722436,sdxl
1.0,0.0,0.4664161,sdxl
1.0,0.0,0.44214413,sdxl
1.0,1.0,0.5072167,sdxl
1.0,1.0,0.51321054,sdxl
1.0,0.0,0.47585824,sdxl
1.0,0.0,0.48141724,sdxl
1.0,0.0,0.47372153,sdxl
1.0,0.0,0.485475,sdxl
1.0,0.0,0.4778035,sdxl
1.0,1.0,0.5067267,sdxl
1.0,0.0,0.45161083,sdxl
1.0,0.0,0.45666617,sdxl
1.0,0.0,0.4965708,sdxl
1.0,0.0,0.47086734,sdxl
1.0,0.0,0.46880573,sdxl
1.0,1.0,0.5255937,sdxl
1.0,1.0,0.5084571,sdxl
1.0,1.0,0.5271376,sdxl
1.0,0.0,0.43860644,sdxl
1.0,0.0,0.46068522,sdxl
1.0,0.0,0.4730682,sdxl
1.0,0.0,0.48767233,sdxl
1.0,0.0,0.48855507,sdxl
1.0,0.0,0.4878123,sdxl
1.0,0.0,0.46242046,sdxl
1.0,0.0,0.4530715,sdxl
1.0,0.0,0.4856963,sdxl
1.0,1.0,0.5150369,sdxl
1.0,0.0,0.4772063,sdxl
1.0,0.0,0.4911639,sdxl
1.0,0.0,0.46302882,sdxl
1.0,0.0,0.46052578,sdxl
1.0,0.0,0.47492808,sdxl
1.0,0.0,0.48679426,sdxl
1.0,1.0,0.55100834,sdxl
1.0,1.0,0.5036745,sdxl
1.0,0.0,0.4836903,sdxl
1.0,0.0,0.46820134,sdxl
1.0,0.0,0.48548454,sdxl
1.0,1.0,0.5607857,sdxl
1.0,0.0,0.48340505,sdxl
1.0,0.0,0.48560506,sdxl
1.0,0.0,0.48875925,sdxl
1.0,1.0,0.5335697,sdxl
1.0,0.0,0.43510032,sdxl
1.0,0.0,0.47332588,sdxl
1.0,1.0,0.50512844,sdxl
1.0,0.0,0.4539066,sdxl
1.0,0.0,0.4897413,sdxl
1.0,1.0,0.5269172,sdxl
1.0,0.0,0.49635777,sdxl
1.0,0.0,0.42127454,sdxl
1.0,0.0,0.4988627,sdxl
1.0,0.0,0.43883994,sdxl
1.0,0.0,0.45098084,sdxl
1.0,1.0,0.5239677,sdxl
1.0,0.0,0.4739492,sdxl
1.0,1.0,0.5170723,sdxl
1.0,0.0,0.496198,sdxl
1.0,1.0,0.5604797,sdxl
1.0,1.0,0.5493205,sdxl
1.0,0.0,0.46099296,sdxl
1.0,0.0,0.43634033,sdxl
1.0,1.0,0.52732295,sdxl
1.0,0.0,0.38730606,sdxl
1.0,0.0,0.44544578,sdxl
1.0,0.0,0.4818342,sdxl
1.0,0.0,0.48842803,sdxl
1.0,1.0,0.5009451,sdxl
1.0,0.0,0.44747138,sdxl
1.0,0.0,0.4838706,sdxl
1.0,0.0,0.4235998,sdxl
1.0,1.0,0.50849825,sdxl
1.0,0.0,0.4737713,sdxl
1.0,0.0,0.47532862,sdxl
1.0,1.0,0.51998675,sdxl
1.0,0.0,0.43953362,sdxl
1.0,0.0,0.4440952,sdxl
1.0,1.0,0.54390705,sdxl
1.0,1.0,0.5092755,sdxl
1.0,0.0,0.46726975,sdxl
1.0,0.0,0.4225803,sdxl
1.0,0.0,0.48184526,sdxl
1.0,0.0,0.48674843,sdxl
1.0,0.0,0.4906783,sdxl
1.0,1.0,0.5363886,sdxl
1.0,0.0,0.4710182,sdxl
1.0,1.0,0.5135383,sdxl
1.0,0.0,0.4418562,sdxl
1.0,0.0,0.4710437,sdxl
1.0,1.0,0.50905997,sdxl
1.0,1.0,0.51405144,sdxl
1.0,0.0,0.45910224,sdxl
1.0,0.0,0.45074773,sdxl
1.0,0.0,0.48668015,sdxl
1.0,0.0,0.49677345,sdxl
1.0,0.0,0.4611504,sdxl
1.0,1.0,0.50311816,sdxl
1.0,1.0,0.5041266,sdxl
1.0,0.0,0.47431993,sdxl
1.0,1.0,0.5227184,sdxl
1.0,0.0,0.47014713,sdxl
1.0,0.0,0.45520052,sdxl
1.0,1.0,0.5406396,sdxl
1.0,1.0,0.5100279,sdxl
1.0,0.0,0.43850446,sdxl
1.0,0.0,0.47159886,sdxl
1.0,1.0,0.58096576,sdxl
1.0,0.0,0.44551778,sdxl
1.0,0.0,0.440556,sdxl
1.0,0.0,0.476753,sdxl
1.0,0.0,0.4756264,sdxl
1.0,0.0,0.44647756,sdxl
1.0,0.0,0.44014794,sdxl
1.0,1.0,0.51296186,sdxl
1.0,0.0,0.4982966,sdxl
1.0,1.0,0.53473955,sdxl
1.0,0.0,0.47254598,sdxl
1.0,1.0,0.53168404,sdxl
1.0,0.0,0.4925903,sdxl
1.0,0.0,0.4855004,sdxl
1.0,1.0,0.5009788,sdxl
1.0,0.0,0.4884677,sdxl
1.0,0.0,0.46600577,sdxl
1.0,1.0,0.53080064,sdxl
1.0,0.0,0.48803505,sdxl
1.0,0.0,0.4776794,sdxl
1.0,0.0,0.4930917,sdxl
1.0,0.0,0.47650892,sdxl
1.0,0.0,0.44044888,sdxl
1.0,0.0,0.47719988,sdxl
1.0,0.0,0.48565003,sdxl
1.0,1.0,0.56850183,sdxl
1.0,1.0,0.52007365,sdxl
1.0,1.0,0.52339345,sdxl
1.0,0.0,0.456241,sdxl
1.0,1.0,0.5075749,sdxl
1.0,0.0,0.4497804,sdxl
1.0,1.0,0.53140163,sdxl
1.0,1.0,0.50680774,sdxl
1.0,0.0,0.46856403,sdxl
1.0,0.0,0.46203068,sdxl
1.0,1.0,0.50817716,sdxl
1.0,1.0,0.5342039,sdxl
1.0,0.0,0.48780584,sdxl
1.0,1.0,0.56529135,sdxl
1.0,1.0,0.5328146,sdxl
1.0,1.0,0.55294096,sdxl
1.0,0.0,0.44172338,sdxl
1.0,1.0,0.5161719,sdxl
1.0,0.0,0.4703977,sdxl
1.0,0.0,0.47147116,sdxl
1.0,1.0,0.51169246,sdxl
1.0,1.0,0.515559,sdxl
1.0,0.0,0.49549186,sdxl
1.0,0.0,0.4763575,sdxl
1.0,1.0,0.53445256,sdxl
1.0,0.0,0.487259,sdxl
1.0,0.0,0.44621637,sdxl
1.0,0.0,0.4980964,sdxl
1.0,0.0,0.49136594,sdxl
1.0,1.0,0.55582666,sdxl
1.0,0.0,0.4547796,sdxl
1.0,0.0,0.4949704,sdxl
1.0,0.0,0.48505124,sdxl
1.0,0.0,0.4240023,sdxl
1.0,0.0,0.49706075,sdxl
1.0,0.0,0.4807429,sdxl
1.0,1.0,0.5217853,sdxl
1.0,0.0,0.4619652,sdxl
1.0,0.0,0.4975096,sdxl
1.0,0.0,0.49701834,sdxl
1.0,0.0,0.46779874,sdxl
1.0,1.0,0.5118446,sdxl
1.0,0.0,0.47959447,sdxl
1.0,1.0,0.5238385,sdxl
1.0,0.0,0.46947503,sdxl
1.0,0.0,0.47915256,sdxl
1.0,0.0,0.4793831,sdxl
1.0,0.0,0.4667746,sdxl
1.0,0.0,0.4851574,sdxl
1.0,0.0,0.38634482,sdxl
1.0,0.0,0.41546175,sdxl
1.0,0.0,0.48876733,sdxl
1.0,1.0,0.51688355,sdxl
1.0,0.0,0.48701966,sdxl
1.0,1.0,0.52831596,sdxl
1.0,1.0,0.5115777,sdxl
1.0,0.0,0.47636345,sdxl
1.0,1.0,0.5133888,sdxl
1.0,0.0,0.4555089,sdxl
1.0,1.0,0.51384306,sdxl
1.0,0.0,0.48394948,sdxl
1.0,0.0,0.42641598,sdxl
1.0,1.0,0.50441766,sdxl
1.0,0.0,0.4297537,sdxl
1.0,1.0,0.52448577,sdxl
1.0,1.0,0.5341087,sdxl
1.0,1.0,0.5024835,sdxl
1.0,0.0,0.47136894,sdxl
1.0,0.0,0.4904826,sdxl
1.0,0.0,0.4744558,sdxl
1.0,0.0,0.45854622,sdxl
1.0,0.0,0.44765544,sdxl
1.0,1.0,0.54892963,sdxl
1.0,0.0,0.48208633,sdxl
1.0,1.0,0.551348,sdxl
1.0,0.0,0.49617282,sdxl
1.0,0.0,0.46013024,sdxl
1.0,1.0,0.5346357,sdxl
1.0,0.0,0.48752338,sdxl
1.0,1.0,0.5124522,sdxl
1.0,1.0,0.53553987,sdxl
1.0,0.0,0.48757762,sdxl
1.0,1.0,0.52686006,sdxl
1.0,0.0,0.4614548,sdxl
1.0,1.0,0.528404,sdxl
1.0,0.0,0.4696287,sdxl
1.0,0.0,0.4982281,sdxl
1.0,0.0,0.47600383,sdxl
1.0,0.0,0.45985496,sdxl
1.0,0.0,0.48594725,sdxl
1.0,0.0,0.44328377,sdxl
1.0,0.0,0.42704466,sdxl
1.0,1.0,0.50497526,sdxl
1.0,0.0,0.46627676,sdxl
1.0,0.0,0.46644643,sdxl
1.0,0.0,0.4587893,sdxl
1.0,0.0,0.4896857,sdxl
1.0,0.0,0.47736815,sdxl
1.0,0.0,0.4721803,sdxl
1.0,1.0,0.5012962,sdxl
1.0,0.0,0.43968293,sdxl
1.0,0.0,0.43945685,sdxl
1.0,1.0,0.53292835,sdxl
1.0,0.0,0.46294543,sdxl
1.0,0.0,0.4814874,sdxl
1.0,0.0,0.4895823,sdxl
1.0,0.0,0.47449422,sdxl
1.0,0.0,0.4561242,sdxl
1.0,0.0,0.45943847,sdxl
1.0,1.0,0.5006106,sdxl
1.0,1.0,0.54968494,sdxl
1.0,1.0,0.5391857,sdxl
1.0,0.0,0.4803926,sdxl
1.0,1.0,0.54000455,sdxl
1.0,1.0,0.50647134,sdxl
1.0,0.0,0.46873116,sdxl
1.0,0.0,0.46111217,sdxl
1.0,1.0,0.51215243,sdxl
1.0,0.0,0.44705877,sdxl
1.0,0.0,0.41131982,sdxl
1.0,0.0,0.42403445,sdxl
1.0,0.0,0.40947676,sdxl
1.0,0.0,0.49260998,sdxl
1.0,0.0,0.45007056,sdxl
1.0,0.0,0.45143837,sdxl
1.0,0.0,0.4978524,sdxl
1.0,1.0,0.5456626,sdxl
1.0,0.0,0.44454092,sdxl
1.0,0.0,0.4963879,sdxl
1.0,1.0,0.5049716,sdxl
1.0,0.0,0.49039233,sdxl
1.0,1.0,0.5172339,sdxl
1.0,0.0,0.45633662,sdxl
1.0,1.0,0.5261101,sdxl
1.0,1.0,0.5337697,sdxl
1.0,0.0,0.4571428,sdxl
1.0,0.0,0.4905496,sdxl
1.0,0.0,0.46907926,sdxl
1.0,0.0,0.463747,sdxl
1.0,0.0,0.4964288,sdxl
1.0,0.0,0.4871914,sdxl
1.0,1.0,0.50885165,sdxl
1.0,0.0,0.48464182,sdxl
1.0,1.0,0.5227123,sdxl
1.0,0.0,0.45008853,sdxl
1.0,1.0,0.5839739,sdxl
1.0,0.0,0.48395422,sdxl
1.0,0.0,0.44245768,sdxl
1.0,1.0,0.5356842,sdxl
1.0,1.0,0.52222276,sdxl
1.0,1.0,0.5625397,sdxl
1.0,1.0,0.59115577,sdxl
1.0,0.0,0.432895,sdxl
1.0,0.0,0.4138359,sdxl
1.0,1.0,0.53036577,sdxl
1.0,1.0,0.55662686,sdxl
1.0,1.0,0.5122324,sdxl
1.0,0.0,0.44108114,sdxl
1.0,1.0,0.54852694,sdxl
1.0,0.0,0.40058193,sdxl
1.0,1.0,0.5006001,sdxl
1.0,0.0,0.4412038,sdxl
1.0,1.0,0.5273691,sdxl
1.0,0.0,0.48396233,sdxl
1.0,1.0,0.55311394,sdxl
1.0,1.0,0.51571816,sdxl
1.0,1.0,0.5349041,sdxl
1.0,0.0,0.48736578,sdxl
1.0,0.0,0.4642234,sdxl
1.0,1.0,0.5873493,sdxl
1.0,0.0,0.4661973,sdxl
1.0,1.0,0.5451499,sdxl
1.0,1.0,0.50868684,sdxl
1.0,1.0,0.50589645,sdxl
1.0,1.0,0.5551388,sdxl
1.0,0.0,0.4643117,sdxl
1.0,0.0,0.46436268,sdxl
1.0,0.0,0.49940652,sdxl
1.0,0.0,0.46843687,sdxl
1.0,0.0,0.4714111,sdxl
1.0,0.0,0.44350463,sdxl
1.0,1.0,0.51526016,sdxl
1.0,1.0,0.5111245,sdxl
1.0,0.0,0.46619424,sdxl
1.0,1.0,0.5086923,sdxl
1.0,1.0,0.5036396,sdxl
1.0,0.0,0.46865404,sdxl
1.0,1.0,0.5117036,sdxl
1.0,0.0,0.44644848,sdxl
1.0,0.0,0.48664632,sdxl
1.0,0.0,0.46304655,sdxl
1.0,0.0,0.4608994,sdxl
1.0,0.0,0.4913128,sdxl
1.0,0.0,0.49005383,sdxl
1.0,1.0,0.5151671,sdxl
1.0,0.0,0.4568767,sdxl
1.0,0.0,0.4729918,sdxl
1.0,0.0,0.46033746,sdxl
1.0,0.0,0.472892,sdxl
1.0,1.0,0.5262708,sdxl
1.0,0.0,0.49330673,sdxl
1.0,1.0,0.5076147,sdxl
1.0,0.0,0.45391947,sdxl
1.0,1.0,0.5558825,sdxl
1.0,0.0,0.40278333,sdxl
1.0,1.0,0.50813615,sdxl
1.0,0.0,0.44682887,sdxl
1.0,0.0,0.484271,sdxl
1.0,1.0,0.53291297,sdxl
1.0,1.0,0.5045011,sdxl
1.0,0.0,0.45966986,sdxl
1.0,0.0,0.46386105,sdxl
1.0,0.0,0.4754804,sdxl
1.0,0.0,0.48929355,sdxl
1.0,0.0,0.48304847,sdxl
1.0,0.0,0.46999085,sdxl
1.0,0.0,0.43644422,sdxl
1.0,0.0,0.4912276,sdxl
1.0,0.0,0.4915431,sdxl
1.0,1.0,0.50823945,sdxl
1.0,0.0,0.4342102,sdxl
1.0,0.0,0.49979892,sdxl
1.0,1.0,0.51199996,sdxl
1.0,1.0,0.55952764,sdxl
1.0,0.0,0.4775728,sdxl
1.0,1.0,0.541017,sdxl
1.0,0.0,0.4880129,sdxl
1.0,1.0,0.50446343,sdxl
1.0,1.0,0.563913,sdxl
1.0,0.0,0.47016412,sdxl
1.0,0.0,0.44916147,sdxl
1.0,1.0,0.55911833,sdxl
1.0,0.0,0.43679482,sdxl
1.0,0.0,0.4743536,sdxl
1.0,1.0,0.51383907,sdxl
1.0,1.0,0.58594626,sdxl
1.0,0.0,0.4899412,sdxl
1.0,1.0,0.57050633,sdxl
1.0,1.0,0.5118735,sdxl
1.0,1.0,0.5676375,sdxl
1.0,0.0,0.46131423,sdxl
1.0,1.0,0.5373987,sdxl
1.0,0.0,0.4998552,sdxl
1.0,0.0,0.49581507,sdxl
1.0,0.0,0.49728447,sdxl
1.0,0.0,0.4575437,sdxl
1.0,0.0,0.49343,sdxl
1.0,1.0,0.5256465,sdxl
1.0,0.0,0.4709909,sdxl
1.0,1.0,0.514767,sdxl
1.0,1.0,0.5134262,sdxl
1.0,0.0,0.45585385,sdxl
1.0,0.0,0.49137208,sdxl
1.0,1.0,0.53620195,sdxl
1.0,1.0,0.51321024,sdxl
1.0,0.0,0.4815712,sdxl
1.0,0.0,0.4716391,sdxl
1.0,0.0,0.4777853,sdxl
1.0,0.0,0.43752837,sdxl
1.0,0.0,0.43783018,sdxl
1.0,1.0,0.51993865,sdxl
1.0,0.0,0.48670432,sdxl
1.0,0.0,0.4827937,sdxl
1.0,0.0,0.45339867,sdxl
1.0,0.0,0.45528352,sdxl
1.0,0.0,0.44731647,sdxl
1.0,0.0,0.45116916,sdxl
1.0,0.0,0.48898208,sdxl
1.0,0.0,0.45490953,sdxl
1.0,0.0,0.48685053,sdxl
1.0,0.0,0.4668606,sdxl
1.0,0.0,0.4550267,sdxl
1.0,0.0,0.47142705,sdxl
1.0,0.0,0.47422674,sdxl
1.0,0.0,0.49220094,sdxl
1.0,0.0,0.48959804,sdxl
1.0,0.0,0.4945171,sdxl
1.0,0.0,0.46029827,sdxl
1.0,1.0,0.552017,sdxl
1.0,1.0,0.54039633,sdxl
1.0,0.0,0.4545989,galip
1.0,0.0,0.44724187,galip
1.0,1.0,0.59753895,galip
1.0,1.0,0.52314764,galip
1.0,0.0,0.4893721,galip
1.0,1.0,0.5383228,galip
1.0,0.0,0.48379356,galip
1.0,0.0,0.4721853,galip
1.0,1.0,0.55405205,galip
1.0,1.0,0.5403621,galip
1.0,1.0,0.52149963,galip
1.0,0.0,0.4768435,galip
1.0,1.0,0.5415673,galip
1.0,1.0,0.5358847,galip
1.0,0.0,0.47758144,galip
1.0,0.0,0.47098002,galip
1.0,0.0,0.4940962,galip
1.0,1.0,0.5062595,galip
1.0,1.0,0.52959657,galip
1.0,1.0,0.51467556,galip
1.0,0.0,0.49790677,galip
1.0,0.0,0.4869783,galip
1.0,0.0,0.46838078,galip
1.0,1.0,0.5301544,galip
1.0,1.0,0.52930754,galip
1.0,0.0,0.49078608,galip
1.0,0.0,0.47823635,galip
1.0,0.0,0.48434737,galip
1.0,1.0,0.53829074,galip
1.0,0.0,0.49813953,galip
1.0,1.0,0.536919,galip
1.0,1.0,0.5183428,galip
1.0,1.0,0.54806525,galip
1.0,1.0,0.5059927,galip
1.0,0.0,0.46075344,galip
1.0,0.0,0.49797198,galip
1.0,1.0,0.5145072,galip
1.0,1.0,0.51145464,galip
1.0,1.0,0.5243886,galip
1.0,0.0,0.47301683,galip
1.0,1.0,0.5513107,galip
1.0,1.0,0.54034656,galip
1.0,1.0,0.5116359,galip
1.0,0.0,0.48012674,galip
1.0,0.0,0.47402477,galip
1.0,0.0,0.47175294,galip
1.0,1.0,0.56162703,galip
1.0,0.0,0.47665212,galip
1.0,1.0,0.5386913,galip
1.0,1.0,0.5165706,galip
1.0,0.0,0.49462578,galip
1.0,0.0,0.49428666,galip
1.0,0.0,0.4662152,galip
1.0,0.0,0.4824334,galip
1.0,1.0,0.5465898,galip
1.0,1.0,0.52258676,galip
1.0,0.0,0.48271835,galip
1.0,1.0,0.55817634,galip
1.0,1.0,0.50413,galip
1.0,1.0,0.5486078,galip
1.0,1.0,0.5399281,galip
1.0,1.0,0.52213603,galip
1.0,1.0,0.5515732,galip
1.0,1.0,0.5562822,galip
1.0,1.0,0.52535975,galip
1.0,0.0,0.48612562,galip
1.0,0.0,0.49559674,galip
1.0,1.0,0.5097903,galip
1.0,1.0,0.5059945,galip
1.0,1.0,0.51123184,galip
1.0,0.0,0.48629707,galip
1.0,0.0,0.47113815,galip
1.0,0.0,0.49199656,galip
1.0,1.0,0.5003946,galip
1.0,0.0,0.4784907,galip
1.0,1.0,0.5005028,galip
1.0,0.0,0.47336024,galip
1.0,0.0,0.47499144,galip
1.0,1.0,0.5370627,galip
1.0,1.0,0.52709097,galip
1.0,1.0,0.5045416,galip
1.0,0.0,0.49976552,galip
1.0,1.0,0.524675,galip
1.0,0.0,0.49426103,galip
1.0,1.0,0.55177057,galip
1.0,1.0,0.5236381,galip
1.0,0.0,0.49370122,galip
1.0,1.0,0.52009493,galip
1.0,1.0,0.5244192,galip
1.0,0.0,0.48987794,galip
1.0,1.0,0.5147975,galip
1.0,0.0,0.46407938,galip
1.0,1.0,0.524864,galip
1.0,0.0,0.4907235,galip
1.0,1.0,0.53299665,galip
1.0,1.0,0.5110213,galip
1.0,1.0,0.602431,galip
1.0,0.0,0.4990903,galip
1.0,0.0,0.47110242,galip
1.0,0.0,0.48556188,galip
1.0,1.0,0.5236459,galip
1.0,1.0,0.51758677,galip
1.0,1.0,0.53776526,galip
1.0,0.0,0.4858358,galip
1.0,0.0,0.47211802,galip
1.0,0.0,0.4679174,galip
1.0,1.0,0.5708306,galip
1.0,1.0,0.5557318,galip
1.0,1.0,0.5728454,galip
1.0,1.0,0.5472304,galip
1.0,1.0,0.59002906,galip
1.0,1.0,0.5409421,galip
1.0,1.0,0.5292609,galip
1.0,0.0,0.47618878,galip
1.0,1.0,0.54031056,galip
1.0,1.0,0.55171824,galip
1.0,1.0,0.5475143,galip
1.0,0.0,0.46862736,galip
1.0,1.0,0.5450714,galip
1.0,1.0,0.5422622,galip
1.0,1.0,0.51871395,galip
1.0,1.0,0.53610456,galip
1.0,0.0,0.47527838,galip
1.0,1.0,0.5753974,galip
1.0,1.0,0.5023546,galip
1.0,1.0,0.50117815,galip
1.0,1.0,0.50646335,galip
1.0,0.0,0.49412245,galip
1.0,1.0,0.51392514,galip
1.0,1.0,0.516738,galip
1.0,1.0,0.55267286,galip
1.0,1.0,0.57171583,galip
1.0,1.0,0.5245866,galip
1.0,0.0,0.49813753,galip
1.0,0.0,0.4650653,galip
1.0,1.0,0.5305295,galip
1.0,0.0,0.46663246,galip
1.0,1.0,0.51255536,galip
1.0,0.0,0.48647577,galip
1.0,0.0,0.43579313,galip
1.0,0.0,0.48358902,galip
1.0,0.0,0.4707854,galip
1.0,1.0,0.53150326,galip
1.0,0.0,0.4500563,galip
1.0,1.0,0.5201405,galip
1.0,1.0,0.53307056,galip
1.0,0.0,0.49268404,galip
1.0,1.0,0.52829355,galip
1.0,0.0,0.462119,galip
1.0,1.0,0.5655135,galip
1.0,1.0,0.55134374,galip
1.0,1.0,0.5466846,galip
1.0,1.0,0.5424039,galip
1.0,1.0,0.58819103,galip
1.0,0.0,0.48642454,galip
1.0,0.0,0.49867252,galip
1.0,0.0,0.4669778,galip
1.0,1.0,0.557366,galip
1.0,1.0,0.51815087,galip
1.0,1.0,0.535711,galip
1.0,1.0,0.504548,galip
1.0,1.0,0.5138251,galip
1.0,1.0,0.5400471,galip
1.0,0.0,0.48525953,galip
1.0,1.0,0.50656796,galip
1.0,0.0,0.4740488,galip
1.0,0.0,0.49774778,galip
1.0,0.0,0.46559808,galip
1.0,1.0,0.53843606,galip
1.0,0.0,0.49373552,galip
1.0,1.0,0.5436575,galip
1.0,1.0,0.51948595,galip
1.0,1.0,0.5321266,galip
1.0,0.0,0.4878878,galip
1.0,0.0,0.49860302,galip
1.0,0.0,0.4628239,galip
1.0,1.0,0.526146,galip
1.0,1.0,0.58098286,galip
1.0,0.0,0.48789558,galip
1.0,0.0,0.49853352,galip
1.0,0.0,0.4787951,galip
1.0,1.0,0.56114966,galip
1.0,0.0,0.48907247,galip
1.0,1.0,0.5473667,galip
1.0,1.0,0.50501996,galip
1.0,1.0,0.5600392,galip
1.0,1.0,0.5317435,galip
1.0,0.0,0.4811923,galip
1.0,1.0,0.5038051,galip
1.0,1.0,0.59132123,galip
1.0,1.0,0.54986167,galip
1.0,1.0,0.55304956,galip
1.0,0.0,0.49713227,galip
1.0,0.0,0.49847597,galip
1.0,1.0,0.5179518,galip
1.0,1.0,0.52352494,galip
1.0,1.0,0.5534124,galip
1.0,0.0,0.46774134,galip
1.0,1.0,0.52376723,galip
1.0,1.0,0.5445065,galip
1.0,1.0,0.5220121,galip
1.0,0.0,0.47600293,galip
1.0,1.0,0.52135825,galip
1.0,0.0,0.49997622,galip
1.0,1.0,0.5328484,galip
1.0,0.0,0.48264048,galip
1.0,1.0,0.5132568,galip
1.0,0.0,0.49640882,galip
1.0,0.0,0.49350676,galip
1.0,0.0,0.4937088,galip
1.0,1.0,0.5288405,galip
1.0,1.0,0.5125806,galip
1.0,0.0,0.4293079,galip
1.0,1.0,0.56504273,galip
1.0,0.0,0.44327673,galip
1.0,1.0,0.5050039,galip
1.0,1.0,0.511234,galip
1.0,1.0,0.52008337,galip
1.0,1.0,0.5512516,galip
1.0,0.0,0.48246092,galip
1.0,1.0,0.5703499,galip
1.0,1.0,0.5701133,galip
1.0,1.0,0.50547457,galip
1.0,0.0,0.46348175,galip
1.0,1.0,0.50048864,galip
1.0,1.0,0.57795304,galip
1.0,0.0,0.46227294,galip
1.0,1.0,0.5627725,galip
1.0,1.0,0.546164,galip
1.0,1.0,0.5086569,galip
1.0,1.0,0.5370934,galip
1.0,1.0,0.54767114,galip
1.0,0.0,0.48726812,galip
1.0,0.0,0.48228672,galip
1.0,0.0,0.4729231,galip
1.0,1.0,0.50688297,galip
1.0,1.0,0.52616477,galip
1.0,1.0,0.50142,galip
1.0,1.0,0.50047207,galip
1.0,0.0,0.4726289,galip
1.0,1.0,0.5446308,galip
1.0,0.0,0.46535033,galip
1.0,0.0,0.49500662,galip
1.0,1.0,0.51796776,galip
1.0,1.0,0.5181885,galip
1.0,1.0,0.52981937,galip
1.0,1.0,0.5084559,galip
1.0,1.0,0.5026457,galip
1.0,0.0,0.49787682,galip
1.0,0.0,0.48636192,galip
1.0,1.0,0.50094366,galip
1.0,1.0,0.5227658,galip
1.0,0.0,0.49286357,galip
1.0,1.0,0.55117893,galip
1.0,1.0,0.547293,galip
1.0,1.0,0.56261754,galip
1.0,0.0,0.47615883,galip
1.0,1.0,0.5431834,galip
1.0,0.0,0.4731899,galip
1.0,1.0,0.5744814,galip
1.0,1.0,0.53287035,galip
1.0,1.0,0.53643703,galip
1.0,0.0,0.48672727,galip
1.0,1.0,0.5535829,galip
1.0,1.0,0.5132437,galip
1.0,1.0,0.56654054,galip
1.0,1.0,0.5081466,galip
1.0,0.0,0.47940645,galip
1.0,0.0,0.47882512,galip
1.0,0.0,0.4978188,galip
1.0,1.0,0.50072026,galip
1.0,1.0,0.5420947,galip
1.0,0.0,0.47671962,galip
1.0,1.0,0.52119106,galip
1.0,1.0,0.54451704,galip
1.0,1.0,0.5448357,galip
1.0,0.0,0.49187168,galip
1.0,1.0,0.51955,galip
1.0,1.0,0.52272576,galip
1.0,1.0,0.5293267,galip
1.0,1.0,0.51623976,galip
1.0,1.0,0.5123744,galip
1.0,1.0,0.528564,galip
1.0,1.0,0.5488511,galip
1.0,1.0,0.5722568,galip
1.0,1.0,0.5586492,galip
1.0,1.0,0.5342249,galip
1.0,1.0,0.5292144,galip
1.0,1.0,0.54145586,galip
1.0,1.0,0.5410855,galip
1.0,1.0,0.52411264,galip
1.0,1.0,0.5268802,galip
1.0,1.0,0.54025584,galip
1.0,1.0,0.507868,galip
1.0,1.0,0.543618,galip
1.0,0.0,0.4774544,galip
1.0,0.0,0.47307107,galip
1.0,1.0,0.5056955,galip
1.0,0.0,0.49403408,galip
1.0,0.0,0.46809915,galip
1.0,1.0,0.52334666,galip
1.0,1.0,0.5074419,galip
1.0,0.0,0.48020974,galip
1.0,1.0,0.5030995,galip
1.0,0.0,0.46959728,galip
1.0,0.0,0.4766422,galip
1.0,0.0,0.4883858,galip
1.0,1.0,0.51681715,galip
1.0,1.0,0.5305269,galip
1.0,1.0,0.5233071,galip
1.0,0.0,0.4778223,galip
1.0,0.0,0.435056,galip
1.0,1.0,0.54379934,galip
1.0,0.0,0.49670875,galip
1.0,0.0,0.48184267,galip
1.0,1.0,0.51318127,galip
1.0,0.0,0.46505922,galip
1.0,0.0,0.49415132,galip
1.0,1.0,0.57123077,galip
1.0,0.0,0.46978912,galip
1.0,1.0,0.51192147,galip
1.0,0.0,0.47924972,galip
1.0,0.0,0.45655996,galip
1.0,0.0,0.4812909,galip
1.0,0.0,0.47117174,galip
1.0,1.0,0.5579932,galip
1.0,0.0,0.4609111,galip
1.0,1.0,0.56295574,galip
1.0,1.0,0.50878286,galip
1.0,0.0,0.4864606,galip
1.0,1.0,0.5129848,galip
1.0,1.0,0.50750273,galip
1.0,1.0,0.5188746,galip
1.0,1.0,0.561739,galip
1.0,1.0,0.52411544,galip
1.0,1.0,0.52424467,galip
1.0,1.0,0.50784624,galip
1.0,1.0,0.5352386,galip
1.0,1.0,0.54213846,galip
1.0,0.0,0.4807023,galip
1.0,1.0,0.5121569,galip
1.0,0.0,0.4659965,galip
1.0,0.0,0.46597785,galip
1.0,1.0,0.5473966,galip
1.0,0.0,0.49258673,galip
1.0,1.0,0.5113719,galip
1.0,1.0,0.5227931,galip
1.0,1.0,0.5452437,galip
1.0,0.0,0.46085712,galip
1.0,1.0,0.50373673,galip
1.0,1.0,0.50300825,galip
1.0,1.0,0.5512346,galip
1.0,1.0,0.5451957,galip
1.0,0.0,0.48951378,galip
1.0,0.0,0.48775354,galip
1.0,1.0,0.54751325,galip
1.0,1.0,0.53435695,galip
1.0,0.0,0.47421366,galip
1.0,0.0,0.49096233,galip
1.0,1.0,0.5054205,galip
1.0,1.0,0.5169868,galip
1.0,0.0,0.49813375,galip
1.0,1.0,0.53980184,galip
1.0,0.0,0.47639033,galip
1.0,0.0,0.46869105,galip
1.0,1.0,0.54558873,galip
1.0,1.0,0.5323867,galip
1.0,1.0,0.5517944,galip
1.0,1.0,0.5064833,galip
1.0,0.0,0.47424915,galip
1.0,1.0,0.5003238,galip
1.0,0.0,0.46770436,galip
1.0,0.0,0.48401204,galip
1.0,1.0,0.52267236,galip
1.0,1.0,0.5270548,galip
1.0,1.0,0.5145666,galip
1.0,1.0,0.54493725,galip
1.0,1.0,0.51880074,galip
1.0,1.0,0.5255206,galip
1.0,0.0,0.4870369,galip
1.0,1.0,0.5460461,galip
1.0,0.0,0.49634454,galip
1.0,1.0,0.5103461,galip
1.0,1.0,0.5319523,galip
1.0,0.0,0.47611773,galip
1.0,0.0,0.4732813,galip
1.0,0.0,0.48001415,galip
1.0,0.0,0.4858985,galip
1.0,0.0,0.49020272,galip
1.0,0.0,0.48184028,galip
1.0,1.0,0.5133723,galip
1.0,1.0,0.57378924,galip
1.0,1.0,0.5381702,galip
1.0,1.0,0.5078556,galip
1.0,0.0,0.45431006,galip
1.0,1.0,0.54967064,galip
1.0,1.0,0.54562604,galip
1.0,1.0,0.51151496,galip
1.0,1.0,0.5084612,galip
1.0,1.0,0.56305665,galip
1.0,1.0,0.5118579,galip
1.0,1.0,0.53505844,galip
1.0,0.0,0.4975793,galip
1.0,0.0,0.4883892,galip
1.0,1.0,0.5696432,galip
1.0,0.0,0.45515552,galip
1.0,0.0,0.46737853,galip
1.0,1.0,0.52882683,galip
1.0,0.0,0.43533236,galip
1.0,0.0,0.4766703,galip
1.0,1.0,0.5096865,galip
1.0,0.0,0.49277508,galip
1.0,1.0,0.5351173,galip
1.0,1.0,0.52176046,galip
1.0,0.0,0.49556535,galip
1.0,0.0,0.47149044,galip
1.0,1.0,0.5004386,galip
1.0,1.0,0.55690557,galip
1.0,0.0,0.4912647,galip
1.0,1.0,0.5183363,galip
1.0,1.0,0.5278774,galip
1.0,1.0,0.5066634,galip
1.0,1.0,0.55053324,galip
1.0,1.0,0.511217,galip
1.0,1.0,0.50654376,galip
1.0,1.0,0.5117573,galip
1.0,0.0,0.47970957,galip
1.0,1.0,0.5182843,galip
1.0,0.0,0.49945557,galip
1.0,1.0,0.5349674,galip
1.0,1.0,0.50795096,galip
1.0,0.0,0.4770179,galip
1.0,1.0,0.5131973,galip
1.0,1.0,0.54994833,galip
1.0,1.0,0.57535213,galip
1.0,0.0,0.49789533,galip
1.0,1.0,0.55057865,galip
1.0,0.0,0.48560652,galip
1.0,0.0,0.48205715,galip
1.0,0.0,0.46699047,galip
1.0,1.0,0.5431933,galip
1.0,0.0,0.4718097,galip
1.0,0.0,0.45723715,galip
1.0,1.0,0.5085815,galip
1.0,1.0,0.5302305,galip
1.0,0.0,0.4994521,galip
1.0,1.0,0.57084656,galip
1.0,0.0,0.48654816,galip
1.0,1.0,0.5103911,galip
1.0,0.0,0.46525753,galip
1.0,1.0,0.50601876,galip
1.0,1.0,0.5025426,galip
1.0,0.0,0.4550873,galip
1.0,1.0,0.52983487,galip
1.0,1.0,0.55614287,galip
1.0,0.0,0.48746818,galip
1.0,1.0,0.515877,galip
1.0,0.0,0.4976564,galip
1.0,1.0,0.50172615,galip
1.0,1.0,0.5135157,galip
1.0,1.0,0.516625,galip
1.0,1.0,0.55995446,galip
1.0,1.0,0.53958815,galip
1.0,1.0,0.51605,galip
1.0,0.0,0.48578352,galip
1.0,1.0,0.51000464,galip
1.0,0.0,0.48920467,galip
1.0,1.0,0.5296136,galip
1.0,1.0,0.5213688,galip
1.0,0.0,0.48860055,galip
1.0,1.0,0.5244403,galip
1.0,1.0,0.5952858,galip
1.0,1.0,0.56369066,galip
1.0,0.0,0.48987496,galip
1.0,0.0,0.46572697,galip
1.0,1.0,0.515162,galip
1.0,0.0,0.43558562,galip
1.0,1.0,0.5618516,galip
1.0,1.0,0.5422039,galip
1.0,0.0,0.49585694,galip
1.0,0.0,0.4935064,galip
1.0,1.0,0.5938166,galip
1.0,1.0,0.5410886,galip
1.0,0.0,0.4610915,galip
1.0,1.0,0.5175351,galip
1.0,0.0,0.4903289,galip
1.0,1.0,0.50960475,galip
1.0,1.0,0.50109315,galip
1.0,0.0,0.4818357,galip
1.0,0.0,0.4705686,galip
1.0,0.0,0.45904055,galip
1.0,1.0,0.5315044,galip
1.0,1.0,0.5495108,galip
1.0,0.0,0.48510846,galip
1.0,1.0,0.5880428,galip
1.0,0.0,0.4827812,galip
1.0,1.0,0.5000414,galip
1.0,1.0,0.51577014,galip
1.0,1.0,0.5102429,galip
1.0,0.0,0.48101395,galip
1.0,0.0,0.47585732,galip
1.0,0.0,0.4597212,galip
1.0,1.0,0.50524336,galip
1.0,1.0,0.52297026,galip
1.0,1.0,0.5187196,galip
1.0,0.0,0.46807253,galip
1.0,0.0,0.45825365,galip
1.0,0.0,0.49065253,galip
1.0,0.0,0.48760438,galip
1.0,0.0,0.4427384,galip
1.0,1.0,0.5114136,galip
1.0,0.0,0.4872223,galip
1.0,1.0,0.5045135,galip
1.0,0.0,0.472894,galip
1.0,0.0,0.49905485,galip
1.0,0.0,0.49712142,galip
1.0,1.0,0.52798134,galip
1.0,1.0,0.54524803,galip
1.0,0.0,0.4421433,galip
1.0,1.0,0.5288761,galip
1.0,0.0,0.49989256,galip
1.0,0.0,0.49071625,galip
1.0,0.0,0.4930795,galip
1.0,1.0,0.52007973,galip
1.0,1.0,0.5591209,galip
1.0,1.0,0.5222457,galip
1.0,1.0,0.5377993,galip
1.0,0.0,0.47860885,galip
1.0,1.0,0.5282911,galip
1.0,1.0,0.5157464,galip
1.0,1.0,0.5789981,galip
1.0,0.0,0.47022426,galip
1.0,1.0,0.52892125,galip
1.0,0.0,0.49510607,galip
1.0,0.0,0.4764126,galip
1.0,1.0,0.50044554,galip
1.0,1.0,0.51716596,galip
1.0,0.0,0.4602844,galip
1.0,0.0,0.46012703,galip
1.0,1.0,0.5322088,galip
1.0,0.0,0.47908545,galip
1.0,1.0,0.52327466,galip
1.0,1.0,0.51309717,galip
1.0,1.0,0.5672881,galip
1.0,1.0,0.58727074,galip
1.0,1.0,0.51080835,galip
1.0,0.0,0.48437154,galip
1.0,0.0,0.4779033,galip
1.0,1.0,0.5106662,galip
1.0,1.0,0.5067048,galip
1.0,1.0,0.50530916,galip
1.0,0.0,0.46233794,galip
1.0,0.0,0.4690656,galip
1.0,0.0,0.49113423,galip
1.0,1.0,0.50842154,galip
1.0,1.0,0.5412481,galip
1.0,1.0,0.55003667,galip
1.0,0.0,0.48179197,galip
1.0,0.0,0.45140943,galip
1.0,1.0,0.50178534,galip
1.0,0.0,0.4927579,galip
1.0,0.0,0.48496342,galip
1.0,1.0,0.5311771,galip
1.0,0.0,0.45870134,galip
1.0,1.0,0.51019806,galip
1.0,1.0,0.5120617,galip
1.0,1.0,0.5237607,galip
1.0,0.0,0.4874836,galip
1.0,1.0,0.5788449,galip
1.0,1.0,0.5017828,galip
1.0,1.0,0.5315018,galip
1.0,0.0,0.4675504,galip
1.0,0.0,0.45331085,galip
1.0,0.0,0.47888175,galip
1.0,1.0,0.56575716,galip
1.0,1.0,0.5188823,galip
1.0,0.0,0.49289468,galip
1.0,0.0,0.4840567,galip
1.0,1.0,0.53559065,galip
1.0,1.0,0.5595661,galip
1.0,0.0,0.49778694,galip
1.0,1.0,0.51318586,galip
1.0,1.0,0.52222973,galip
1.0,1.0,0.5124391,galip
1.0,1.0,0.5618953,galip
1.0,1.0,0.52145785,galip
1.0,0.0,0.49371797,galip
1.0,1.0,0.5233862,galip
1.0,0.0,0.4845309,galip
1.0,1.0,0.5899975,galip
1.0,1.0,0.54934627,galip
1.0,0.0,0.48939338,galip
1.0,1.0,0.50189865,galip
1.0,1.0,0.57249635,galip
1.0,1.0,0.56343275,galip
1.0,1.0,0.5285614,galip
1.0,0.0,0.4736552,galip
1.0,1.0,0.50155616,galip
1.0,1.0,0.5156524,galip
1.0,1.0,0.5347391,galip
1.0,1.0,0.5526422,galip
1.0,0.0,0.4855615,galip
1.0,1.0,0.5428315,galip
1.0,1.0,0.51277494,galip
1.0,0.0,0.4679027,galip
1.0,0.0,0.48538724,galip
1.0,0.0,0.49852484,galip
1.0,1.0,0.56643504,galip
1.0,1.0,0.5118975,galip
1.0,0.0,0.4881207,galip
1.0,0.0,0.490698,galip
1.0,1.0,0.5147029,galip
1.0,1.0,0.5275834,galip
1.0,1.0,0.5459516,galip
1.0,1.0,0.5007169,galip
1.0,1.0,0.5122153,galip
1.0,0.0,0.48277923,galip
1.0,1.0,0.5372748,galip
1.0,1.0,0.52948153,galip
1.0,1.0,0.60807276,galip
1.0,1.0,0.55688775,galip
1.0,1.0,0.53347534,galip
1.0,1.0,0.5146947,galip
1.0,0.0,0.48792967,galip
1.0,1.0,0.5004762,galip
1.0,1.0,0.54831713,galip
1.0,1.0,0.5366429,galip
1.0,0.0,0.4951118,galip
1.0,0.0,0.4925284,galip
1.0,0.0,0.49189454,galip
1.0,1.0,0.51018286,galip
1.0,1.0,0.5579694,galip
1.0,1.0,0.5474377,galip
1.0,0.0,0.4579609,galip
1.0,1.0,0.52033657,galip
1.0,1.0,0.51016355,galip
1.0,1.0,0.5165932,galip
1.0,1.0,0.51910716,galip
1.0,1.0,0.5250642,galip
1.0,1.0,0.50146043,galip
1.0,1.0,0.51226556,galip
1.0,1.0,0.5480098,galip
1.0,1.0,0.5318469,galip
1.0,1.0,0.5050209,galip
1.0,1.0,0.51844877,galip
1.0,1.0,0.50834244,galip
1.0,1.0,0.5090392,galip
1.0,1.0,0.579757,galip
1.0,1.0,0.52671957,galip
1.0,0.0,0.49292335,galip
1.0,0.0,0.47684947,galip
1.0,0.0,0.48779792,galip
1.0,0.0,0.47462684,galip
1.0,0.0,0.486697,galip
1.0,1.0,0.56025183,galip
1.0,1.0,0.53175175,galip
1.0,1.0,0.5197203,galip
1.0,0.0,0.454042,galip
1.0,1.0,0.5545361,galip
1.0,1.0,0.53326654,galip
1.0,1.0,0.5383232,galip
1.0,0.0,0.49141446,galip
1.0,0.0,0.46694198,galip
1.0,1.0,0.52569705,galip
1.0,1.0,0.55784607,galip
1.0,0.0,0.46527305,galip
1.0,1.0,0.54533297,galip
1.0,1.0,0.55659944,galip
1.0,0.0,0.49872398,galip
1.0,1.0,0.5490075,galip
1.0,1.0,0.5052998,galip
1.0,1.0,0.5642909,galip
1.0,1.0,0.53952247,galip
1.0,0.0,0.4804487,galip
1.0,1.0,0.51560485,galip
1.0,1.0,0.5136285,galip
1.0,1.0,0.5371004,galip
1.0,1.0,0.5436092,galip
1.0,1.0,0.56866074,galip
1.0,1.0,0.5328692,galip
1.0,0.0,0.4929453,galip
1.0,1.0,0.53924996,galip
1.0,1.0,0.5357551,galip
1.0,0.0,0.48344657,galip
1.0,1.0,0.5238127,galip
1.0,0.0,0.47037154,galip
1.0,1.0,0.5219999,galip
1.0,0.0,0.4633888,galip
1.0,0.0,0.4635519,galip
1.0,1.0,0.51257366,galip
1.0,1.0,0.563179,galip
1.0,1.0,0.51580644,galip
1.0,1.0,0.5224659,galip
1.0,1.0,0.52695364,galip
1.0,0.0,0.4885286,galip
1.0,0.0,0.4466376,galip
1.0,1.0,0.51499933,galip
1.0,1.0,0.51948494,galip
1.0,0.0,0.49567288,galip
1.0,1.0,0.5406443,galip
1.0,1.0,0.50909513,galip
1.0,0.0,0.48261648,galip
1.0,0.0,0.4905341,galip
1.0,0.0,0.482261,galip
1.0,0.0,0.49319616,galip
1.0,1.0,0.50178194,galip
1.0,1.0,0.55710536,galip
1.0,0.0,0.4787919,galip
1.0,1.0,0.52436495,galip
1.0,1.0,0.5713447,galip
1.0,1.0,0.5196273,galip
1.0,0.0,0.49274388,galip
1.0,0.0,0.4931615,galip
1.0,0.0,0.49593127,galip
1.0,0.0,0.46761864,galip
1.0,1.0,0.5178315,galip
1.0,1.0,0.51474303,galip
1.0,1.0,0.5415289,galip
1.0,1.0,0.55661803,galip
1.0,0.0,0.4890322,galip
1.0,1.0,0.61254567,galip
1.0,1.0,0.5192575,galip
1.0,1.0,0.5241591,galip
1.0,1.0,0.52149236,galip
1.0,1.0,0.6095031,galip
1.0,1.0,0.56897604,galip
1.0,1.0,0.5265368,galip
1.0,1.0,0.5035209,galip
1.0,1.0,0.5247744,galip
1.0,0.0,0.46678594,galip
1.0,0.0,0.4616118,galip
1.0,1.0,0.5721329,galip
1.0,1.0,0.55566984,galip
1.0,1.0,0.52263653,galip
1.0,1.0,0.5043532,galip
1.0,0.0,0.48430756,galip
1.0,1.0,0.5403717,galip
1.0,1.0,0.57242,galip
1.0,1.0,0.53883225,galip
1.0,1.0,0.52205807,galip
1.0,1.0,0.52139467,galip
1.0,1.0,0.5061774,galip
1.0,0.0,0.46567532,galip
1.0,0.0,0.4691719,galip
1.0,1.0,0.5524389,galip
1.0,1.0,0.5434746,galip
1.0,0.0,0.4915861,galip
1.0,0.0,0.4995455,galip
1.0,1.0,0.5081197,galip
1.0,1.0,0.5020353,galip
1.0,0.0,0.49029693,galip
1.0,0.0,0.49878612,galip
1.0,1.0,0.5660089,galip
1.0,1.0,0.52522814,galip
1.0,1.0,0.5095398,galip
1.0,1.0,0.508164,galip
1.0,1.0,0.5645101,galip
1.0,1.0,0.5173444,galip
1.0,0.0,0.4802535,galip
1.0,0.0,0.489934,galip
1.0,0.0,0.4686683,galip
1.0,1.0,0.58393985,galip
1.0,0.0,0.4823546,galip
1.0,1.0,0.52968365,galip
1.0,0.0,0.49656197,galip
1.0,0.0,0.49446777,galip
1.0,0.0,0.4830933,galip
1.0,1.0,0.517212,galip
1.0,0.0,0.4786003,galip
1.0,1.0,0.57449484,galip
1.0,1.0,0.50363654,galip
1.0,0.0,0.49356797,galip
1.0,0.0,0.4615395,galip
1.0,1.0,0.5262868,galip
1.0,1.0,0.55309504,galip
1.0,0.0,0.46724415,galip
1.0,0.0,0.49514887,galip
1.0,1.0,0.53484297,galip
1.0,0.0,0.4920225,galip
1.0,0.0,0.4740926,galip
1.0,1.0,0.52922076,galip
1.0,1.0,0.53057843,galip
1.0,1.0,0.5219752,galip
1.0,1.0,0.50182784,galip
1.0,1.0,0.5505963,galip
1.0,0.0,0.4680129,galip
1.0,1.0,0.50087476,galip
1.0,0.0,0.47004172,galip
1.0,1.0,0.5004126,galip
1.0,0.0,0.474898,galip
1.0,0.0,0.48110846,galip
1.0,0.0,0.4748853,galip
1.0,1.0,0.609603,galip
1.0,1.0,0.5467578,galip
1.0,1.0,0.50111717,galip
1.0,1.0,0.5533459,galip
1.0,1.0,0.53876126,galip
1.0,1.0,0.5085983,galip
1.0,1.0,0.5587168,galip
1.0,1.0,0.55711824,galip
1.0,1.0,0.52213454,galip
1.0,0.0,0.47359088,galip
1.0,1.0,0.5527823,galip
1.0,0.0,0.47399217,galip
1.0,0.0,0.45669478,galip
1.0,1.0,0.5424285,galip
1.0,1.0,0.53053343,galip
1.0,1.0,0.55124605,galip
1.0,0.0,0.49004757,galip
1.0,0.0,0.4770253,galip
1.0,1.0,0.51821905,galip
1.0,0.0,0.46015847,galip
1.0,1.0,0.52651966,galip
1.0,1.0,0.5014822,galip
1.0,1.0,0.5471289,galip
1.0,0.0,0.4948344,galip
1.0,1.0,0.5288615,galip
1.0,0.0,0.4752059,galip
1.0,0.0,0.44599143,galip
1.0,1.0,0.5511376,galip
1.0,1.0,0.5116225,galip
1.0,0.0,0.46356502,galip
1.0,1.0,0.5272252,galip
1.0,0.0,0.47148138,galip
1.0,1.0,0.50803655,galip
1.0,0.0,0.4904576,galip
1.0,0.0,0.45765743,galip
1.0,1.0,0.540101,galip
1.0,0.0,0.45118934,galip
1.0,0.0,0.47708893,galip
1.0,1.0,0.57970524,galip
1.0,0.0,0.48483783,galip
1.0,1.0,0.5094983,galip
1.0,1.0,0.54942054,galip
1.0,0.0,0.4871484,galip
1.0,1.0,0.5753376,galip
1.0,0.0,0.4984181,galip
1.0,0.0,0.48140097,galip
1.0,0.0,0.4813142,galip
1.0,1.0,0.52579623,galip
1.0,1.0,0.5116659,galip
1.0,1.0,0.5103289,galip
1.0,1.0,0.5324285,galip
1.0,1.0,0.5505446,galip
1.0,0.0,0.489391,galip
1.0,1.0,0.5344077,galip
1.0,1.0,0.5539316,galip
1.0,1.0,0.5186991,galip
1.0,0.0,0.48675776,galip
1.0,0.0,0.45747045,galip
1.0,1.0,0.51019204,galip
1.0,0.0,0.4904584,galip
1.0,1.0,0.5504355,galip
1.0,0.0,0.483126,galip
1.0,1.0,0.54498094,galip
1.0,1.0,0.55426717,galip
1.0,1.0,0.5698869,galip
1.0,0.0,0.4971262,galip
1.0,1.0,0.5656957,galip
1.0,1.0,0.54139197,galip
1.0,0.0,0.49169272,galip
1.0,1.0,0.5427699,galip
1.0,1.0,0.52076584,galip
1.0,1.0,0.50924253,galip
1.0,1.0,0.5515493,galip
1.0,1.0,0.5356127,galip
1.0,0.0,0.47404182,galip
1.0,0.0,0.4782343,galip
1.0,0.0,0.47419098,galip
1.0,1.0,0.5392857,galip
1.0,0.0,0.48079392,galip
1.0,1.0,0.50407577,galip
1.0,1.0,0.5012771,galip
1.0,1.0,0.5187523,galip
1.0,0.0,0.4724323,galip
1.0,1.0,0.5211407,galip
1.0,0.0,0.45295966,galip
1.0,0.0,0.49551967,galip
1.0,1.0,0.5436308,galip
1.0,1.0,0.5316552,galip
1.0,0.0,0.4969863,galip
1.0,1.0,0.51040804,galip
1.0,1.0,0.54317045,galip
1.0,0.0,0.49872178,galip
1.0,1.0,0.5166392,galip
1.0,1.0,0.5225775,galip
1.0,0.0,0.4830823,galip
1.0,0.0,0.4322299,galip
1.0,0.0,0.4765661,galip
1.0,1.0,0.5289457,galip
1.0,1.0,0.5816499,galip
1.0,0.0,0.48592383,galip
1.0,1.0,0.5595442,galip
1.0,0.0,0.45582116,galip
1.0,1.0,0.5170569,galip
1.0,1.0,0.5804337,galip
1.0,1.0,0.5425711,galip
1.0,0.0,0.4979341,galip
1.0,1.0,0.5100172,galip
1.0,1.0,0.5065513,galip
1.0,0.0,0.46825334,galip
1.0,1.0,0.5641065,galip
1.0,1.0,0.518222,galip
1.0,1.0,0.57450014,galip
1.0,1.0,0.540108,galip
1.0,0.0,0.4675627,galip
1.0,0.0,0.4942127,galip
1.0,1.0,0.5048017,galip
1.0,1.0,0.517191,galip
1.0,1.0,0.53103805,galip
1.0,1.0,0.54610616,galip
1.0,0.0,0.46431372,galip
1.0,0.0,0.45965087,galip
1.0,1.0,0.52744204,galip
1.0,1.0,0.52674,galip
1.0,1.0,0.5669005,galip
1.0,1.0,0.5426181,galip
1.0,1.0,0.507592,galip
1.0,0.0,0.46371654,galip
1.0,1.0,0.5292398,galip
1.0,1.0,0.54944235,galip
1.0,0.0,0.4862934,galip
1.0,1.0,0.5249828,galip
1.0,1.0,0.5455988,galip
1.0,0.0,0.4732616,galip
1.0,1.0,0.564076,galip
1.0,0.0,0.45469725,galip
1.0,1.0,0.55563086,galip
1.0,0.0,0.49692667,galip
1.0,1.0,0.5063186,galip
1.0,0.0,0.487371,galip
1.0,1.0,0.5143981,galip
1.0,1.0,0.5580352,galip
1.0,1.0,0.5259469,galip
1.0,1.0,0.58540934,galip
1.0,0.0,0.49916098,galip
1.0,0.0,0.46557647,galip
1.0,1.0,0.5316592,galip
1.0,1.0,0.51002073,galip
1.0,1.0,0.5459176,galip
1.0,0.0,0.46726486,galip
1.0,0.0,0.46150446,galip
1.0,0.0,0.49149543,galip
1.0,1.0,0.5488152,galip
1.0,1.0,0.5230499,galip
1.0,0.0,0.45390356,galip
1.0,1.0,0.5183318,galip
1.0,0.0,0.49045575,galip
1.0,1.0,0.5051389,galip
1.0,0.0,0.49890727,galip
1.0,1.0,0.5167423,galip
1.0,0.0,0.4821069,galip
1.0,1.0,0.51772135,galip
1.0,0.0,0.48192775,galip
1.0,1.0,0.5513428,galip
1.0,1.0,0.5054706,galip
1.0,1.0,0.5012799,galip
1.0,1.0,0.5384962,galip
1.0,1.0,0.59072846,galip
1.0,0.0,0.46731636,galip
1.0,1.0,0.5349401,galip
1.0,1.0,0.51671827,galip
1.0,0.0,0.4848886,galip
1.0,1.0,0.50982904,galip
1.0,1.0,0.54901505,galip
1.0,1.0,0.5776555,galip
1.0,0.0,0.49057534,galip
1.0,1.0,0.50702083,galip
1.0,1.0,0.5899941,galip
1.0,1.0,0.5127953,galip
1.0,1.0,0.58142954,galip
1.0,0.0,0.4994297,galip
1.0,0.0,0.46958998,galip
1.0,1.0,0.5196858,galip
1.0,1.0,0.5212108,galip
1.0,1.0,0.5287207,galip
1.0,1.0,0.5135029,galip
1.0,0.0,0.49271953,galip
1.0,1.0,0.5057807,galip
1.0,1.0,0.5200474,galip
1.0,1.0,0.5278203,galip
1.0,1.0,0.555326,galip
1.0,1.0,0.5887574,galip
1.0,1.0,0.5130691,galip
1.0,0.0,0.4914284,galip
1.0,1.0,0.5180089,galip
1.0,1.0,0.5259467,galip
1.0,0.0,0.49787095,galip
1.0,0.0,0.48157626,galip
1.0,1.0,0.5857676,galip
1.0,1.0,0.50830436,galip
1.0,1.0,0.5653481,galip
1.0,0.0,0.47240612,galip
1.0,0.0,0.49500167,galip
1.0,1.0,0.51407695,galip
1.0,0.0,0.49458706,galip
1.0,1.0,0.51449275,galip
1.0,0.0,0.45531124,galip
1.0,0.0,0.4802652,galip
1.0,0.0,0.4993781,galip
1.0,0.0,0.47295928,dalle3
1.0,1.0,0.5564792,dalle3
1.0,1.0,0.51279074,dalle3
1.0,1.0,0.5476298,dalle3
1.0,1.0,0.513756,dalle3
1.0,1.0,0.53114617,dalle3
1.0,1.0,0.51544005,dalle3
1.0,0.0,0.44900137,dalle3
1.0,0.0,0.47185457,dalle3
1.0,0.0,0.47840664,dalle3
1.0,1.0,0.56765306,dalle3
1.0,1.0,0.5241699,dalle3
1.0,0.0,0.46538445,dalle3
1.0,0.0,0.49391028,dalle3
1.0,0.0,0.4771958,dalle3
1.0,0.0,0.49275073,dalle3
1.0,0.0,0.44579655,dalle3
1.0,1.0,0.52535444,dalle3
1.0,1.0,0.5220319,dalle3
1.0,1.0,0.5260027,dalle3
1.0,1.0,0.5123474,dalle3
1.0,0.0,0.49216455,dalle3
1.0,0.0,0.44764063,dalle3
1.0,0.0,0.45592818,dalle3
1.0,1.0,0.52660024,dalle3
1.0,0.0,0.49019003,dalle3
1.0,0.0,0.45561618,dalle3
1.0,0.0,0.43563733,dalle3
1.0,0.0,0.46013787,dalle3
1.0,1.0,0.5000606,dalle3
1.0,0.0,0.4804004,dalle3
1.0,0.0,0.4076297,dalle3
1.0,0.0,0.47276947,dalle3
1.0,1.0,0.59431213,dalle3
1.0,1.0,0.5471161,dalle3
1.0,1.0,0.5204054,dalle3
1.0,0.0,0.49882787,dalle3
1.0,1.0,0.50438035,dalle3
1.0,1.0,0.5930339,dalle3
1.0,1.0,0.5083609,dalle3
1.0,1.0,0.55625534,dalle3
1.0,1.0,0.55060035,dalle3
1.0,1.0,0.5275444,dalle3
1.0,0.0,0.4790558,dalle3
1.0,1.0,0.53971475,dalle3
1.0,0.0,0.4889231,dalle3
1.0,1.0,0.5861794,dalle3
1.0,0.0,0.465564,dalle3
1.0,0.0,0.46983054,dalle3
1.0,0.0,0.45791316,dalle3
1.0,0.0,0.47363243,dalle3
1.0,0.0,0.462028,dalle3
1.0,1.0,0.5511376,dalle3
1.0,1.0,0.5111629,dalle3
1.0,0.0,0.49867234,dalle3
1.0,0.0,0.48009577,dalle3
1.0,1.0,0.53720117,dalle3
1.0,0.0,0.47180256,dalle3
1.0,1.0,0.52134377,dalle3
1.0,1.0,0.547457,dalle3
1.0,0.0,0.4746697,dalle3
1.0,0.0,0.45899203,dalle3
1.0,1.0,0.5211273,dalle3
1.0,0.0,0.46659365,dalle3
1.0,1.0,0.52186984,dalle3
1.0,1.0,0.50699437,dalle3
1.0,1.0,0.5051038,dalle3
1.0,0.0,0.4809575,dalle3
1.0,0.0,0.4981465,dalle3
1.0,0.0,0.46248907,dalle3
1.0,0.0,0.45234105,dalle3
1.0,1.0,0.51932496,dalle3
1.0,1.0,0.5076294,dalle3
1.0,0.0,0.49583167,dalle3
1.0,1.0,0.50933355,dalle3
1.0,0.0,0.4951819,dalle3
1.0,1.0,0.51523626,dalle3
1.0,1.0,0.54996145,dalle3
1.0,0.0,0.4702649,dalle3
1.0,1.0,0.54617524,dalle3
1.0,0.0,0.47268388,dalle3
1.0,0.0,0.48121515,dalle3
1.0,1.0,0.5026448,dalle3
1.0,0.0,0.47532877,dalle3
1.0,0.0,0.45769683,dalle3
1.0,0.0,0.44406095,dalle3
1.0,1.0,0.5214371,dalle3
1.0,0.0,0.48829624,dalle3
1.0,0.0,0.44204664,dalle3
1.0,0.0,0.4503202,dalle3
1.0,1.0,0.5073189,dalle3
1.0,1.0,0.5152681,dalle3
1.0,1.0,0.53771585,dalle3
1.0,1.0,0.50144684,dalle3
1.0,0.0,0.47315037,dalle3
1.0,0.0,0.49463522,dalle3
1.0,1.0,0.57141525,dalle3
1.0,1.0,0.5498246,dalle3
1.0,0.0,0.46156013,dalle3
1.0,0.0,0.45297873,dalle3
1.0,0.0,0.47881636,dalle3
1.0,0.0,0.48568445,dalle3
1.0,0.0,0.48949888,dalle3
1.0,0.0,0.47879544,dalle3
1.0,1.0,0.51524305,dalle3
1.0,0.0,0.4802898,dalle3
1.0,1.0,0.52348834,dalle3
1.0,1.0,0.5439109,dalle3
1.0,0.0,0.4996577,dalle3
1.0,0.0,0.44852296,dalle3
1.0,0.0,0.46801075,dalle3
1.0,0.0,0.48070675,dalle3
1.0,1.0,0.50947386,dalle3
1.0,1.0,0.50169045,dalle3
1.0,1.0,0.50533605,dalle3
1.0,0.0,0.48133743,dalle3
1.0,1.0,0.60011727,dalle3
1.0,0.0,0.4914745,dalle3
1.0,0.0,0.47369716,dalle3
1.0,0.0,0.49202004,dalle3
1.0,0.0,0.4954056,dalle3
1.0,0.0,0.4912328,dalle3
1.0,0.0,0.4659706,dalle3
1.0,1.0,0.5479453,dalle3
1.0,1.0,0.514023,dalle3
1.0,0.0,0.47001627,dalle3
1.0,1.0,0.5317494,dalle3
1.0,1.0,0.5204404,dalle3
1.0,0.0,0.477015,dalle3
1.0,1.0,0.5154095,dalle3
1.0,0.0,0.4494847,dalle3
1.0,0.0,0.45604756,dalle3
1.0,1.0,0.5406831,dalle3
1.0,1.0,0.5190596,dalle3
1.0,1.0,0.50281125,dalle3
1.0,0.0,0.4852592,dalle3
1.0,1.0,0.51840806,dalle3
1.0,1.0,0.54435986,dalle3
1.0,0.0,0.47751787,dalle3
1.0,1.0,0.5270685,dalle3
1.0,1.0,0.53833973,dalle3
1.0,0.0,0.47337082,dalle3
1.0,0.0,0.4825513,dalle3
1.0,0.0,0.45376965,dalle3
1.0,0.0,0.49123502,dalle3
1.0,0.0,0.48805878,dalle3
1.0,1.0,0.50914323,dalle3
1.0,1.0,0.50202376,dalle3
1.0,1.0,0.5020939,dalle3
1.0,1.0,0.50049484,dalle3
1.0,1.0,0.5376876,dalle3
1.0,0.0,0.48515785,dalle3
1.0,0.0,0.45564795,dalle3
1.0,0.0,0.44558933,dalle3
1.0,1.0,0.53166926,dalle3
1.0,0.0,0.47714338,dalle3
1.0,1.0,0.5181626,dalle3
1.0,1.0,0.5034743,dalle3
1.0,1.0,0.5410415,dalle3
1.0,0.0,0.49427816,dalle3
1.0,0.0,0.45696208,dalle3
1.0,0.0,0.4782249,dalle3
1.0,0.0,0.4390903,dalle3
1.0,1.0,0.50913423,dalle3
1.0,0.0,0.4874371,dalle3
1.0,1.0,0.55001813,dalle3
1.0,0.0,0.4315631,dalle3
1.0,1.0,0.5225,dalle3
1.0,0.0,0.49695545,dalle3
1.0,0.0,0.49140316,dalle3
1.0,1.0,0.5407909,dalle3
1.0,0.0,0.463287,dalle3
1.0,0.0,0.4930146,dalle3
1.0,1.0,0.5115908,dalle3
1.0,0.0,0.4631185,dalle3
1.0,1.0,0.50958556,dalle3
1.0,0.0,0.45104465,dalle3
1.0,1.0,0.5005801,dalle3
1.0,0.0,0.4563752,dalle3
1.0,0.0,0.49765867,dalle3
1.0,1.0,0.5210244,dalle3
1.0,0.0,0.49191415,dalle3
1.0,1.0,0.50454926,dalle3
1.0,0.0,0.45365533,dalle3
1.0,0.0,0.44193366,dalle3
1.0,0.0,0.4158552,dalle3
1.0,0.0,0.49605915,dalle3
1.0,1.0,0.5027513,dalle3
1.0,0.0,0.4940732,dalle3
1.0,1.0,0.5341363,dalle3
1.0,0.0,0.49515167,dalle3
1.0,0.0,0.4981067,dalle3
1.0,0.0,0.46830663,dalle3
1.0,0.0,0.47435823,dalle3
1.0,0.0,0.46814552,dalle3
1.0,1.0,0.5422032,dalle3
1.0,0.0,0.46305183,dalle3
1.0,0.0,0.45910385,dalle3
1.0,0.0,0.48486188,dalle3
1.0,1.0,0.5348117,dalle3
1.0,1.0,0.5336012,dalle3
1.0,0.0,0.49318528,dalle3
1.0,1.0,0.53450644,dalle3
1.0,1.0,0.51791734,dalle3
1.0,0.0,0.48475087,dalle3
1.0,0.0,0.44708782,dalle3
1.0,1.0,0.5154515,dalle3
1.0,1.0,0.51502717,dalle3
1.0,0.0,0.4995706,dalle3
1.0,1.0,0.5155599,dalle3
1.0,1.0,0.5154671,dalle3
1.0,0.0,0.49852452,dalle3
1.0,1.0,0.5031891,dalle3
1.0,0.0,0.47423124,dalle3
1.0,1.0,0.56039643,dalle3
1.0,0.0,0.47557917,dalle3
1.0,0.0,0.46693403,dalle3
1.0,0.0,0.48083064,dalle3
1.0,0.0,0.4870355,dalle3
1.0,0.0,0.47892243,dalle3
1.0,0.0,0.4562721,dalle3
1.0,1.0,0.56335694,dalle3
1.0,0.0,0.44847977,dalle3
1.0,0.0,0.49393937,dalle3
1.0,0.0,0.48508254,dalle3
1.0,0.0,0.48592472,dalle3
1.0,1.0,0.53224236,dalle3
1.0,0.0,0.4753441,dalle3
1.0,1.0,0.52240306,dalle3
1.0,0.0,0.4588686,dalle3
1.0,0.0,0.4544693,dalle3
1.0,0.0,0.41869345,dalle3
1.0,0.0,0.4796355,dalle3
1.0,1.0,0.5820449,dalle3
1.0,1.0,0.5023919,dalle3
1.0,0.0,0.46999648,dalle3
1.0,0.0,0.47288525,dalle3
1.0,0.0,0.48115602,dalle3
1.0,0.0,0.4872145,dalle3
1.0,0.0,0.4735105,dalle3
1.0,0.0,0.47686303,dalle3
1.0,0.0,0.4604799,dalle3
1.0,1.0,0.50775695,dalle3
1.0,0.0,0.47503796,dalle3
1.0,1.0,0.55520576,dalle3
1.0,0.0,0.41814002,dalle3
1.0,0.0,0.4582915,dalle3
1.0,1.0,0.52496934,dalle3
1.0,1.0,0.5615631,dalle3
1.0,0.0,0.48418525,dalle3
1.0,0.0,0.49414474,dalle3
1.0,1.0,0.5192384,dalle3
1.0,1.0,0.5518746,dalle3
1.0,1.0,0.5029854,dalle3
1.0,1.0,0.5422307,dalle3
1.0,0.0,0.4623077,dalle3
1.0,0.0,0.4840746,dalle3
1.0,1.0,0.5522132,dalle3
1.0,0.0,0.4854059,dalle3
1.0,1.0,0.51888233,dalle3
1.0,1.0,0.5311094,dalle3
1.0,0.0,0.4555199,dalle3
1.0,0.0,0.46902055,dalle3
1.0,0.0,0.47538525,dalle3
1.0,1.0,0.5129759,dalle3
1.0,0.0,0.4964476,dalle3
1.0,1.0,0.52002203,dalle3
1.0,0.0,0.48341802,dalle3
1.0,0.0,0.4886507,dalle3
1.0,0.0,0.4836266,dalle3
1.0,1.0,0.5026941,dalle3
1.0,1.0,0.55774057,dalle3
1.0,1.0,0.55000216,dalle3
1.0,1.0,0.5348503,dalle3
1.0,0.0,0.48391387,dalle3
1.0,0.0,0.49183506,dalle3
1.0,0.0,0.4804365,dalle3
1.0,0.0,0.4826408,dalle3
1.0,0.0,0.45304164,dalle3
1.0,0.0,0.4953127,dalle3
1.0,0.0,0.44750106,dalle3
1.0,1.0,0.5007159,dalle3
1.0,0.0,0.44776106,dalle3
1.0,0.0,0.44359812,dalle3
1.0,1.0,0.5261923,dalle3
1.0,0.0,0.4741283,dalle3
1.0,0.0,0.4279872,dalle3
1.0,0.0,0.49732348,dalle3
1.0,1.0,0.5303087,dalle3
1.0,1.0,0.5065049,dalle3
1.0,0.0,0.4973002,dalle3
1.0,1.0,0.5433745,dalle3
1.0,1.0,0.5031023,dalle3
1.0,1.0,0.5404686,dalle3
1.0,1.0,0.5746965,dalle3
1.0,1.0,0.5196318,dalle3
1.0,0.0,0.440923,dalle3
1.0,0.0,0.49127126,dalle3
1.0,0.0,0.46768263,dalle3
1.0,0.0,0.4949765,dalle3
1.0,1.0,0.5382814,dalle3
1.0,1.0,0.50364524,dalle3
1.0,0.0,0.43891773,dalle3
1.0,0.0,0.49941668,dalle3
1.0,0.0,0.44737342,dalle3
1.0,0.0,0.43419045,dalle3
1.0,0.0,0.4433215,dalle3
1.0,1.0,0.5182522,dalle3
1.0,1.0,0.5182194,dalle3
1.0,0.0,0.45624092,dalle3
1.0,1.0,0.5302081,dalle3
1.0,1.0,0.54030335,dalle3
1.0,0.0,0.48052195,dalle3
1.0,1.0,0.54819965,dalle3
1.0,0.0,0.4809676,dalle3
1.0,1.0,0.51641196,dalle3
1.0,0.0,0.4845345,dalle3
1.0,1.0,0.5620792,dalle3
1.0,0.0,0.47851706,dalle3
1.0,0.0,0.49920008,dalle3
1.0,0.0,0.4711241,dalle3
1.0,0.0,0.49772313,dalle3
1.0,0.0,0.49054134,dalle3
1.0,1.0,0.5344451,dalle3
1.0,0.0,0.46395925,dalle3
1.0,1.0,0.5432579,dalle3
1.0,1.0,0.5188631,dalle3
1.0,0.0,0.48956007,dalle3
1.0,0.0,0.47172412,dalle3
1.0,1.0,0.511271,dalle3
1.0,1.0,0.5740299,dalle3
1.0,0.0,0.47781482,dalle3
1.0,0.0,0.49291974,dalle3
1.0,1.0,0.5476944,dalle3
1.0,0.0,0.48150745,dalle3
1.0,1.0,0.5095244,dalle3
1.0,0.0,0.49122012,dalle3
1.0,0.0,0.49816698,dalle3
1.0,1.0,0.56251657,dalle3
1.0,1.0,0.50112426,dalle3
1.0,0.0,0.46585748,dalle3
1.0,1.0,0.5009889,dalle3
1.0,0.0,0.46969673,dalle3
1.0,1.0,0.52707857,dalle3
1.0,1.0,0.508611,dalle3
1.0,0.0,0.48827463,dalle3
1.0,0.0,0.49170494,dalle3
1.0,0.0,0.49423856,dalle3
1.0,1.0,0.5182173,dalle3
1.0,0.0,0.45623273,dalle3
1.0,1.0,0.5123539,dalle3
1.0,0.0,0.48712566,dalle3
1.0,0.0,0.4420038,dalle3
1.0,1.0,0.5086631,dalle3
1.0,0.0,0.46721995,dalle3
1.0,0.0,0.4788765,dalle3
1.0,1.0,0.512977,dalle3
1.0,0.0,0.4387205,dalle3
1.0,1.0,0.5564263,dalle3
1.0,0.0,0.47912714,dalle3
1.0,0.0,0.45811692,dalle3
1.0,0.0,0.4992204,dalle3
1.0,1.0,0.5015283,dalle3
1.0,0.0,0.42051703,dalle3
1.0,0.0,0.49725533,dalle3
1.0,0.0,0.43993673,dalle3
1.0,1.0,0.56777906,dalle3
1.0,0.0,0.49169156,dalle3
1.0,0.0,0.48019946,dalle3
1.0,0.0,0.47959912,dalle3
1.0,1.0,0.50829387,dalle3
1.0,0.0,0.46951222,dalle3
1.0,0.0,0.47601518,dalle3
1.0,0.0,0.42249066,dalle3
1.0,1.0,0.5008632,dalle3
1.0,0.0,0.46563825,dalle3
1.0,0.0,0.46733937,dalle3
1.0,1.0,0.5274423,dalle3
1.0,1.0,0.59952706,dalle3
1.0,1.0,0.53898674,dalle3
1.0,0.0,0.49398097,dalle3
1.0,0.0,0.4819225,dalle3
1.0,0.0,0.4580809,dalle3
1.0,0.0,0.44343534,dalle3
1.0,0.0,0.46258128,dalle3
1.0,1.0,0.55044055,dalle3
1.0,1.0,0.5018865,dalle3
1.0,1.0,0.51376724,dalle3
1.0,1.0,0.5119734,dalle3
1.0,0.0,0.4677401,dalle3
1.0,0.0,0.48173612,dalle3
1.0,1.0,0.5119685,dalle3
1.0,1.0,0.5430837,dalle3
1.0,1.0,0.5258379,dalle3
1.0,0.0,0.47467518,dalle3
1.0,0.0,0.4884654,dalle3
1.0,1.0,0.543208,dalle3
1.0,1.0,0.5123013,dalle3
1.0,0.0,0.4124522,dalle3
1.0,0.0,0.4974496,dalle3
1.0,1.0,0.50271124,dalle3
1.0,0.0,0.45768484,dalle3
1.0,0.0,0.46843973,dalle3
1.0,1.0,0.51725155,dalle3
1.0,1.0,0.55293095,dalle3
1.0,1.0,0.5402403,dalle3
1.0,1.0,0.53677833,dalle3
1.0,0.0,0.4875286,dalle3
1.0,1.0,0.5797762,dalle3
1.0,1.0,0.5064866,dalle3
1.0,1.0,0.5349601,dalle3
1.0,0.0,0.4920561,dalle3
1.0,0.0,0.49995828,dalle3
1.0,0.0,0.4612099,dalle3
1.0,1.0,0.5180765,dalle3
1.0,0.0,0.47701895,dalle3
1.0,1.0,0.52689433,dalle3
1.0,1.0,0.53042674,dalle3
1.0,0.0,0.45142388,dalle3
1.0,0.0,0.4516584,dalle3
1.0,0.0,0.47248414,dalle3
1.0,0.0,0.47021866,dalle3
1.0,0.0,0.4818177,dalle3
1.0,0.0,0.46381766,dalle3
1.0,1.0,0.59501845,dalle3
1.0,0.0,0.490555,dalle3
1.0,0.0,0.47778338,dalle3
1.0,1.0,0.5355884,dalle3
1.0,1.0,0.5549084,dalle3
1.0,1.0,0.5950238,dalle3
1.0,1.0,0.506695,dalle3
1.0,1.0,0.5488255,dalle3
1.0,1.0,0.51416856,dalle3
1.0,0.0,0.47881588,dalle3
1.0,0.0,0.44139975,dalle3
1.0,0.0,0.48419607,dalle3
1.0,0.0,0.49605662,dalle3
1.0,0.0,0.49052906,dalle3
1.0,1.0,0.500205,dalle3
1.0,1.0,0.5183424,dalle3
1.0,1.0,0.53670543,dalle3
1.0,0.0,0.4739426,dalle3
1.0,1.0,0.50591326,dalle3
1.0,0.0,0.4639485,dalle3
1.0,1.0,0.552725,dalle3
1.0,1.0,0.54919297,dalle3
1.0,1.0,0.510421,dalle3
1.0,0.0,0.43963903,dalle3
1.0,1.0,0.56794304,dalle3
1.0,1.0,0.5064588,dalle3
1.0,0.0,0.48056698,dalle3
1.0,0.0,0.47014657,dalle3
1.0,1.0,0.51082015,dalle3
1.0,0.0,0.45437187,dalle3
1.0,0.0,0.46682364,dalle3
1.0,0.0,0.4832848,dalle3
1.0,0.0,0.48814183,dalle3
1.0,0.0,0.45395514,dalle3
1.0,0.0,0.47754374,dalle3
1.0,0.0,0.4918297,dalle3
1.0,1.0,0.5592903,dalle3
1.0,0.0,0.46035808,dalle3
1.0,0.0,0.4850166,dalle3
1.0,0.0,0.49161744,dalle3
1.0,1.0,0.50925666,dalle3
1.0,0.0,0.47081518,dalle3
1.0,0.0,0.47596386,dalle3
1.0,0.0,0.4958764,dalle3
1.0,0.0,0.44074714,dalle3
1.0,0.0,0.48857397,dalle3
1.0,1.0,0.5098235,dalle3
1.0,0.0,0.49801776,dalle3
1.0,0.0,0.47681272,dalle3
1.0,0.0,0.48863426,dalle3
1.0,0.0,0.48063406,dalle3
1.0,1.0,0.51720303,dalle3
1.0,0.0,0.44150788,dalle3
1.0,0.0,0.4388673,dalle3
1.0,1.0,0.54304236,dalle3
1.0,1.0,0.5035608,dalle3
1.0,0.0,0.4645761,dalle3
1.0,1.0,0.5318396,dalle3
1.0,0.0,0.49011394,dalle3
1.0,1.0,0.51500934,dalle3
1.0,0.0,0.45096862,dalle3
1.0,1.0,0.55315214,dalle3
1.0,0.0,0.46469954,dalle3
1.0,0.0,0.44909972,dalle3
1.0,0.0,0.4922683,dalle3
1.0,1.0,0.55437696,dalle3
1.0,0.0,0.45660162,dalle3
1.0,0.0,0.46827996,dalle3
1.0,0.0,0.45009395,dalle3
1.0,0.0,0.49102423,dalle3
1.0,0.0,0.38645405,dalle3
1.0,1.0,0.51789033,dalle3
1.0,0.0,0.4657876,dalle3
1.0,0.0,0.4740153,dalle3
1.0,0.0,0.47973529,dalle3
1.0,1.0,0.5382286,dalle3
1.0,1.0,0.515184,dalle3
1.0,0.0,0.48849556,dalle3
1.0,1.0,0.5300158,dalle3
1.0,0.0,0.49431264,dalle3
1.0,1.0,0.5499204,dalle3
1.0,0.0,0.48534355,dalle3
1.0,0.0,0.49609333,dalle3
1.0,0.0,0.48025906,dalle3
1.0,0.0,0.43759635,dalle3
1.0,1.0,0.51469535,dalle3
1.0,0.0,0.47954255,dalle3
1.0,0.0,0.4676133,dalle3
1.0,0.0,0.44887283,dalle3
1.0,0.0,0.4690694,dalle3
1.0,0.0,0.45921913,dalle3
1.0,1.0,0.52799684,dalle3
1.0,0.0,0.46271038,dalle3
1.0,0.0,0.49282402,dalle3
1.0,0.0,0.4725524,dalle3
1.0,0.0,0.4573897,dalle3
1.0,0.0,0.4851657,dalle3
1.0,1.0,0.55831754,dalle3
1.0,0.0,0.48774555,dalle3
1.0,0.0,0.4741788,dalle3
1.0,0.0,0.4821885,dalle3
1.0,0.0,0.4828417,dalle3
1.0,0.0,0.4911829,dalle3
1.0,1.0,0.5114575,dalle3
1.0,1.0,0.5012198,dalle3
1.0,0.0,0.47597325,dalle3
1.0,1.0,0.5007719,dalle3
1.0,1.0,0.5757848,dalle3
1.0,1.0,0.5006448,dalle3
1.0,0.0,0.46848008,dalle3
1.0,0.0,0.4912747,dalle3
1.0,1.0,0.5504765,dalle3
1.0,0.0,0.49170688,dalle3
1.0,0.0,0.47610164,dalle3
1.0,0.0,0.4627461,dalle3
1.0,0.0,0.4880323,dalle3
1.0,0.0,0.47749525,dalle3
1.0,0.0,0.43702212,dalle3
1.0,0.0,0.46457016,dalle3
1.0,1.0,0.50191146,dalle3
1.0,0.0,0.45765135,dalle3
1.0,1.0,0.51200944,dalle3
1.0,1.0,0.5430185,dalle3
1.0,1.0,0.55272955,dalle3
1.0,1.0,0.506137,dalle3
1.0,1.0,0.50306594,dalle3
1.0,0.0,0.47853312,dalle3
1.0,1.0,0.5559024,dalle3
1.0,0.0,0.4946252,dalle3
1.0,1.0,0.51999176,dalle3
1.0,0.0,0.4969954,dalle3
1.0,0.0,0.4667128,dalle3
1.0,1.0,0.5026961,dalle3
1.0,0.0,0.48335725,dalle3
1.0,0.0,0.48830503,dalle3
1.0,1.0,0.5017354,dalle3
1.0,1.0,0.530853,dalle3
1.0,1.0,0.54742825,dalle3
1.0,0.0,0.46934983,dalle3
1.0,1.0,0.55843365,dalle3
1.0,1.0,0.5097318,dalle3
1.0,0.0,0.4631414,dalle3
1.0,0.0,0.4691144,dalle3
1.0,0.0,0.43899995,dalle3
1.0,0.0,0.49897143,dalle3
1.0,1.0,0.50595576,dalle3
1.0,1.0,0.51723313,dalle3
1.0,1.0,0.5441502,dalle3
1.0,0.0,0.47842455,dalle3
1.0,1.0,0.50114876,dalle3
1.0,1.0,0.54428595,dalle3
1.0,0.0,0.44901204,dalle3
1.0,0.0,0.4872573,dalle3
1.0,1.0,0.5071816,dalle3
1.0,0.0,0.4454259,dalle3
1.0,0.0,0.47021988,dalle3
1.0,1.0,0.59757155,dalle3
1.0,0.0,0.43590328,dalle3
1.0,0.0,0.45019636,dalle3
1.0,1.0,0.5254611,dalle3
1.0,1.0,0.5292991,dalle3
1.0,1.0,0.5177769,dalle3
1.0,1.0,0.53837746,dalle3
1.0,0.0,0.46399036,dalle3
1.0,0.0,0.49055073,dalle3
1.0,1.0,0.56224877,dalle3
1.0,1.0,0.5668133,dalle3
1.0,1.0,0.5364974,dalle3
1.0,0.0,0.49067572,dalle3
1.0,0.0,0.47739133,dalle3
1.0,0.0,0.44251582,dalle3
1.0,0.0,0.48051775,dalle3
1.0,0.0,0.45413208,dalle3
1.0,0.0,0.47174123,dalle3
1.0,1.0,0.5168197,dalle3
1.0,1.0,0.5762552,dalle3
1.0,0.0,0.48714948,dalle3
1.0,0.0,0.49835396,dalle3
1.0,1.0,0.5282971,dalle3
1.0,0.0,0.45143807,dalle3
1.0,0.0,0.4795677,dalle3
1.0,1.0,0.50649244,dalle3
1.0,0.0,0.4633863,dalle3
1.0,1.0,0.50128317,dalle3
1.0,1.0,0.53707564,dalle3
1.0,1.0,0.5435644,dalle3
1.0,1.0,0.540094,dalle3
1.0,1.0,0.51552343,dalle3
1.0,1.0,0.52281225,dalle3
1.0,1.0,0.5612396,dalle3
1.0,0.0,0.49649414,dalle3
1.0,0.0,0.49750683,dalle3
1.0,1.0,0.5179001,dalle3
1.0,1.0,0.5450461,dalle3
1.0,1.0,0.52884245,dalle3
1.0,1.0,0.51247466,dalle3
1.0,0.0,0.49113998,dalle3
1.0,0.0,0.47537172,dalle3
1.0,1.0,0.51630515,dalle3
1.0,0.0,0.493292,dalle3
1.0,1.0,0.591216,dalle3
1.0,0.0,0.48994815,dalle3
1.0,0.0,0.49089378,dalle3
1.0,1.0,0.579598,dalle3
1.0,1.0,0.50216174,dalle3
1.0,1.0,0.50351495,dalle3
1.0,0.0,0.49324906,dalle3
1.0,0.0,0.4951504,dalle3
1.0,1.0,0.5394019,dalle3
1.0,1.0,0.5584069,dalle3
1.0,0.0,0.48480803,dalle3
1.0,1.0,0.5388695,dalle3
1.0,1.0,0.5125966,dalle3
1.0,0.0,0.47375718,dalle3
1.0,1.0,0.5528494,dalle3
1.0,0.0,0.47231254,dalle3
1.0,1.0,0.5480024,dalle3
1.0,1.0,0.5020142,dalle3
1.0,0.0,0.4994896,dalle3
1.0,0.0,0.49291217,dalle3
1.0,0.0,0.47022468,dalle3
1.0,0.0,0.47612816,dalle3
1.0,1.0,0.61239505,dalle3
1.0,1.0,0.5268516,dalle3
1.0,0.0,0.47363383,dalle3
1.0,0.0,0.43592167,dalle3
1.0,0.0,0.44874993,dalle3
1.0,1.0,0.56865174,dalle3
1.0,1.0,0.5194128,dalle3
1.0,0.0,0.48975682,dalle3
1.0,1.0,0.51771617,dalle3
1.0,0.0,0.47786322,dalle3
1.0,0.0,0.4741857,dalle3
1.0,0.0,0.48511204,dalle3
1.0,0.0,0.4694634,dalle3
1.0,0.0,0.44345468,dalle3
1.0,0.0,0.43494767,dalle3
1.0,0.0,0.48003435,dalle3
1.0,0.0,0.46819058,dalle3
1.0,1.0,0.51072013,dalle3
1.0,1.0,0.576869,dalle3
1.0,0.0,0.48733792,dalle3
1.0,1.0,0.507693,dalle3
1.0,1.0,0.5509528,dalle3
1.0,0.0,0.4526302,dalle3
1.0,0.0,0.4910856,dalle3
1.0,0.0,0.47744107,dalle3
1.0,0.0,0.45113364,dalle3
1.0,0.0,0.48174414,dalle3
1.0,1.0,0.5906181,dalle3
1.0,0.0,0.49008772,dalle3
1.0,1.0,0.5453906,dalle3
1.0,1.0,0.55380625,dalle3
1.0,0.0,0.4806568,dalle3
1.0,1.0,0.5125176,dalle3
1.0,1.0,0.51760167,dalle3
1.0,0.0,0.46601427,dalle3
1.0,1.0,0.52877736,dalle3
1.0,0.0,0.46270958,dalle3
1.0,0.0,0.4965913,dalle3
1.0,0.0,0.44619146,dalle3
1.0,0.0,0.4658863,dalle3
1.0,1.0,0.53675914,dalle3
1.0,0.0,0.48563328,dalle3
1.0,1.0,0.5039381,dalle3
1.0,0.0,0.45351094,dalle3
1.0,0.0,0.46927938,dalle3
1.0,0.0,0.49622682,dalle3
1.0,1.0,0.5338918,dalle3
1.0,0.0,0.47864053,dalle3
1.0,1.0,0.5025412,dalle3
1.0,0.0,0.46755373,dalle3
1.0,1.0,0.5110437,dalle3
1.0,0.0,0.45091742,dalle3
1.0,0.0,0.46161947,dalle3
1.0,0.0,0.49469906,dalle3
1.0,1.0,0.50477016,dalle3
1.0,1.0,0.50615036,dalle3
1.0,0.0,0.46483564,dalle3
1.0,0.0,0.45644554,dalle3
1.0,1.0,0.53896326,dalle3
1.0,0.0,0.49555907,dalle3
1.0,1.0,0.54424053,dalle3
1.0,1.0,0.5130905,dalle3
1.0,1.0,0.5096181,dalle3
1.0,1.0,0.53397703,dalle3
1.0,0.0,0.461225,dalle3
1.0,1.0,0.51007533,dalle3
1.0,1.0,0.50820786,dalle3
1.0,0.0,0.46139452,dalle3
1.0,0.0,0.4544606,dalle3
1.0,0.0,0.4948228,dalle3
1.0,0.0,0.42795065,dalle3
1.0,1.0,0.5126471,dalle3
1.0,1.0,0.5185087,dalle3
1.0,1.0,0.55055785,dalle3
1.0,0.0,0.47521493,dalle3
1.0,1.0,0.50782406,dalle3
1.0,0.0,0.43622914,dalle3
1.0,0.0,0.49621278,dalle3
1.0,0.0,0.4896889,dalle3
1.0,1.0,0.5391349,dalle3
1.0,0.0,0.43169662,dalle3
1.0,1.0,0.51622903,dalle3
1.0,0.0,0.44437698,dalle3
1.0,0.0,0.4940238,dalle3
1.0,1.0,0.5074327,dalle3
1.0,1.0,0.57513356,dalle3
1.0,0.0,0.4256427,dalle3
1.0,0.0,0.44891766,dalle3
1.0,1.0,0.51682657,dalle3
1.0,1.0,0.5006984,dalle3
1.0,1.0,0.5684596,dalle3
1.0,0.0,0.47778246,dalle3
1.0,1.0,0.5087569,dalle3
1.0,1.0,0.52386296,dalle3
1.0,1.0,0.54516083,dalle3
1.0,0.0,0.48373783,dalle3
1.0,1.0,0.5082458,dalle3
1.0,1.0,0.59207803,dalle3
1.0,1.0,0.51451856,dalle3
1.0,1.0,0.5237973,dalle3
1.0,0.0,0.442061,dalle3
1.0,0.0,0.47571316,dalle3
1.0,1.0,0.5166014,dalle3
1.0,0.0,0.4939907,dalle3
1.0,0.0,0.49742517,dalle3
1.0,0.0,0.46071327,dalle3
1.0,0.0,0.49092373,dalle3
1.0,1.0,0.5113653,dalle3
1.0,0.0,0.47835395,dalle3
1.0,1.0,0.5001098,dalle3
1.0,1.0,0.5443038,dalle3
1.0,1.0,0.50769156,dalle3
1.0,1.0,0.56449276,dalle3
1.0,0.0,0.45350555,dalle3
1.0,0.0,0.4590111,dalle3
1.0,0.0,0.46907637,dalle3
1.0,1.0,0.5121821,dalle3
1.0,1.0,0.5631299,dalle3
1.0,1.0,0.5285569,dalle3
1.0,0.0,0.45842564,dalle3
1.0,0.0,0.48767778,dalle3
1.0,1.0,0.5148655,dalle3
1.0,1.0,0.51390046,dalle3
1.0,0.0,0.46028543,dalle3
1.0,0.0,0.47212055,dalle3
1.0,1.0,0.5404115,dalle3
1.0,0.0,0.47548953,dalle3
1.0,0.0,0.49310282,dalle3
1.0,1.0,0.5424416,dalle3
1.0,1.0,0.55828065,dalle3
1.0,0.0,0.465397,dalle3
1.0,1.0,0.55190104,dalle3
1.0,1.0,0.5135752,dalle3
1.0,0.0,0.4867295,dalle3
1.0,1.0,0.50399196,dalle3
1.0,1.0,0.59607255,dalle3
1.0,1.0,0.5607868,dalle3
1.0,1.0,0.50184894,dalle3
1.0,0.0,0.46607867,dalle3
1.0,1.0,0.575907,dalle3
1.0,0.0,0.46019852,dalle3
1.0,1.0,0.5210721,dalle3
1.0,1.0,0.50272113,dalle3
1.0,0.0,0.44581416,dalle3
1.0,0.0,0.49753866,dalle3
1.0,1.0,0.5131249,dalle3
1.0,1.0,0.5678683,dalle3
1.0,0.0,0.47760105,dalle3
1.0,1.0,0.5214519,dalle3
1.0,0.0,0.44095686,dalle3
1.0,0.0,0.48531187,dalle3
1.0,1.0,0.51151234,dalle3
1.0,1.0,0.52861553,dalle3
1.0,0.0,0.43768638,dalle3
1.0,1.0,0.5174157,dalle3
1.0,1.0,0.5157812,dalle3
1.0,1.0,0.5002353,dalle3
1.0,0.0,0.40986466,dalle3
1.0,0.0,0.49370328,dalle3
1.0,0.0,0.4938472,dalle3
1.0,1.0,0.5140787,dalle3
1.0,0.0,0.46998414,dalle3
1.0,1.0,0.5283378,dalle3
1.0,0.0,0.47975948,dalle3
1.0,1.0,0.5104265,dalle3
1.0,1.0,0.50790906,dalle3
1.0,1.0,0.5636516,dalle3
1.0,1.0,0.56956935,dalle3
1.0,0.0,0.49444026,dalle3
1.0,1.0,0.5282468,dalle3
1.0,0.0,0.49291894,dalle3
1.0,1.0,0.50510836,dalle3
1.0,0.0,0.41947836,dalle3
1.0,0.0,0.49237612,dalle3
1.0,0.0,0.4955655,dalle3
1.0,0.0,0.48330814,dalle3
1.0,0.0,0.45392597,dalle3
1.0,1.0,0.5308744,dalle3
1.0,1.0,0.51529557,dalle3
1.0,0.0,0.47553417,dalle3
1.0,0.0,0.45969766,dalle3
1.0,1.0,0.5202763,dalle3
1.0,1.0,0.54442513,dalle3
1.0,0.0,0.47115248,dalle3
1.0,0.0,0.46348932,dalle3
1.0,0.0,0.4948897,dalle3
1.0,1.0,0.505725,dalle3
1.0,0.0,0.41719365,dalle3
1.0,1.0,0.51975894,dalle3
1.0,1.0,0.50503254,dalle3
1.0,1.0,0.5686068,dalle3
1.0,0.0,0.48417428,dalle3
1.0,0.0,0.4650754,dalle3
1.0,0.0,0.46954057,dalle3
1.0,1.0,0.53087795,dalle3
1.0,0.0,0.43533123,dalle3
1.0,0.0,0.4659557,dalle3
1.0,1.0,0.5270157,dalle3
1.0,1.0,0.52845365,dalle3
1.0,0.0,0.4499887,dalle3
1.0,1.0,0.5370064,dalle3
1.0,0.0,0.48556972,dalle3
1.0,1.0,0.50889844,dalle3
1.0,0.0,0.48361,dalle3
1.0,1.0,0.52145666,dalle3
1.0,0.0,0.47495905,dalle3
1.0,1.0,0.5257082,dalle3
1.0,1.0,0.50019443,dalle3
1.0,0.0,0.4981818,dalle3
1.0,0.0,0.4401153,dalle3
1.0,0.0,0.4510686,dalle3
1.0,0.0,0.49186385,dalle3
1.0,0.0,0.4806514,dalle3
1.0,1.0,0.5390495,dalle3
1.0,0.0,0.4723892,dalle3
1.0,0.0,0.49695274,dalle3
1.0,0.0,0.46925485,dalle3
1.0,1.0,0.5702411,dalle3
1.0,0.0,0.4963245,dalle3
1.0,0.0,0.49048203,dalle3
1.0,0.0,0.48351756,dalle3
1.0,0.0,0.45032993,dalle3
1.0,1.0,0.51344025,dalle3
1.0,0.0,0.4827717,dalle3
1.0,0.0,0.47312295,dalle3
1.0,1.0,0.57137036,dalle3
1.0,0.0,0.45775983,dalle3
1.0,0.0,0.47103682,dalle3
1.0,1.0,0.5279752,dalle3
1.0,0.0,0.48290187,dalle3
1.0,0.0,0.46117744,dalle3
1.0,0.0,0.49104178,dalle3
1.0,1.0,0.5338274,dalle3
1.0,1.0,0.5110341,dalle3
1.0,0.0,0.46189246,dalle3
1.0,1.0,0.55859286,dalle3
1.0,1.0,0.5223472,dalle3
1.0,0.0,0.49971288,dalle3
1.0,0.0,0.47080645,dalle3
1.0,0.0,0.49847332,dalle3
1.0,1.0,0.54724383,dalle3
1.0,0.0,0.4876762,dalle3
1.0,0.0,0.49760282,dalle3
1.0,0.0,0.47172362,dalle3
1.0,0.0,0.49206263,dalle3
1.0,0.0,0.47863975,dalle3
1.0,0.0,0.4673074,dalle3
1.0,0.0,0.48688042,dalle3
1.0,1.0,0.5421565,dalle3
1.0,1.0,0.51668286,dalle3
1.0,0.0,0.49958122,dalle3
1.0,0.0,0.46655902,dalle3
1.0,0.0,0.49026552,dalle3
1.0,0.0,0.46142405,dalle3
1.0,1.0,0.51713216,dalle3
1.0,0.0,0.49426603,dalle3
1.0,0.0,0.47297037,dalle3
1.0,1.0,0.57277966,dalle3
1.0,0.0,0.47644278,dalle3
1.0,1.0,0.5338802,dalle3
1.0,0.0,0.458741,dalle3
1.0,0.0,0.44327122,dalle3
1.0,0.0,0.44869965,dalle3
1.0,0.0,0.4230182,dalle3
1.0,1.0,0.51082253,dalle3
1.0,1.0,0.54770535,dalle3
1.0,0.0,0.4842038,dalle3
1.0,1.0,0.5613851,dalle3
1.0,1.0,0.5200242,dalle3
1.0,0.0,0.46990433,dalle3
1.0,1.0,0.57297003,dalle3
1.0,0.0,0.4604992,dalle3
1.0,1.0,0.51266205,dalle3
1.0,1.0,0.5116149,dalle3
1.0,1.0,0.53697526,dalle3
1.0,0.0,0.4419252,dalle3
1.0,1.0,0.5083513,dalle3
1.0,0.0,0.4727274,dalle3
1.0,1.0,0.5212588,dalle3
1.0,0.0,0.4446709,dalle3
1.0,1.0,0.5447165,dalle3
1.0,0.0,0.49239045,dalle3
1.0,1.0,0.52232456,dalle3
1.0,0.0,0.47047874,dalle3
1.0,1.0,0.5298612,dalle3
1.0,0.0,0.4691038,dalle3
1.0,0.0,0.4680211,dalle3
1.0,0.0,0.4435142,dalle3
1.0,1.0,0.52080023,dalle3
1.0,0.0,0.46723858,dalle3
1.0,0.0,0.49973348,dalle3
1.0,1.0,0.5216894,dalle3
1.0,0.0,0.468926,dalle3
1.0,0.0,0.49914297,dalle3
1.0,1.0,0.54331416,dalle3
1.0,1.0,0.5656736,dalle3
1.0,1.0,0.51771206,dalle3
1.0,0.0,0.49651495,dalle3
1.0,0.0,0.49072108,dalle3
1.0,0.0,0.4865443,dalle3
1.0,0.0,0.43327487,dalle3
1.0,0.0,0.4673614,dalle3
1.0,1.0,0.52126974,dalle3
1.0,1.0,0.5083489,dalle3
1.0,1.0,0.5299992,dalle3
1.0,0.0,0.49840823,dalle3
1.0,1.0,0.500043,dalle3
1.0,1.0,0.5725777,dalle3
1.0,0.0,0.48141575,dalle3
1.0,0.0,0.4712394,dalle3
1.0,0.0,0.41308987,dalle3
1.0,0.0,0.46642828,dalle3
1.0,0.0,0.4782802,dalle3
1.0,1.0,0.50998324,dalle3
1.0,0.0,0.4927655,dalle3
1.0,1.0,0.5331632,dalle3
1.0,0.0,0.4665967,dalle3
1.0,0.0,0.46988612,dalle3
1.0,1.0,0.51975036,dalle3
1.0,0.0,0.48648384,dalle3
1.0,1.0,0.5409448,dalle3
1.0,1.0,0.5004154,dalle3
1.0,1.0,0.513636,dalle3
1.0,0.0,0.47801605,dalle3
1.0,0.0,0.49925023,dalle3
1.0,1.0,0.5371846,dalle3
1.0,0.0,0.46125963,dalle3
1.0,1.0,0.54024667,dalle3
1.0,1.0,0.541892,dalle3
1.0,1.0,0.54721177,dalle3
1.0,0.0,0.48692384,dalle3
1.0,0.0,0.4973392,dalle3
1.0,0.0,0.47229734,dalle3
1.0,0.0,0.49102545,dalle3
1.0,1.0,0.536464,dalle3
1.0,0.0,0.42949334,dalle3
1.0,1.0,0.5003119,dalle3
1.0,1.0,0.5224581,dalle3
1.0,0.0,0.47366804,dalle3
1.0,0.0,0.4783167,dalle3
1.0,0.0,0.49230382,dalle3
1.0,0.0,0.44616756,dalle3
1.0,1.0,0.57935065,dalle3
1.0,0.0,0.45708844,dalle3
1.0,1.0,0.5123893,dalle3
1.0,0.0,0.48069,dalle3
1.0,1.0,0.55562526,dalle3
1.0,1.0,0.5815426,dalle3
1.0,0.0,0.46057788,dalle3
1.0,1.0,0.50603914,dalle3
1.0,1.0,0.50697815,dalle3
1.0,1.0,0.514134,dalle3
1.0,1.0,0.5251279,dalle3
1.0,1.0,0.54460335,dalle3
1.0,0.0,0.47420442,diffusionprojectedGAN
1.0,0.0,0.49356222,diffusionprojectedGAN
1.0,1.0,0.5321745,diffusionprojectedGAN
1.0,0.0,0.49213764,diffusionprojectedGAN
1.0,0.0,0.49236646,diffusionprojectedGAN
1.0,0.0,0.488182,diffusionprojectedGAN
1.0,0.0,0.47209218,diffusionprojectedGAN
1.0,0.0,0.4575959,diffusionprojectedGAN
1.0,0.0,0.490099,diffusionprojectedGAN
1.0,0.0,0.4971482,diffusionprojectedGAN
1.0,0.0,0.4794638,diffusionprojectedGAN
1.0,1.0,0.5172163,diffusionprojectedGAN
1.0,1.0,0.5043538,diffusionprojectedGAN
1.0,1.0,0.5757621,diffusionprojectedGAN
1.0,1.0,0.55481136,diffusionprojectedGAN
1.0,0.0,0.47602516,diffusionprojectedGAN
1.0,0.0,0.48753753,diffusionprojectedGAN
1.0,0.0,0.4362334,diffusionprojectedGAN
1.0,0.0,0.46762997,diffusionprojectedGAN
1.0,0.0,0.48127705,diffusionprojectedGAN
1.0,1.0,0.5431353,diffusionprojectedGAN
1.0,1.0,0.554071,diffusionprojectedGAN
1.0,0.0,0.48145178,diffusionprojectedGAN
1.0,1.0,0.56455976,diffusionprojectedGAN
1.0,0.0,0.4748657,diffusionprojectedGAN
1.0,0.0,0.48444965,diffusionprojectedGAN
1.0,1.0,0.53190464,diffusionprojectedGAN
1.0,1.0,0.52918583,diffusionprojectedGAN
1.0,0.0,0.48809457,diffusionprojectedGAN
1.0,0.0,0.4951208,diffusionprojectedGAN
1.0,0.0,0.4977261,diffusionprojectedGAN
1.0,1.0,0.54869,diffusionprojectedGAN
1.0,1.0,0.51646084,diffusionprojectedGAN
1.0,0.0,0.47104725,diffusionprojectedGAN
1.0,0.0,0.4924035,diffusionprojectedGAN
1.0,1.0,0.53495044,diffusionprojectedGAN
1.0,1.0,0.5226132,diffusionprojectedGAN
1.0,0.0,0.43552804,diffusionprojectedGAN
1.0,0.0,0.4729318,diffusionprojectedGAN
1.0,1.0,0.50697595,diffusionprojectedGAN
1.0,0.0,0.49216536,diffusionprojectedGAN
1.0,1.0,0.5608269,diffusionprojectedGAN
1.0,0.0,0.47552073,diffusionprojectedGAN
1.0,1.0,0.5289343,diffusionprojectedGAN
1.0,0.0,0.4722491,diffusionprojectedGAN
1.0,0.0,0.47661674,diffusionprojectedGAN
1.0,0.0,0.47062305,diffusionprojectedGAN
1.0,1.0,0.52754736,diffusionprojectedGAN
1.0,1.0,0.52393305,diffusionprojectedGAN
1.0,0.0,0.48761597,diffusionprojectedGAN
1.0,0.0,0.48481822,diffusionprojectedGAN
1.0,0.0,0.48813838,diffusionprojectedGAN
1.0,0.0,0.4783211,diffusionprojectedGAN
1.0,1.0,0.55710053,diffusionprojectedGAN
1.0,0.0,0.49380285,diffusionprojectedGAN
1.0,1.0,0.5096863,diffusionprojectedGAN
1.0,0.0,0.4816198,diffusionprojectedGAN
1.0,0.0,0.47303352,diffusionprojectedGAN
1.0,0.0,0.45978364,diffusionprojectedGAN
1.0,1.0,0.54345894,diffusionprojectedGAN
1.0,0.0,0.4588952,diffusionprojectedGAN
1.0,1.0,0.5558129,diffusionprojectedGAN
1.0,1.0,0.5482391,diffusionprojectedGAN
1.0,1.0,0.5070943,diffusionprojectedGAN
1.0,1.0,0.5447045,diffusionprojectedGAN
1.0,1.0,0.5636472,diffusionprojectedGAN
1.0,1.0,0.52508074,diffusionprojectedGAN
1.0,1.0,0.56213856,diffusionprojectedGAN
1.0,1.0,0.5168184,diffusionprojectedGAN
1.0,1.0,0.51266587,diffusionprojectedGAN
1.0,1.0,0.50614625,diffusionprojectedGAN
1.0,0.0,0.47854462,diffusionprojectedGAN
1.0,0.0,0.48571208,diffusionprojectedGAN
1.0,0.0,0.4609582,diffusionprojectedGAN
1.0,0.0,0.47100496,diffusionprojectedGAN
1.0,1.0,0.5071481,diffusionprojectedGAN
1.0,1.0,0.50583357,diffusionprojectedGAN
1.0,1.0,0.5117963,diffusionprojectedGAN
1.0,1.0,0.51818866,diffusionprojectedGAN
1.0,0.0,0.45417655,diffusionprojectedGAN
1.0,0.0,0.4557943,diffusionprojectedGAN
1.0,1.0,0.5654607,diffusionprojectedGAN
1.0,0.0,0.47583464,diffusionprojectedGAN
1.0,0.0,0.47889575,diffusionprojectedGAN
1.0,1.0,0.54425436,diffusionprojectedGAN
1.0,0.0,0.48530233,diffusionprojectedGAN
1.0,0.0,0.48999304,diffusionprojectedGAN
1.0,1.0,0.5047845,diffusionprojectedGAN
1.0,0.0,0.47304046,diffusionprojectedGAN
1.0,0.0,0.48117673,diffusionprojectedGAN
1.0,0.0,0.48532334,diffusionprojectedGAN
1.0,0.0,0.4955672,diffusionprojectedGAN
1.0,0.0,0.47851056,diffusionprojectedGAN
1.0,0.0,0.49998772,diffusionprojectedGAN
1.0,0.0,0.46362463,diffusionprojectedGAN
1.0,1.0,0.51083803,diffusionprojectedGAN
1.0,0.0,0.4786509,diffusionprojectedGAN
1.0,0.0,0.49366218,diffusionprojectedGAN
1.0,0.0,0.4949752,diffusionprojectedGAN
1.0,1.0,0.5182512,diffusionprojectedGAN
1.0,0.0,0.47876653,diffusionprojectedGAN
1.0,0.0,0.49541298,diffusionprojectedGAN
1.0,0.0,0.4548747,diffusionprojectedGAN
1.0,0.0,0.41600198,diffusionprojectedGAN
1.0,1.0,0.52686304,diffusionprojectedGAN
1.0,0.0,0.49300754,diffusionprojectedGAN
1.0,0.0,0.47278094,diffusionprojectedGAN
1.0,0.0,0.48837975,diffusionprojectedGAN
1.0,0.0,0.45949465,diffusionprojectedGAN
1.0,1.0,0.5698735,diffusionprojectedGAN
1.0,1.0,0.50484025,diffusionprojectedGAN
1.0,1.0,0.5016152,diffusionprojectedGAN
1.0,1.0,0.5392726,diffusionprojectedGAN
1.0,1.0,0.50233006,diffusionprojectedGAN
1.0,1.0,0.5050761,diffusionprojectedGAN
1.0,1.0,0.5001532,diffusionprojectedGAN
1.0,1.0,0.51937634,diffusionprojectedGAN
1.0,0.0,0.49481928,diffusionprojectedGAN
1.0,1.0,0.52796847,diffusionprojectedGAN
1.0,1.0,0.5480668,diffusionprojectedGAN
1.0,1.0,0.50206465,diffusionprojectedGAN
1.0,0.0,0.49152112,diffusionprojectedGAN
1.0,1.0,0.5275291,diffusionprojectedGAN
1.0,1.0,0.5129214,diffusionprojectedGAN
1.0,0.0,0.46451703,diffusionprojectedGAN
1.0,1.0,0.50010544,diffusionprojectedGAN
1.0,1.0,0.5246845,diffusionprojectedGAN
1.0,0.0,0.4878088,diffusionprojectedGAN
1.0,0.0,0.48128942,diffusionprojectedGAN
1.0,1.0,0.54502046,diffusionprojectedGAN
1.0,1.0,0.5016995,diffusionprojectedGAN
1.0,0.0,0.4515175,diffusionprojectedGAN
1.0,0.0,0.45659396,diffusionprojectedGAN
1.0,1.0,0.51684326,diffusionprojectedGAN
1.0,1.0,0.5173208,diffusionprojectedGAN
1.0,1.0,0.5552458,diffusionprojectedGAN
1.0,1.0,0.52903706,diffusionprojectedGAN
1.0,1.0,0.5045301,diffusionprojectedGAN
1.0,1.0,0.5164946,diffusionprojectedGAN
1.0,0.0,0.4501311,diffusionprojectedGAN
1.0,1.0,0.52252454,diffusionprojectedGAN
1.0,0.0,0.47045872,diffusionprojectedGAN
1.0,1.0,0.5203878,diffusionprojectedGAN
1.0,0.0,0.49657124,diffusionprojectedGAN
1.0,0.0,0.48390198,diffusionprojectedGAN
1.0,1.0,0.549755,diffusionprojectedGAN
1.0,0.0,0.44276112,diffusionprojectedGAN
1.0,1.0,0.50795555,diffusionprojectedGAN
1.0,1.0,0.50351125,diffusionprojectedGAN
1.0,0.0,0.49197346,diffusionprojectedGAN
1.0,1.0,0.5031782,diffusionprojectedGAN
1.0,1.0,0.5009009,diffusionprojectedGAN
1.0,1.0,0.5241909,diffusionprojectedGAN
1.0,0.0,0.43960318,diffusionprojectedGAN
1.0,0.0,0.48012754,diffusionprojectedGAN
1.0,0.0,0.4812769,diffusionprojectedGAN
1.0,1.0,0.5160854,diffusionprojectedGAN
1.0,1.0,0.5314816,diffusionprojectedGAN
1.0,0.0,0.4933811,diffusionprojectedGAN
1.0,1.0,0.5006526,diffusionprojectedGAN
1.0,0.0,0.46685544,diffusionprojectedGAN
1.0,0.0,0.45847175,diffusionprojectedGAN
1.0,1.0,0.54613096,diffusionprojectedGAN
1.0,1.0,0.5321306,diffusionprojectedGAN
1.0,0.0,0.4658837,diffusionprojectedGAN
1.0,0.0,0.46080902,diffusionprojectedGAN
1.0,1.0,0.5454337,diffusionprojectedGAN
1.0,1.0,0.5099762,diffusionprojectedGAN
1.0,0.0,0.481022,diffusionprojectedGAN
1.0,1.0,0.54144484,diffusionprojectedGAN
1.0,0.0,0.4844054,diffusionprojectedGAN
1.0,1.0,0.50954163,diffusionprojectedGAN
1.0,1.0,0.55731237,diffusionprojectedGAN
1.0,0.0,0.4906297,diffusionprojectedGAN
1.0,1.0,0.5169376,diffusionprojectedGAN
1.0,0.0,0.47742373,diffusionprojectedGAN
1.0,0.0,0.4878047,diffusionprojectedGAN
1.0,0.0,0.46489555,diffusionprojectedGAN
1.0,0.0,0.4770308,diffusionprojectedGAN
1.0,1.0,0.5432539,diffusionprojectedGAN
1.0,0.0,0.45580515,diffusionprojectedGAN
1.0,0.0,0.4849148,diffusionprojectedGAN
1.0,0.0,0.4722111,diffusionprojectedGAN
1.0,1.0,0.5142516,diffusionprojectedGAN
1.0,1.0,0.5241594,diffusionprojectedGAN
1.0,0.0,0.48665792,diffusionprojectedGAN
1.0,1.0,0.501423,diffusionprojectedGAN
1.0,1.0,0.50075626,diffusionprojectedGAN
1.0,1.0,0.53006107,diffusionprojectedGAN
1.0,0.0,0.49740595,diffusionprojectedGAN
1.0,1.0,0.52038306,diffusionprojectedGAN
1.0,1.0,0.5193756,diffusionprojectedGAN
1.0,0.0,0.49434096,diffusionprojectedGAN
1.0,1.0,0.5728098,diffusionprojectedGAN
1.0,1.0,0.5220121,diffusionprojectedGAN
1.0,1.0,0.5049724,diffusionprojectedGAN
1.0,0.0,0.49970347,diffusionprojectedGAN
1.0,1.0,0.5181394,diffusionprojectedGAN
1.0,0.0,0.49919805,diffusionprojectedGAN
1.0,1.0,0.51721144,diffusionprojectedGAN
1.0,0.0,0.49547637,diffusionprojectedGAN
1.0,0.0,0.4951052,diffusionprojectedGAN
1.0,1.0,0.5283032,diffusionprojectedGAN
1.0,1.0,0.5018715,diffusionprojectedGAN
1.0,1.0,0.52967685,diffusionprojectedGAN
1.0,0.0,0.48826832,diffusionprojectedGAN
1.0,1.0,0.5394884,diffusionprojectedGAN
1.0,0.0,0.47826514,diffusionprojectedGAN
1.0,1.0,0.5014036,diffusionprojectedGAN
1.0,1.0,0.50455284,diffusionprojectedGAN
1.0,0.0,0.48054716,diffusionprojectedGAN
1.0,1.0,0.5536872,diffusionprojectedGAN
1.0,0.0,0.4969612,diffusionprojectedGAN
1.0,1.0,0.5169257,diffusionprojectedGAN
1.0,0.0,0.49752584,diffusionprojectedGAN
1.0,0.0,0.46688253,diffusionprojectedGAN
1.0,0.0,0.48001957,diffusionprojectedGAN
1.0,0.0,0.4915567,diffusionprojectedGAN
1.0,1.0,0.51224107,diffusionprojectedGAN
1.0,0.0,0.4333321,diffusionprojectedGAN
1.0,1.0,0.52950025,diffusionprojectedGAN
1.0,0.0,0.49771854,diffusionprojectedGAN
1.0,1.0,0.5467478,diffusionprojectedGAN
1.0,0.0,0.49624225,diffusionprojectedGAN
1.0,1.0,0.53154254,diffusionprojectedGAN
1.0,0.0,0.4725339,diffusionprojectedGAN
1.0,1.0,0.50310624,diffusionprojectedGAN
1.0,0.0,0.4844675,diffusionprojectedGAN
1.0,0.0,0.43008825,diffusionprojectedGAN
1.0,0.0,0.47019807,diffusionprojectedGAN
1.0,0.0,0.4813388,diffusionprojectedGAN
1.0,0.0,0.46839073,diffusionprojectedGAN
1.0,0.0,0.49377534,diffusionprojectedGAN
1.0,1.0,0.53311324,diffusionprojectedGAN
1.0,0.0,0.45998877,diffusionprojectedGAN
1.0,1.0,0.5291645,diffusionprojectedGAN
1.0,0.0,0.46453983,diffusionprojectedGAN
1.0,1.0,0.55193627,diffusionprojectedGAN
1.0,0.0,0.49054855,diffusionprojectedGAN
1.0,1.0,0.5023479,diffusionprojectedGAN
1.0,1.0,0.5426069,diffusionprojectedGAN
1.0,1.0,0.5121048,diffusionprojectedGAN
1.0,0.0,0.48899892,diffusionprojectedGAN
1.0,0.0,0.4782056,diffusionprojectedGAN
1.0,1.0,0.5340976,diffusionprojectedGAN
1.0,0.0,0.4783925,diffusionprojectedGAN
1.0,1.0,0.50065273,diffusionprojectedGAN
1.0,0.0,0.46847925,diffusionprojectedGAN
1.0,0.0,0.49911666,diffusionprojectedGAN
1.0,1.0,0.55786246,diffusionprojectedGAN
1.0,1.0,0.51313823,diffusionprojectedGAN
1.0,0.0,0.49292248,diffusionprojectedGAN
1.0,0.0,0.4916576,diffusionprojectedGAN
1.0,1.0,0.57125574,diffusionprojectedGAN
1.0,1.0,0.50899196,diffusionprojectedGAN
1.0,0.0,0.4380616,diffusionprojectedGAN
1.0,1.0,0.526484,diffusionprojectedGAN
1.0,1.0,0.5390165,diffusionprojectedGAN
1.0,0.0,0.48659095,diffusionprojectedGAN
1.0,1.0,0.509516,diffusionprojectedGAN
1.0,1.0,0.5254283,diffusionprojectedGAN
1.0,1.0,0.54735845,diffusionprojectedGAN
1.0,1.0,0.52781206,diffusionprojectedGAN
1.0,1.0,0.5247269,diffusionprojectedGAN
1.0,1.0,0.54448557,diffusionprojectedGAN
1.0,0.0,0.49221432,diffusionprojectedGAN
1.0,1.0,0.53066057,diffusionprojectedGAN
1.0,0.0,0.47292882,diffusionprojectedGAN
1.0,0.0,0.49131602,diffusionprojectedGAN
1.0,1.0,0.53727686,diffusionprojectedGAN
1.0,1.0,0.50069875,diffusionprojectedGAN
1.0,0.0,0.49854797,diffusionprojectedGAN
1.0,0.0,0.48491642,diffusionprojectedGAN
1.0,0.0,0.46881616,diffusionprojectedGAN
1.0,1.0,0.5519445,diffusionprojectedGAN
1.0,1.0,0.5245609,diffusionprojectedGAN
1.0,0.0,0.44992718,diffusionprojectedGAN
1.0,0.0,0.4743135,diffusionprojectedGAN
1.0,1.0,0.5021974,diffusionprojectedGAN
1.0,1.0,0.5113078,diffusionprojectedGAN
1.0,1.0,0.5007848,diffusionprojectedGAN
1.0,0.0,0.48172423,diffusionprojectedGAN
1.0,1.0,0.5679682,diffusionprojectedGAN
1.0,1.0,0.5216102,diffusionprojectedGAN
1.0,1.0,0.50964415,diffusionprojectedGAN
1.0,0.0,0.4971766,diffusionprojectedGAN
1.0,0.0,0.48855996,diffusionprojectedGAN
1.0,1.0,0.5169968,diffusionprojectedGAN
1.0,0.0,0.40694994,diffusionprojectedGAN
1.0,1.0,0.5252717,diffusionprojectedGAN
1.0,1.0,0.51843023,diffusionprojectedGAN
1.0,1.0,0.56806624,diffusionprojectedGAN
1.0,1.0,0.50607044,diffusionprojectedGAN
1.0,1.0,0.5066785,diffusionprojectedGAN
1.0,1.0,0.5280389,diffusionprojectedGAN
1.0,0.0,0.49786547,diffusionprojectedGAN
1.0,0.0,0.45269334,diffusionprojectedGAN
1.0,0.0,0.45714265,diffusionprojectedGAN
1.0,0.0,0.4653308,diffusionprojectedGAN
1.0,1.0,0.5638488,diffusionprojectedGAN
1.0,1.0,0.5083296,diffusionprojectedGAN
1.0,0.0,0.49643618,diffusionprojectedGAN
1.0,0.0,0.44910926,diffusionprojectedGAN
1.0,0.0,0.48057875,diffusionprojectedGAN
1.0,1.0,0.53723913,diffusionprojectedGAN
1.0,0.0,0.49206367,diffusionprojectedGAN
1.0,1.0,0.56254834,diffusionprojectedGAN
1.0,1.0,0.5186234,diffusionprojectedGAN
1.0,1.0,0.53681386,diffusionprojectedGAN
1.0,0.0,0.4944505,diffusionprojectedGAN
1.0,0.0,0.47012538,diffusionprojectedGAN
1.0,1.0,0.5037071,diffusionprojectedGAN
1.0,0.0,0.48182556,diffusionprojectedGAN
1.0,0.0,0.49679935,diffusionprojectedGAN
1.0,0.0,0.48214158,diffusionprojectedGAN
1.0,0.0,0.4902183,diffusionprojectedGAN
1.0,1.0,0.5786207,diffusionprojectedGAN
1.0,0.0,0.46475205,diffusionprojectedGAN
1.0,0.0,0.48193428,diffusionprojectedGAN
1.0,1.0,0.52385104,diffusionprojectedGAN
1.0,1.0,0.55125827,diffusionprojectedGAN
1.0,0.0,0.45671418,diffusionprojectedGAN
1.0,0.0,0.4841105,diffusionprojectedGAN
1.0,0.0,0.49008703,diffusionprojectedGAN
1.0,1.0,0.5151154,diffusionprojectedGAN
1.0,0.0,0.4752206,diffusionprojectedGAN
1.0,0.0,0.45883897,diffusionprojectedGAN
1.0,0.0,0.43327928,diffusionprojectedGAN
1.0,0.0,0.4951746,diffusionprojectedGAN
1.0,0.0,0.46824107,diffusionprojectedGAN
1.0,0.0,0.490529,diffusionprojectedGAN
1.0,1.0,0.5121063,diffusionprojectedGAN
1.0,1.0,0.5472462,diffusionprojectedGAN
1.0,0.0,0.46382585,diffusionprojectedGAN
1.0,0.0,0.4532278,diffusionprojectedGAN
1.0,0.0,0.47795177,diffusionprojectedGAN
1.0,1.0,0.5046126,diffusionprojectedGAN
1.0,1.0,0.5277709,diffusionprojectedGAN
1.0,0.0,0.48763737,diffusionprojectedGAN
1.0,1.0,0.5342292,diffusionprojectedGAN
1.0,1.0,0.5022301,diffusionprojectedGAN
1.0,1.0,0.5485979,diffusionprojectedGAN
1.0,0.0,0.46649334,diffusionprojectedGAN
1.0,0.0,0.4792268,diffusionprojectedGAN
1.0,1.0,0.50492465,diffusionprojectedGAN
1.0,1.0,0.50955445,diffusionprojectedGAN
1.0,1.0,0.5178607,diffusionprojectedGAN
1.0,0.0,0.4358857,diffusionprojectedGAN
1.0,1.0,0.5173343,diffusionprojectedGAN
1.0,1.0,0.5276898,diffusionprojectedGAN
1.0,0.0,0.47231856,diffusionprojectedGAN
1.0,0.0,0.4754438,diffusionprojectedGAN
1.0,0.0,0.44886005,diffusionprojectedGAN
1.0,0.0,0.48843935,diffusionprojectedGAN
1.0,1.0,0.5352642,diffusionprojectedGAN
1.0,0.0,0.49030071,diffusionprojectedGAN
1.0,0.0,0.499557,diffusionprojectedGAN
1.0,1.0,0.51564544,diffusionprojectedGAN
1.0,0.0,0.47933796,diffusionprojectedGAN
1.0,1.0,0.5702931,diffusionprojectedGAN
1.0,1.0,0.51480734,diffusionprojectedGAN
1.0,0.0,0.4643477,diffusionprojectedGAN
1.0,0.0,0.48083803,diffusionprojectedGAN
1.0,1.0,0.54547477,diffusionprojectedGAN
1.0,0.0,0.47251245,diffusionprojectedGAN
1.0,0.0,0.49017432,diffusionprojectedGAN
1.0,0.0,0.49014065,diffusionprojectedGAN
1.0,1.0,0.5171845,diffusionprojectedGAN
1.0,1.0,0.5192492,diffusionprojectedGAN
1.0,0.0,0.48171687,diffusionprojectedGAN
1.0,0.0,0.46384314,diffusionprojectedGAN
1.0,0.0,0.47929272,diffusionprojectedGAN
1.0,0.0,0.4632279,diffusionprojectedGAN
1.0,1.0,0.50208855,diffusionprojectedGAN
1.0,1.0,0.5344354,diffusionprojectedGAN
1.0,1.0,0.5424327,diffusionprojectedGAN
1.0,0.0,0.46273345,diffusionprojectedGAN
1.0,1.0,0.51112324,diffusionprojectedGAN
1.0,0.0,0.49721384,diffusionprojectedGAN
1.0,0.0,0.46532792,diffusionprojectedGAN
1.0,0.0,0.47750527,diffusionprojectedGAN
1.0,1.0,0.51149595,diffusionprojectedGAN
1.0,1.0,0.53249973,diffusionprojectedGAN
1.0,0.0,0.48419106,diffusionprojectedGAN
1.0,1.0,0.5051736,diffusionprojectedGAN
1.0,0.0,0.47897914,diffusionprojectedGAN
1.0,0.0,0.45051408,diffusionprojectedGAN
1.0,0.0,0.4989369,diffusionprojectedGAN
1.0,0.0,0.4691446,diffusionprojectedGAN
1.0,1.0,0.5079459,diffusionprojectedGAN
1.0,0.0,0.49475533,diffusionprojectedGAN
1.0,0.0,0.46255812,diffusionprojectedGAN
1.0,1.0,0.5546563,diffusionprojectedGAN
1.0,0.0,0.4654742,diffusionprojectedGAN
1.0,1.0,0.50285316,diffusionprojectedGAN
1.0,0.0,0.46355623,diffusionprojectedGAN
1.0,0.0,0.48046678,diffusionprojectedGAN
1.0,0.0,0.46448827,diffusionprojectedGAN
1.0,0.0,0.44465798,diffusionprojectedGAN
1.0,0.0,0.47686312,diffusionprojectedGAN
1.0,0.0,0.4619024,diffusionprojectedGAN
1.0,0.0,0.46638975,diffusionprojectedGAN
1.0,1.0,0.5069822,diffusionprojectedGAN
1.0,1.0,0.50736034,diffusionprojectedGAN
1.0,1.0,0.50344455,diffusionprojectedGAN
1.0,0.0,0.4929496,diffusionprojectedGAN
1.0,1.0,0.52821434,diffusionprojectedGAN
1.0,1.0,0.5010803,diffusionprojectedGAN
1.0,0.0,0.47037482,diffusionprojectedGAN
1.0,0.0,0.4967758,diffusionprojectedGAN
1.0,0.0,0.46485382,diffusionprojectedGAN
1.0,1.0,0.5157959,diffusionprojectedGAN
1.0,0.0,0.49274382,diffusionprojectedGAN
1.0,0.0,0.46196297,diffusionprojectedGAN
1.0,1.0,0.5058271,diffusionprojectedGAN
1.0,0.0,0.47598234,diffusionprojectedGAN
1.0,0.0,0.48061058,diffusionprojectedGAN
1.0,1.0,0.5034804,diffusionprojectedGAN
1.0,1.0,0.5046397,diffusionprojectedGAN
1.0,0.0,0.47998062,diffusionprojectedGAN
1.0,0.0,0.4617028,diffusionprojectedGAN
1.0,0.0,0.45982844,diffusionprojectedGAN
1.0,1.0,0.51009065,diffusionprojectedGAN
1.0,1.0,0.5146621,diffusionprojectedGAN
1.0,1.0,0.565715,diffusionprojectedGAN
1.0,0.0,0.45187894,diffusionprojectedGAN
1.0,1.0,0.50743943,diffusionprojectedGAN
1.0,1.0,0.5348414,diffusionprojectedGAN
1.0,0.0,0.43464363,diffusionprojectedGAN
1.0,0.0,0.47359687,diffusionprojectedGAN
1.0,0.0,0.43679643,diffusionprojectedGAN
1.0,0.0,0.48855907,diffusionprojectedGAN
1.0,0.0,0.49103326,diffusionprojectedGAN
1.0,0.0,0.4603182,diffusionprojectedGAN
1.0,0.0,0.4860071,diffusionprojectedGAN
1.0,1.0,0.5076377,diffusionprojectedGAN
1.0,0.0,0.48137543,diffusionprojectedGAN
1.0,1.0,0.5060879,diffusionprojectedGAN
1.0,1.0,0.5167066,diffusionprojectedGAN
1.0,1.0,0.513628,diffusionprojectedGAN
1.0,0.0,0.47835952,diffusionprojectedGAN
1.0,1.0,0.5034332,diffusionprojectedGAN
1.0,1.0,0.53410923,diffusionprojectedGAN
1.0,1.0,0.53851587,diffusionprojectedGAN
1.0,0.0,0.46477568,diffusionprojectedGAN
1.0,1.0,0.556379,diffusionprojectedGAN
1.0,1.0,0.52497077,diffusionprojectedGAN
1.0,0.0,0.49848008,diffusionprojectedGAN
1.0,0.0,0.48440126,diffusionprojectedGAN
1.0,0.0,0.491992,diffusionprojectedGAN
1.0,0.0,0.4848811,diffusionprojectedGAN
1.0,1.0,0.5022271,diffusionprojectedGAN
1.0,1.0,0.51276356,diffusionprojectedGAN
1.0,1.0,0.5212916,diffusionprojectedGAN
1.0,0.0,0.48404276,diffusionprojectedGAN
1.0,1.0,0.50821877,diffusionprojectedGAN
1.0,1.0,0.54031545,diffusionprojectedGAN
1.0,0.0,0.49152124,diffusionprojectedGAN
1.0,0.0,0.44132465,diffusionprojectedGAN
1.0,0.0,0.46680588,diffusionprojectedGAN
1.0,1.0,0.50202954,diffusionprojectedGAN
1.0,0.0,0.48666885,diffusionprojectedGAN
1.0,1.0,0.5162902,diffusionprojectedGAN
1.0,0.0,0.48526746,diffusionprojectedGAN
1.0,1.0,0.50887275,diffusionprojectedGAN
1.0,1.0,0.5124927,diffusionprojectedGAN
1.0,1.0,0.52968425,diffusionprojectedGAN
1.0,0.0,0.48143157,diffusionprojectedGAN
1.0,1.0,0.5482657,diffusionprojectedGAN
1.0,0.0,0.47095072,diffusionprojectedGAN
1.0,0.0,0.4908402,diffusionprojectedGAN
1.0,1.0,0.5357096,diffusionprojectedGAN
1.0,0.0,0.46897897,diffusionprojectedGAN
1.0,0.0,0.49763456,diffusionprojectedGAN
1.0,0.0,0.47060892,diffusionprojectedGAN
1.0,0.0,0.49405318,diffusionprojectedGAN
1.0,0.0,0.4759086,diffusionprojectedGAN
1.0,1.0,0.5292468,diffusionprojectedGAN
1.0,1.0,0.53940153,diffusionprojectedGAN
1.0,0.0,0.47891423,diffusionprojectedGAN
1.0,1.0,0.5071921,diffusionprojectedGAN
1.0,0.0,0.49909505,diffusionprojectedGAN
1.0,0.0,0.4959232,diffusionprojectedGAN
1.0,0.0,0.48312992,diffusionprojectedGAN
1.0,1.0,0.51222974,diffusionprojectedGAN
1.0,1.0,0.50188774,diffusionprojectedGAN
1.0,0.0,0.48518062,diffusionprojectedGAN
1.0,1.0,0.57816553,diffusionprojectedGAN
1.0,0.0,0.43561932,diffusionprojectedGAN
1.0,1.0,0.50514054,diffusionprojectedGAN
1.0,1.0,0.5613996,diffusionprojectedGAN
1.0,0.0,0.45126954,diffusionprojectedGAN
1.0,0.0,0.47705573,diffusionprojectedGAN
1.0,0.0,0.4837464,diffusionprojectedGAN
1.0,0.0,0.49600422,diffusionprojectedGAN
1.0,0.0,0.48118418,diffusionprojectedGAN
1.0,0.0,0.47903073,diffusionprojectedGAN
1.0,1.0,0.52252644,diffusionprojectedGAN
1.0,1.0,0.52354974,diffusionprojectedGAN
1.0,0.0,0.48621675,diffusionprojectedGAN
1.0,0.0,0.45209518,diffusionprojectedGAN
1.0,1.0,0.54851544,diffusionprojectedGAN
1.0,1.0,0.52627826,diffusionprojectedGAN
1.0,0.0,0.48915505,diffusionprojectedGAN
1.0,1.0,0.5047212,diffusionprojectedGAN
1.0,0.0,0.48672697,diffusionprojectedGAN
1.0,0.0,0.47550553,diffusionprojectedGAN
1.0,1.0,0.51832074,diffusionprojectedGAN
1.0,0.0,0.47630525,diffusionprojectedGAN
1.0,1.0,0.51657563,diffusionprojectedGAN
1.0,1.0,0.5156744,diffusionprojectedGAN
1.0,1.0,0.5085502,diffusionprojectedGAN
1.0,0.0,0.42621687,diffusionprojectedGAN
1.0,1.0,0.5327157,diffusionprojectedGAN
1.0,0.0,0.49564633,diffusionprojectedGAN
1.0,0.0,0.4483103,diffusionprojectedGAN
1.0,1.0,0.51489556,diffusionprojectedGAN
1.0,1.0,0.5466732,diffusionprojectedGAN
1.0,0.0,0.46664456,diffusionprojectedGAN
1.0,1.0,0.51621836,diffusionprojectedGAN
1.0,1.0,0.5060862,diffusionprojectedGAN
1.0,0.0,0.46983957,diffusionprojectedGAN
1.0,0.0,0.46611404,diffusionprojectedGAN
1.0,0.0,0.4673611,diffusionprojectedGAN
1.0,1.0,0.56925404,diffusionprojectedGAN
1.0,1.0,0.52552605,diffusionprojectedGAN
1.0,1.0,0.5272592,diffusionprojectedGAN
1.0,1.0,0.55612016,diffusionprojectedGAN
1.0,1.0,0.50676644,diffusionprojectedGAN
1.0,1.0,0.5118447,diffusionprojectedGAN
1.0,1.0,0.5414288,diffusionprojectedGAN
1.0,0.0,0.49696794,diffusionprojectedGAN
1.0,1.0,0.5704726,diffusionprojectedGAN
1.0,1.0,0.50212103,diffusionprojectedGAN
1.0,0.0,0.46003017,diffusionprojectedGAN
1.0,0.0,0.46956694,diffusionprojectedGAN
1.0,1.0,0.5404166,diffusionprojectedGAN
1.0,0.0,0.43961966,diffusionprojectedGAN
1.0,0.0,0.4698761,diffusionprojectedGAN
1.0,1.0,0.55090433,diffusionprojectedGAN
1.0,0.0,0.4878445,diffusionprojectedGAN
1.0,1.0,0.56308776,diffusionprojectedGAN
1.0,1.0,0.5302475,diffusionprojectedGAN
1.0,0.0,0.47348154,diffusionprojectedGAN
1.0,0.0,0.46991274,diffusionprojectedGAN
1.0,1.0,0.57018596,diffusionprojectedGAN
1.0,1.0,0.5415173,diffusionprojectedGAN
1.0,0.0,0.47854236,diffusionprojectedGAN
1.0,1.0,0.55159533,diffusionprojectedGAN
1.0,0.0,0.45288366,diffusionprojectedGAN
1.0,1.0,0.51598996,diffusionprojectedGAN
1.0,1.0,0.5030017,diffusionprojectedGAN
1.0,1.0,0.57609075,diffusionprojectedGAN
1.0,1.0,0.5263295,diffusionprojectedGAN
1.0,1.0,0.54782176,diffusionprojectedGAN
1.0,1.0,0.5273471,diffusionprojectedGAN
1.0,0.0,0.48652965,diffusionprojectedGAN
1.0,0.0,0.48157284,diffusionprojectedGAN
1.0,1.0,0.52443045,diffusionprojectedGAN
1.0,1.0,0.5478927,diffusionprojectedGAN
1.0,0.0,0.49300233,diffusionprojectedGAN
1.0,0.0,0.48823166,diffusionprojectedGAN
1.0,0.0,0.47024497,diffusionprojectedGAN
1.0,1.0,0.535781,diffusionprojectedGAN
1.0,0.0,0.47642785,diffusionprojectedGAN
1.0,0.0,0.47296003,diffusionprojectedGAN
1.0,1.0,0.5010204,diffusionprojectedGAN
1.0,0.0,0.4947068,diffusionprojectedGAN
1.0,0.0,0.4495949,diffusionprojectedGAN
1.0,1.0,0.52700514,diffusionprojectedGAN
1.0,1.0,0.5870999,diffusionprojectedGAN
1.0,1.0,0.5276918,diffusionprojectedGAN
1.0,1.0,0.52331173,diffusionprojectedGAN
1.0,1.0,0.5143496,diffusionprojectedGAN
1.0,1.0,0.5220154,diffusionprojectedGAN
1.0,1.0,0.5862347,diffusionprojectedGAN
1.0,1.0,0.5233919,diffusionprojectedGAN
1.0,1.0,0.55708,diffusionprojectedGAN
1.0,1.0,0.5313738,diffusionprojectedGAN
1.0,1.0,0.52538025,diffusionprojectedGAN
1.0,0.0,0.47975278,diffusionprojectedGAN
1.0,0.0,0.46849766,diffusionprojectedGAN
1.0,1.0,0.5613647,diffusionprojectedGAN
1.0,1.0,0.53962636,diffusionprojectedGAN
1.0,0.0,0.46786186,diffusionprojectedGAN
1.0,0.0,0.49770993,diffusionprojectedGAN
1.0,1.0,0.5756329,diffusionprojectedGAN
1.0,1.0,0.5409845,diffusionprojectedGAN
1.0,1.0,0.5427023,diffusionprojectedGAN
1.0,0.0,0.48991197,diffusionprojectedGAN
1.0,1.0,0.50836223,diffusionprojectedGAN
1.0,1.0,0.5465385,diffusionprojectedGAN
1.0,0.0,0.48468253,diffusionprojectedGAN
1.0,0.0,0.45443726,diffusionprojectedGAN
1.0,1.0,0.56473243,diffusionprojectedGAN
1.0,0.0,0.4530177,diffusionprojectedGAN
1.0,0.0,0.49868265,diffusionprojectedGAN
1.0,0.0,0.49601415,diffusionprojectedGAN
1.0,0.0,0.4905964,diffusionprojectedGAN
1.0,0.0,0.4605622,diffusionprojectedGAN
1.0,0.0,0.4444127,diffusionprojectedGAN
1.0,0.0,0.47951978,diffusionprojectedGAN
1.0,0.0,0.4778243,diffusionprojectedGAN
1.0,1.0,0.549497,diffusionprojectedGAN
1.0,0.0,0.4695051,diffusionprojectedGAN
1.0,0.0,0.49598676,diffusionprojectedGAN
1.0,1.0,0.52745646,diffusionprojectedGAN
1.0,0.0,0.44683865,diffusionprojectedGAN
1.0,1.0,0.5367978,diffusionprojectedGAN
1.0,1.0,0.55493563,diffusionprojectedGAN
1.0,0.0,0.46360284,diffusionprojectedGAN
1.0,1.0,0.5249692,diffusionprojectedGAN
1.0,0.0,0.4475259,diffusionprojectedGAN
1.0,0.0,0.49621654,diffusionprojectedGAN
1.0,0.0,0.42993695,diffusionprojectedGAN
1.0,1.0,0.5797608,diffusionprojectedGAN
1.0,1.0,0.54586536,diffusionprojectedGAN
1.0,0.0,0.49027252,diffusionprojectedGAN
1.0,1.0,0.52064586,diffusionprojectedGAN
1.0,1.0,0.516157,diffusionprojectedGAN
1.0,1.0,0.54545045,diffusionprojectedGAN
1.0,1.0,0.5042818,diffusionprojectedGAN
1.0,0.0,0.499232,diffusionprojectedGAN
1.0,0.0,0.46302032,diffusionprojectedGAN
1.0,0.0,0.49213222,diffusionprojectedGAN
1.0,0.0,0.4288059,diffusionprojectedGAN
1.0,1.0,0.55360633,diffusionprojectedGAN
1.0,0.0,0.46047744,diffusionprojectedGAN
1.0,0.0,0.47461256,diffusionprojectedGAN
1.0,0.0,0.47297645,diffusionprojectedGAN
1.0,1.0,0.5550603,diffusionprojectedGAN
1.0,0.0,0.49399424,diffusionprojectedGAN
1.0,1.0,0.5255623,diffusionprojectedGAN
1.0,1.0,0.5452427,diffusionprojectedGAN
1.0,1.0,0.5816039,diffusionprojectedGAN
1.0,0.0,0.49717447,diffusionprojectedGAN
1.0,1.0,0.5015643,diffusionprojectedGAN
1.0,1.0,0.5336488,diffusionprojectedGAN
1.0,1.0,0.53108406,diffusionprojectedGAN
1.0,1.0,0.5045575,diffusionprojectedGAN
1.0,0.0,0.48528233,diffusionprojectedGAN
1.0,1.0,0.5310112,diffusionprojectedGAN
1.0,1.0,0.50651413,diffusionprojectedGAN
1.0,0.0,0.46510658,diffusionprojectedGAN
1.0,0.0,0.463467,diffusionprojectedGAN
1.0,0.0,0.43475184,diffusionprojectedGAN
1.0,0.0,0.46317333,diffusionprojectedGAN
1.0,1.0,0.5108552,diffusionprojectedGAN
1.0,1.0,0.5082357,diffusionprojectedGAN
1.0,0.0,0.46301687,diffusionprojectedGAN
1.0,0.0,0.45735252,diffusionprojectedGAN
1.0,0.0,0.4546664,diffusionprojectedGAN
1.0,0.0,0.49294242,diffusionprojectedGAN
1.0,0.0,0.4511911,diffusionprojectedGAN
1.0,1.0,0.5091883,diffusionprojectedGAN
1.0,1.0,0.5171644,diffusionprojectedGAN
1.0,1.0,0.54961705,diffusionprojectedGAN
1.0,1.0,0.554612,diffusionprojectedGAN
1.0,1.0,0.52845407,diffusionprojectedGAN
1.0,0.0,0.48354098,diffusionprojectedGAN
1.0,1.0,0.5237389,diffusionprojectedGAN
1.0,0.0,0.4854521,diffusionprojectedGAN
1.0,1.0,0.54256094,diffusionprojectedGAN
1.0,0.0,0.4927223,diffusionprojectedGAN
1.0,0.0,0.4336262,diffusionprojectedGAN
1.0,1.0,0.5340408,diffusionprojectedGAN
1.0,0.0,0.43913785,diffusionprojectedGAN
1.0,1.0,0.5311743,diffusionprojectedGAN
1.0,0.0,0.4685473,diffusionprojectedGAN
1.0,0.0,0.47687298,diffusionprojectedGAN
1.0,0.0,0.4802737,diffusionprojectedGAN
1.0,1.0,0.5084667,diffusionprojectedGAN
1.0,0.0,0.49816564,diffusionprojectedGAN
1.0,1.0,0.5187476,diffusionprojectedGAN
1.0,0.0,0.46985665,diffusionprojectedGAN
1.0,1.0,0.5011338,diffusionprojectedGAN
1.0,0.0,0.49522814,diffusionprojectedGAN
1.0,1.0,0.5289261,diffusionprojectedGAN
1.0,0.0,0.49630865,diffusionprojectedGAN
1.0,1.0,0.5139245,diffusionprojectedGAN
1.0,1.0,0.50040424,diffusionprojectedGAN
1.0,1.0,0.5455567,diffusionprojectedGAN
1.0,0.0,0.47378126,diffusionprojectedGAN
1.0,0.0,0.49041182,diffusionprojectedGAN
1.0,1.0,0.5206472,diffusionprojectedGAN
1.0,0.0,0.49403408,diffusionprojectedGAN
1.0,0.0,0.4990378,diffusionprojectedGAN
1.0,0.0,0.46781564,diffusionprojectedGAN
1.0,0.0,0.4623907,diffusionprojectedGAN
1.0,0.0,0.48614472,diffusionprojectedGAN
1.0,1.0,0.5899475,diffusionprojectedGAN
1.0,0.0,0.48425153,diffusionprojectedGAN
1.0,0.0,0.46216872,diffusionprojectedGAN
1.0,1.0,0.5113067,diffusionprojectedGAN
1.0,1.0,0.528625,diffusionprojectedGAN
1.0,0.0,0.45111287,diffusionprojectedGAN
1.0,1.0,0.52806234,diffusionprojectedGAN
1.0,0.0,0.45726854,diffusionprojectedGAN
1.0,0.0,0.4432824,diffusionprojectedGAN
1.0,0.0,0.49465495,diffusionprojectedGAN
1.0,0.0,0.49069938,diffusionprojectedGAN
1.0,1.0,0.521194,diffusionprojectedGAN
1.0,1.0,0.5455661,diffusionprojectedGAN
1.0,0.0,0.46798915,diffusionprojectedGAN
1.0,0.0,0.4822152,diffusionprojectedGAN
1.0,1.0,0.5111934,diffusionprojectedGAN
1.0,1.0,0.51257604,diffusionprojectedGAN
1.0,0.0,0.4726567,diffusionprojectedGAN
1.0,1.0,0.50167745,diffusionprojectedGAN
1.0,0.0,0.45925206,diffusionprojectedGAN
1.0,1.0,0.529515,diffusionprojectedGAN
1.0,0.0,0.46579695,diffusionprojectedGAN
1.0,1.0,0.5050339,diffusionprojectedGAN
1.0,0.0,0.48629948,diffusionprojectedGAN
1.0,1.0,0.53080004,diffusionprojectedGAN
1.0,1.0,0.5251972,diffusionprojectedGAN
1.0,1.0,0.5495579,diffusionprojectedGAN
1.0,0.0,0.47208878,diffusionprojectedGAN
1.0,1.0,0.54239106,diffusionprojectedGAN
1.0,1.0,0.50698966,diffusionprojectedGAN
1.0,1.0,0.5098855,diffusionprojectedGAN
1.0,1.0,0.50563306,diffusionprojectedGAN
1.0,0.0,0.44894978,diffusionprojectedGAN
1.0,0.0,0.45981875,diffusionprojectedGAN
1.0,0.0,0.46019796,diffusionprojectedGAN
1.0,1.0,0.5137085,diffusionprojectedGAN
1.0,1.0,0.5040687,diffusionprojectedGAN
1.0,0.0,0.4551686,diffusionprojectedGAN
1.0,0.0,0.4929722,diffusionprojectedGAN
1.0,0.0,0.4801259,diffusionprojectedGAN
1.0,0.0,0.45372513,diffusionprojectedGAN
1.0,0.0,0.4887322,diffusionprojectedGAN
1.0,0.0,0.47593027,diffusionprojectedGAN
1.0,1.0,0.5291816,diffusionprojectedGAN
1.0,0.0,0.48244622,diffusionprojectedGAN
1.0,1.0,0.50780916,diffusionprojectedGAN
1.0,1.0,0.5158987,diffusionprojectedGAN
1.0,0.0,0.47070718,diffusionprojectedGAN
1.0,0.0,0.48792106,diffusionprojectedGAN
1.0,1.0,0.515543,diffusionprojectedGAN
1.0,0.0,0.47852662,diffusionprojectedGAN
1.0,1.0,0.50712246,diffusionprojectedGAN
1.0,0.0,0.47023845,diffusionprojectedGAN
1.0,0.0,0.47373873,diffusionprojectedGAN
1.0,1.0,0.5403392,diffusionprojectedGAN
1.0,1.0,0.5502126,diffusionprojectedGAN
1.0,1.0,0.5102108,diffusionprojectedGAN
1.0,0.0,0.47565764,diffusionprojectedGAN
1.0,0.0,0.4991649,diffusionprojectedGAN
1.0,1.0,0.52661884,diffusionprojectedGAN
1.0,1.0,0.51731986,diffusionprojectedGAN
1.0,0.0,0.47318017,diffusionprojectedGAN
1.0,1.0,0.5185188,diffusionprojectedGAN
1.0,1.0,0.5218051,diffusionprojectedGAN
1.0,0.0,0.47651893,diffusionprojectedGAN
1.0,1.0,0.5061074,diffusionprojectedGAN
1.0,1.0,0.5228116,diffusionprojectedGAN
1.0,0.0,0.48261592,diffusionprojectedGAN
1.0,1.0,0.54392064,diffusionprojectedGAN
1.0,1.0,0.51413465,diffusionprojectedGAN
1.0,1.0,0.5061006,diffusionprojectedGAN
1.0,0.0,0.42175832,diffusionprojectedGAN
1.0,1.0,0.5118354,diffusionprojectedGAN
1.0,0.0,0.47452685,diffusionprojectedGAN
1.0,1.0,0.53069556,diffusionprojectedGAN
1.0,1.0,0.53274465,diffusionprojectedGAN
1.0,1.0,0.5171518,diffusionprojectedGAN
1.0,1.0,0.5287782,diffusionprojectedGAN
1.0,1.0,0.5268578,diffusionprojectedGAN
1.0,0.0,0.4587049,diffusionprojectedGAN
1.0,1.0,0.51810926,diffusionprojectedGAN
1.0,1.0,0.53829,diffusionprojectedGAN
1.0,0.0,0.45156288,diffusionprojectedGAN
1.0,0.0,0.48355994,diffusionprojectedGAN
1.0,1.0,0.505801,diffusionprojectedGAN
1.0,0.0,0.4639534,diffusionprojectedGAN
1.0,0.0,0.460773,diffusionprojectedGAN
1.0,1.0,0.5315331,diffusionprojectedGAN
1.0,0.0,0.483232,diffusionprojectedGAN
1.0,1.0,0.5472293,diffusionprojectedGAN
1.0,0.0,0.48806173,diffusionprojectedGAN
1.0,0.0,0.45305908,diffusionprojectedGAN
1.0,0.0,0.4588889,diffusionprojectedGAN
1.0,0.0,0.47003683,diffusionprojectedGAN
1.0,1.0,0.52993023,diffusionprojectedGAN
1.0,0.0,0.49034762,diffusionprojectedGAN
1.0,0.0,0.46534616,diffusionprojectedGAN
1.0,1.0,0.541017,diffusionprojectedGAN
1.0,1.0,0.5555095,diffusionprojectedGAN
1.0,1.0,0.5448975,diffusionprojectedGAN
1.0,0.0,0.48492146,diffusionprojectedGAN
1.0,1.0,0.50237006,diffusionprojectedGAN
1.0,1.0,0.5319937,diffusionprojectedGAN
1.0,0.0,0.4553103,diffusionprojectedGAN
1.0,0.0,0.48501697,diffusionprojectedGAN
1.0,0.0,0.48406896,diffusionprojectedGAN
1.0,1.0,0.50987977,diffusionprojectedGAN
1.0,1.0,0.50748813,diffusionprojectedGAN
1.0,0.0,0.48493218,diffusionprojectedGAN
1.0,1.0,0.5209011,diffusionprojectedGAN
1.0,1.0,0.5154133,diffusionprojectedGAN
1.0,0.0,0.46344432,diffusionprojectedGAN
1.0,0.0,0.48995122,diffusionprojectedGAN
1.0,0.0,0.48110852,diffusionprojectedGAN
1.0,1.0,0.55835307,diffusionprojectedGAN
1.0,1.0,0.5388385,diffusionprojectedGAN
1.0,0.0,0.4826287,diffusionprojectedGAN
1.0,0.0,0.4540435,diffusionprojectedGAN
1.0,1.0,0.5536513,diffusionprojectedGAN
1.0,1.0,0.50543815,diffusionprojectedGAN
1.0,1.0,0.55216664,diffusionprojectedGAN
1.0,0.0,0.49833626,diffusionprojectedGAN
1.0,0.0,0.47611758,diffusionprojectedGAN
1.0,0.0,0.46830055,diffusionprojectedGAN
1.0,1.0,0.5070877,diffusionprojectedGAN
1.0,0.0,0.46312535,diffusionprojectedGAN
1.0,0.0,0.4632039,diffusionprojectedGAN
1.0,1.0,0.51955354,diffusionprojectedGAN
1.0,1.0,0.50851023,diffusionprojectedGAN
1.0,1.0,0.524091,diffusionprojectedGAN
1.0,1.0,0.56310606,diffusionprojectedGAN
1.0,1.0,0.5255185,diffusionprojectedGAN
1.0,0.0,0.48629487,diffusionprojectedGAN
1.0,0.0,0.45871693,diffusionprojectedGAN
1.0,0.0,0.45624897,diffusionprojectedGAN
1.0,1.0,0.5593057,diffusionprojectedGAN
1.0,1.0,0.5322032,diffusionprojectedGAN
1.0,1.0,0.5764339,diffusionprojectedGAN
1.0,1.0,0.5343746,diffusionprojectedGAN
1.0,0.0,0.45111296,diffusionprojectedGAN
1.0,1.0,0.5250871,diffusionprojectedGAN
1.0,0.0,0.47649378,diffusionprojectedGAN
1.0,0.0,0.4734525,diffusionprojectedGAN
1.0,0.0,0.47180045,diffusionprojectedGAN
1.0,1.0,0.50400746,diffusionprojectedGAN
1.0,0.0,0.49838102,diffusionprojectedGAN
1.0,0.0,0.47861835,diffusionprojectedGAN
1.0,1.0,0.51164734,diffusionprojectedGAN
1.0,0.0,0.46263015,diffusionprojectedGAN
1.0,1.0,0.53094894,diffusionprojectedGAN
1.0,0.0,0.44658825,diffusionprojectedGAN
1.0,1.0,0.55460083,diffusionprojectedGAN
1.0,0.0,0.47321188,diffusionprojectedGAN
1.0,1.0,0.50820607,diffusionprojectedGAN
1.0,0.0,0.4582935,diffusionprojectedGAN
1.0,1.0,0.5634782,diffusionprojectedGAN
1.0,0.0,0.41220298,diffusionprojectedGAN
1.0,1.0,0.5358307,diffusionprojectedGAN
1.0,1.0,0.5506056,diffusionprojectedGAN
1.0,0.0,0.46632695,diffusionprojectedGAN
1.0,1.0,0.5475261,diffusionprojectedGAN
1.0,0.0,0.49154624,diffusionprojectedGAN
1.0,0.0,0.49659264,diffusionprojectedGAN
1.0,0.0,0.4665374,diffusionprojectedGAN
1.0,0.0,0.49726158,diffusionprojectedGAN
1.0,0.0,0.46966735,diffusionprojectedGAN
1.0,0.0,0.45492116,diffusionprojectedGAN
1.0,1.0,0.52138364,diffusionprojectedGAN
1.0,0.0,0.488155,diffusionprojectedGAN
1.0,1.0,0.5650563,diffusionprojectedGAN
1.0,0.0,0.46800783,diffusionprojectedGAN
1.0,1.0,0.5159915,diffusionprojectedGAN
1.0,0.0,0.48325562,diffusionprojectedGAN
1.0,0.0,0.4677229,diffusionprojectedGAN
1.0,0.0,0.4911216,diffusionprojectedGAN
1.0,0.0,0.49654257,diffusionprojectedGAN
1.0,0.0,0.4519507,diffusionprojectedGAN
1.0,0.0,0.47432154,diffusionprojectedGAN
1.0,0.0,0.4569944,diffusionprojectedGAN
1.0,1.0,0.57400125,diffusionprojectedGAN
1.0,0.0,0.43156204,diffusionprojectedGAN
1.0,1.0,0.5291578,diffusionprojectedGAN
1.0,1.0,0.5025623,diffusionprojectedGAN
1.0,1.0,0.53338957,diffusionprojectedGAN
1.0,1.0,0.5895078,diffusionprojectedGAN
1.0,1.0,0.5036358,diffusionprojectedGAN
1.0,1.0,0.5305723,diffusionprojectedGAN
1.0,1.0,0.557406,diffusionprojectedGAN
1.0,1.0,0.5145671,diffusionprojectedGAN
1.0,1.0,0.5392804,diffusionprojectedGAN
1.0,0.0,0.4613401,diffusionprojectedGAN
1.0,1.0,0.5209037,diffusionprojectedGAN
1.0,0.0,0.48083064,diffusionprojectedGAN
1.0,1.0,0.5574702,diffusionprojectedGAN
1.0,1.0,0.5284727,diffusionprojectedGAN
1.0,0.0,0.49346048,diffusionprojectedGAN
1.0,1.0,0.50997293,diffusionprojectedGAN
1.0,1.0,0.5206296,diffusionprojectedGAN
1.0,0.0,0.4638113,diffusionprojectedGAN
1.0,1.0,0.5173606,diffusionprojectedGAN
1.0,0.0,0.4942869,diffusionprojectedGAN
1.0,1.0,0.5173972,diffusionprojectedGAN
1.0,1.0,0.5415163,diffusionprojectedGAN
1.0,1.0,0.5203573,diffusionprojectedGAN
1.0,0.0,0.48297948,diffusionprojectedGAN
1.0,1.0,0.5378838,diffusionprojectedGAN
1.0,0.0,0.49721885,diffusionprojectedGAN
1.0,0.0,0.42964804,diffusionprojectedGAN
1.0,0.0,0.49086478,diffusionprojectedGAN
1.0,0.0,0.4742034,diffusionprojectedGAN
1.0,0.0,0.47757626,diffusionprojectedGAN
1.0,1.0,0.50646377,diffusionprojectedGAN
1.0,1.0,0.55501074,diffusionprojectedGAN
1.0,1.0,0.51395726,diffusionprojectedGAN
1.0,1.0,0.51567477,diffusionprojectedGAN
1.0,1.0,0.5068086,diffusionprojectedGAN
1.0,1.0,0.57987946,diffusionprojectedGAN
1.0,0.0,0.47478792,diffusionprojectedGAN
1.0,0.0,0.46484697,diffusionprojectedGAN
1.0,0.0,0.41921452,diffusionprojectedGAN
1.0,0.0,0.49147215,diffusionprojectedGAN
1.0,0.0,0.49180904,diffusionprojectedGAN
1.0,1.0,0.56183,diffusionprojectedGAN
1.0,0.0,0.4879249,diffusionprojectedGAN
1.0,1.0,0.5373196,diffusionprojectedGAN
1.0,1.0,0.50853187,diffusionprojectedGAN
1.0,0.0,0.46603367,diffusionprojectedGAN
1.0,1.0,0.5659698,diffusionprojectedGAN
1.0,1.0,0.50758374,diffusionprojectedGAN
1.0,1.0,0.55789405,diffusionprojectedGAN
1.0,0.0,0.4905388,diffusionprojectedGAN
1.0,1.0,0.55325997,diffusionprojectedGAN
1.0,1.0,0.59456694,diffusionprojectedGAN
1.0,0.0,0.46152985,diffusionprojectedGAN
1.0,1.0,0.50349396,diffusionprojectedGAN
1.0,1.0,0.502987,diffusionprojectedGAN
1.0,1.0,0.5439751,diffusionprojectedGAN
1.0,1.0,0.5254557,diffusionprojectedGAN
1.0,1.0,0.5706672,diffusionprojectedGAN
1.0,1.0,0.52553475,diffusionprojectedGAN
1.0,0.0,0.4682091,diffusionprojectedGAN
1.0,1.0,0.52963835,diffusionprojectedGAN
1.0,0.0,0.49661812,diffusionprojectedGAN
1.0,0.0,0.49201387,diffusionprojectedGAN
1.0,1.0,0.5032026,diffusionprojectedGAN
1.0,1.0,0.5007828,diffusionprojectedGAN
1.0,1.0,0.5421285,diffusionprojectedGAN
1.0,0.0,0.47500113,diffusionprojectedGAN
1.0,1.0,0.54581976,diffusionprojectedGAN
1.0,0.0,0.4865045,diffusionprojectedGAN
1.0,1.0,0.54334074,diffusionprojectedGAN
1.0,0.0,0.45023978,diffusionprojectedGAN
1.0,0.0,0.46835086,diffusionprojectedGAN
1.0,0.0,0.49464205,diffusionprojectedGAN
1.0,1.0,0.50153893,diffusionprojectedGAN
1.0,0.0,0.4781388,diffusionprojectedGAN
1.0,1.0,0.5414817,diffusionprojectedGAN
1.0,1.0,0.5035911,diffusionprojectedGAN
1.0,1.0,0.5468267,diffusionprojectedGAN
1.0,0.0,0.4546051,diffusionprojectedGAN
1.0,0.0,0.46643698,diffusionprojectedGAN
1.0,1.0,0.5402884,diffusionprojectedGAN
1.0,0.0,0.46862328,diffusionprojectedGAN
1.0,0.0,0.42890492,diffusionprojectedGAN
1.0,0.0,0.46980074,diffusionprojectedGAN
1.0,0.0,0.45414865,diffusionprojectedGAN
1.0,1.0,0.50219864,diffusionprojectedGAN
1.0,0.0,0.48183817,diffusionprojectedGAN
1.0,0.0,0.46424004,diffusionprojectedGAN
1.0,1.0,0.5513499,diffusionprojectedGAN
1.0,0.0,0.46691382,diffusionprojectedGAN
1.0,1.0,0.5339652,diffusionprojectedGAN
1.0,1.0,0.5255018,diffusionprojectedGAN
1.0,1.0,0.5675081,diffusionprojectedGAN
1.0,1.0,0.5040991,diffusionprojectedGAN
1.0,0.0,0.4762753,diffusionprojectedGAN
1.0,0.0,0.4664781,diffusionprojectedGAN
1.0,0.0,0.45171666,diffusionprojectedGAN
1.0,1.0,0.54319644,diffusionprojectedGAN
1.0,1.0,0.53347594,diffusionprojectedGAN
1.0,0.0,0.48430097,diffusionprojectedGAN
1.0,1.0,0.5231641,diffusionprojectedGAN
1.0,0.0,0.46841547,diffusionprojectedGAN
1.0,0.0,0.4674563,diffusionprojectedGAN
1.0,0.0,0.4507235,diffusionprojectedGAN
1.0,0.0,0.4704578,diffusionprojectedGAN
1.0,1.0,0.53223056,diffusionprojectedGAN
1.0,0.0,0.46289855,diffusionprojectedGAN
1.0,1.0,0.5285207,diffusionprojectedGAN
1.0,0.0,0.4865986,diffusionprojectedGAN
1.0,0.0,0.48768118,diffusionprojectedGAN
1.0,0.0,0.45982966,diffusionprojectedGAN
1.0,0.0,0.4926949,diffusionprojectedGAN
1.0,1.0,0.53835976,diffusionprojectedGAN
1.0,1.0,0.5636585,diffusionprojectedGAN
1.0,1.0,0.5148291,diffusionprojectedGAN
1.0,0.0,0.45848417,diffusionprojectedGAN
1.0,1.0,0.5383363,diffusionprojectedGAN
1.0,0.0,0.4990421,diffusionprojectedGAN
1.0,0.0,0.46061257,diffusionprojectedGAN
1.0,1.0,0.56517607,diffusionprojectedGAN
1.0,0.0,0.42929316,diffusionprojectedGAN
1.0,0.0,0.4958546,diffusionprojectedGAN
1.0,1.0,0.55196255,diffusionprojectedGAN
1.0,0.0,0.4952967,diffusionprojectedGAN
1.0,1.0,0.52020687,diffusionprojectedGAN
1.0,0.0,0.45616457,diffusionprojectedGAN
1.0,0.0,0.45197788,diffusionprojectedGAN
1.0,0.0,0.4392016,diffusionprojectedGAN
1.0,1.0,0.5379658,diffusionprojectedGAN
1.0,0.0,0.49425933,styleGAN2
1.0,1.0,0.5386091,styleGAN2
1.0,0.0,0.44610658,styleGAN2
1.0,0.0,0.4965323,styleGAN2
1.0,0.0,0.488366,styleGAN2
1.0,0.0,0.49176,styleGAN2
1.0,0.0,0.48888424,styleGAN2
1.0,1.0,0.5133108,styleGAN2
1.0,0.0,0.45694444,styleGAN2
1.0,1.0,0.5405877,styleGAN2
1.0,0.0,0.47514978,styleGAN2
1.0,0.0,0.48237193,styleGAN2
1.0,1.0,0.50691134,styleGAN2
1.0,0.0,0.49201617,styleGAN2
1.0,1.0,0.5267934,styleGAN2
1.0,1.0,0.517858,styleGAN2
1.0,1.0,0.5072266,styleGAN2
1.0,0.0,0.46191528,styleGAN2
1.0,0.0,0.46983528,styleGAN2
1.0,1.0,0.5060643,styleGAN2
1.0,0.0,0.4762557,styleGAN2
1.0,1.0,0.5258729,styleGAN2
1.0,1.0,0.50161487,styleGAN2
1.0,0.0,0.46224782,styleGAN2
1.0,0.0,0.46382883,styleGAN2
1.0,0.0,0.49522808,styleGAN2
1.0,1.0,0.5870566,styleGAN2
1.0,1.0,0.5120052,styleGAN2
1.0,1.0,0.50701326,styleGAN2
1.0,0.0,0.4932985,styleGAN2
1.0,1.0,0.5258023,styleGAN2
1.0,0.0,0.45929652,styleGAN2
1.0,0.0,0.4584502,styleGAN2
1.0,0.0,0.4788835,styleGAN2
1.0,0.0,0.4691184,styleGAN2
1.0,0.0,0.4682376,styleGAN2
1.0,0.0,0.47246933,styleGAN2
1.0,0.0,0.4961191,styleGAN2
1.0,1.0,0.5094949,styleGAN2
1.0,0.0,0.47977298,styleGAN2
1.0,1.0,0.5534473,styleGAN2
1.0,0.0,0.46466735,styleGAN2
1.0,0.0,0.4653111,styleGAN2
1.0,0.0,0.47889262,styleGAN2
1.0,0.0,0.4508495,styleGAN2
1.0,0.0,0.47475147,styleGAN2
1.0,0.0,0.46788484,styleGAN2
1.0,0.0,0.48398814,styleGAN2
1.0,1.0,0.5220714,styleGAN2
1.0,1.0,0.5059871,styleGAN2
1.0,1.0,0.5244149,styleGAN2
1.0,0.0,0.4805673,styleGAN2
1.0,0.0,0.49276826,styleGAN2
1.0,0.0,0.47877052,styleGAN2
1.0,0.0,0.47181085,styleGAN2
1.0,0.0,0.46529427,styleGAN2
1.0,1.0,0.50302887,styleGAN2
1.0,0.0,0.46653262,styleGAN2
1.0,0.0,0.46276215,styleGAN2
1.0,0.0,0.4760209,styleGAN2
1.0,1.0,0.50898004,styleGAN2
1.0,0.0,0.47993374,styleGAN2
1.0,0.0,0.4449197,styleGAN2
1.0,0.0,0.49310765,styleGAN2
1.0,1.0,0.5250745,styleGAN2
1.0,0.0,0.49838778,styleGAN2
1.0,1.0,0.52185845,styleGAN2
1.0,0.0,0.48628077,styleGAN2
1.0,1.0,0.5241624,styleGAN2
1.0,0.0,0.49297926,styleGAN2
1.0,0.0,0.45049548,styleGAN2
1.0,0.0,0.474825,styleGAN2
1.0,0.0,0.46538985,styleGAN2
1.0,0.0,0.49436975,styleGAN2
1.0,1.0,0.5212923,styleGAN2
1.0,0.0,0.48566264,styleGAN2
1.0,0.0,0.47517148,styleGAN2
1.0,1.0,0.5336778,styleGAN2
1.0,0.0,0.49493536,styleGAN2
1.0,1.0,0.51176053,styleGAN2
1.0,0.0,0.437278,styleGAN2
1.0,1.0,0.50901955,styleGAN2
1.0,0.0,0.4442944,styleGAN2
1.0,0.0,0.4517238,styleGAN2
1.0,1.0,0.50489473,styleGAN2
1.0,0.0,0.46308956,styleGAN2
1.0,0.0,0.44699365,styleGAN2
1.0,1.0,0.52806437,styleGAN2
1.0,0.0,0.47067896,styleGAN2
1.0,1.0,0.5082043,styleGAN2
1.0,1.0,0.51557136,styleGAN2
1.0,0.0,0.48506796,styleGAN2
1.0,0.0,0.4502789,styleGAN2
1.0,0.0,0.46739754,styleGAN2
1.0,1.0,0.52835053,styleGAN2
1.0,0.0,0.47221828,styleGAN2
1.0,0.0,0.45995238,styleGAN2
1.0,0.0,0.42954203,styleGAN2
1.0,0.0,0.4826489,styleGAN2
1.0,0.0,0.44042593,styleGAN2
1.0,1.0,0.52170724,styleGAN2
1.0,0.0,0.4792639,styleGAN2
1.0,0.0,0.49485582,styleGAN2
1.0,1.0,0.5007242,styleGAN2
1.0,0.0,0.46053055,styleGAN2
1.0,1.0,0.5155788,styleGAN2
1.0,0.0,0.45341808,styleGAN2
1.0,0.0,0.4907819,styleGAN2
1.0,1.0,0.5177371,styleGAN2
1.0,0.0,0.48481464,styleGAN2
1.0,0.0,0.45854628,styleGAN2
1.0,0.0,0.48844722,styleGAN2
1.0,0.0,0.47852978,styleGAN2
1.0,0.0,0.4895275,styleGAN2
1.0,0.0,0.4768475,styleGAN2
1.0,0.0,0.47951156,styleGAN2
1.0,1.0,0.5428313,styleGAN2
1.0,0.0,0.47168118,styleGAN2
1.0,1.0,0.5203435,styleGAN2
1.0,0.0,0.47338673,styleGAN2
1.0,0.0,0.44179773,styleGAN2
1.0,0.0,0.4642531,styleGAN2
1.0,0.0,0.45818886,styleGAN2
1.0,1.0,0.51376706,styleGAN2
1.0,0.0,0.48064765,styleGAN2
1.0,0.0,0.46548027,styleGAN2
1.0,1.0,0.50367224,styleGAN2
1.0,1.0,0.5461202,styleGAN2
1.0,0.0,0.4967124,styleGAN2
1.0,0.0,0.46269685,styleGAN2
1.0,0.0,0.4824014,styleGAN2
1.0,0.0,0.47303933,styleGAN2
1.0,0.0,0.46934423,styleGAN2
1.0,0.0,0.47486544,styleGAN2
1.0,1.0,0.52183276,styleGAN2
1.0,1.0,0.5381422,styleGAN2
1.0,0.0,0.49918884,styleGAN2
1.0,0.0,0.46091446,styleGAN2
1.0,0.0,0.46129206,styleGAN2
1.0,0.0,0.47469282,styleGAN2
1.0,0.0,0.48509958,styleGAN2
1.0,1.0,0.5023616,styleGAN2
1.0,1.0,0.50818646,styleGAN2
1.0,0.0,0.45817825,styleGAN2
1.0,1.0,0.5228127,styleGAN2
1.0,0.0,0.45230022,styleGAN2
1.0,0.0,0.49392542,styleGAN2
1.0,1.0,0.5076449,styleGAN2
1.0,1.0,0.53282934,styleGAN2
1.0,0.0,0.46627936,styleGAN2
1.0,0.0,0.48324135,styleGAN2
1.0,0.0,0.49178702,styleGAN2
1.0,0.0,0.4587889,styleGAN2
1.0,0.0,0.48473004,styleGAN2
1.0,1.0,0.5205053,styleGAN2
1.0,0.0,0.46351975,styleGAN2
1.0,0.0,0.4852428,styleGAN2
1.0,0.0,0.48275074,styleGAN2
1.0,1.0,0.5274096,styleGAN2
1.0,0.0,0.47158954,styleGAN2
1.0,0.0,0.43873256,styleGAN2
1.0,1.0,0.51322156,styleGAN2
1.0,1.0,0.5176217,styleGAN2
1.0,0.0,0.49011692,styleGAN2
1.0,0.0,0.48864833,styleGAN2
1.0,1.0,0.51547253,styleGAN2
1.0,0.0,0.46882612,styleGAN2
1.0,0.0,0.4930449,styleGAN2
1.0,1.0,0.5236099,styleGAN2
1.0,0.0,0.47500175,styleGAN2
1.0,0.0,0.48059243,styleGAN2
1.0,0.0,0.42833585,styleGAN2
1.0,0.0,0.49596483,styleGAN2
1.0,0.0,0.49816936,styleGAN2
1.0,0.0,0.4709402,styleGAN2
1.0,0.0,0.44296598,styleGAN2
1.0,1.0,0.5286401,styleGAN2
1.0,0.0,0.45650804,styleGAN2
1.0,1.0,0.5017763,styleGAN2
1.0,1.0,0.54509693,styleGAN2
1.0,1.0,0.50954586,styleGAN2
1.0,0.0,0.4903161,styleGAN2
1.0,1.0,0.51953167,styleGAN2
1.0,0.0,0.48091424,styleGAN2
1.0,1.0,0.5211643,styleGAN2
1.0,0.0,0.49696168,styleGAN2
1.0,0.0,0.46143523,styleGAN2
1.0,0.0,0.46322602,styleGAN2
1.0,1.0,0.5067955,styleGAN2
1.0,0.0,0.4729803,styleGAN2
1.0,0.0,0.46777818,styleGAN2
1.0,0.0,0.49580967,styleGAN2
1.0,0.0,0.4641063,styleGAN2
1.0,0.0,0.4958324,styleGAN2
1.0,0.0,0.47738972,styleGAN2
1.0,1.0,0.5047812,styleGAN2
1.0,1.0,0.5933741,styleGAN2
1.0,0.0,0.47595727,styleGAN2
1.0,1.0,0.5376327,styleGAN2
1.0,0.0,0.4881229,styleGAN2
1.0,0.0,0.470851,styleGAN2
1.0,0.0,0.47762153,styleGAN2
1.0,1.0,0.5166475,styleGAN2
1.0,0.0,0.47744307,styleGAN2
1.0,0.0,0.44898424,styleGAN2
1.0,0.0,0.44766542,styleGAN2
1.0,0.0,0.47795612,styleGAN2
1.0,1.0,0.5177205,styleGAN2
1.0,0.0,0.45952436,styleGAN2
1.0,1.0,0.5316766,styleGAN2
1.0,0.0,0.48042706,styleGAN2
1.0,0.0,0.45287386,styleGAN2
1.0,0.0,0.4861428,styleGAN2
1.0,0.0,0.47095197,styleGAN2
1.0,1.0,0.5238295,styleGAN2
1.0,0.0,0.44654906,styleGAN2
1.0,0.0,0.47032586,styleGAN2
1.0,0.0,0.47774374,styleGAN2
1.0,1.0,0.50475043,styleGAN2
1.0,0.0,0.48852667,styleGAN2
1.0,0.0,0.48018327,styleGAN2
1.0,0.0,0.47001576,styleGAN2
1.0,1.0,0.5240321,styleGAN2
1.0,0.0,0.4643443,styleGAN2
1.0,1.0,0.5308179,styleGAN2
1.0,0.0,0.4463581,styleGAN2
1.0,1.0,0.50797814,styleGAN2
1.0,0.0,0.4400221,styleGAN2
1.0,1.0,0.5571508,styleGAN2
1.0,1.0,0.5463473,styleGAN2
1.0,1.0,0.5076283,styleGAN2
1.0,1.0,0.5037468,styleGAN2
1.0,0.0,0.47251502,styleGAN2
1.0,0.0,0.45895505,styleGAN2
1.0,0.0,0.46864706,styleGAN2
1.0,1.0,0.51342493,styleGAN2
1.0,1.0,0.54252046,styleGAN2
1.0,0.0,0.47209528,styleGAN2
1.0,0.0,0.45357105,styleGAN2
1.0,1.0,0.52965504,styleGAN2
1.0,0.0,0.4978387,styleGAN2
1.0,0.0,0.4494363,styleGAN2
1.0,0.0,0.46354648,styleGAN2
1.0,1.0,0.52070343,styleGAN2
1.0,0.0,0.44474205,styleGAN2
1.0,1.0,0.52999467,styleGAN2
1.0,0.0,0.48573306,styleGAN2
1.0,0.0,0.4993905,styleGAN2
1.0,1.0,0.5267375,styleGAN2
1.0,0.0,0.4665082,styleGAN2
1.0,0.0,0.473594,styleGAN2
1.0,0.0,0.46907926,styleGAN2
1.0,0.0,0.49112055,styleGAN2
1.0,1.0,0.50097626,styleGAN2
1.0,1.0,0.5173883,styleGAN2
1.0,0.0,0.46167016,styleGAN2
1.0,0.0,0.4931209,styleGAN2
1.0,1.0,0.55175686,styleGAN2
1.0,0.0,0.4826907,styleGAN2
1.0,1.0,0.5217291,styleGAN2
1.0,0.0,0.45213267,styleGAN2
1.0,1.0,0.51571053,styleGAN2
1.0,0.0,0.4777484,styleGAN2
1.0,0.0,0.47543725,styleGAN2
1.0,0.0,0.48554796,styleGAN2
1.0,0.0,0.48411942,styleGAN2
1.0,0.0,0.46250328,styleGAN2
1.0,0.0,0.4690119,styleGAN2
1.0,1.0,0.50043434,styleGAN2
1.0,1.0,0.5173835,styleGAN2
1.0,0.0,0.47111878,styleGAN2
1.0,0.0,0.45620033,styleGAN2
1.0,1.0,0.5165422,styleGAN2
1.0,0.0,0.48969555,styleGAN2
1.0,0.0,0.4895259,styleGAN2
1.0,0.0,0.496284,styleGAN2
1.0,0.0,0.45933837,styleGAN2
1.0,0.0,0.45936462,styleGAN2
1.0,1.0,0.5218739,styleGAN2
1.0,1.0,0.5205889,styleGAN2
1.0,0.0,0.48632923,styleGAN2
1.0,1.0,0.50172424,styleGAN2
1.0,1.0,0.5107888,styleGAN2
1.0,0.0,0.48647982,styleGAN2
1.0,1.0,0.55457085,styleGAN2
1.0,0.0,0.48448467,styleGAN2
1.0,0.0,0.49609375,styleGAN2
1.0,1.0,0.55967504,styleGAN2
1.0,0.0,0.4723275,styleGAN2
1.0,0.0,0.4554086,styleGAN2
1.0,0.0,0.48327366,styleGAN2
1.0,0.0,0.49103838,styleGAN2
1.0,0.0,0.44627765,styleGAN2
1.0,0.0,0.48589063,styleGAN2
1.0,0.0,0.47730628,styleGAN2
1.0,0.0,0.446475,styleGAN2
1.0,1.0,0.54834527,styleGAN2
1.0,0.0,0.49170446,styleGAN2
1.0,0.0,0.45874432,styleGAN2
1.0,0.0,0.48711798,styleGAN2
1.0,0.0,0.47313944,styleGAN2
1.0,0.0,0.48079494,styleGAN2
1.0,0.0,0.47524044,styleGAN2
1.0,0.0,0.4451614,styleGAN2
1.0,0.0,0.4901412,styleGAN2
1.0,1.0,0.5374178,styleGAN2
1.0,1.0,0.50529855,styleGAN2
1.0,0.0,0.487814,styleGAN2
1.0,1.0,0.53011876,styleGAN2
1.0,0.0,0.4771843,styleGAN2
1.0,1.0,0.515129,styleGAN2
1.0,1.0,0.5028504,styleGAN2
1.0,0.0,0.48512867,styleGAN2
1.0,0.0,0.46382546,styleGAN2
1.0,1.0,0.52564263,styleGAN2
1.0,1.0,0.527227,styleGAN2
1.0,0.0,0.44671437,styleGAN2
1.0,0.0,0.47502485,styleGAN2
1.0,0.0,0.46128237,styleGAN2
1.0,0.0,0.47725716,styleGAN2
1.0,1.0,0.5125995,styleGAN2
1.0,0.0,0.47516572,styleGAN2
1.0,1.0,0.52003604,styleGAN2
1.0,1.0,0.5277199,styleGAN2
1.0,0.0,0.46623787,styleGAN2
1.0,1.0,0.5241247,styleGAN2
1.0,0.0,0.4978864,styleGAN2
1.0,1.0,0.5124628,styleGAN2
1.0,0.0,0.45703226,styleGAN2
1.0,0.0,0.46873587,styleGAN2
1.0,0.0,0.43821034,styleGAN2
1.0,1.0,0.5074805,styleGAN2
1.0,1.0,0.5199331,styleGAN2
1.0,0.0,0.48671392,starGAN
1.0,1.0,0.5192324,starGAN
1.0,1.0,0.51165825,starGAN
1.0,1.0,0.5475754,starGAN
1.0,1.0,0.5197055,starGAN
1.0,1.0,0.5401088,starGAN
1.0,1.0,0.52058536,starGAN
1.0,1.0,0.54785323,starGAN
1.0,1.0,0.5124929,starGAN
1.0,1.0,0.5887682,starGAN
1.0,1.0,0.5275929,starGAN
1.0,1.0,0.5319142,starGAN
1.0,1.0,0.50266784,starGAN
1.0,0.0,0.47694826,starGAN
1.0,0.0,0.4811248,starGAN
1.0,1.0,0.51881784,starGAN
1.0,1.0,0.54059565,starGAN
1.0,0.0,0.48097676,starGAN
1.0,0.0,0.4946238,starGAN
1.0,1.0,0.5503199,starGAN
1.0,0.0,0.49296594,starGAN
1.0,0.0,0.47581387,starGAN
1.0,1.0,0.5190339,starGAN
1.0,1.0,0.5088387,starGAN
1.0,1.0,0.5754829,starGAN
1.0,1.0,0.52058876,starGAN
1.0,1.0,0.5526885,starGAN
1.0,1.0,0.5446831,starGAN
1.0,1.0,0.52080095,starGAN
1.0,1.0,0.56205094,starGAN
1.0,1.0,0.5408525,starGAN
1.0,1.0,0.50067157,starGAN
1.0,1.0,0.5244264,starGAN
1.0,1.0,0.53213924,starGAN
1.0,1.0,0.5655229,starGAN
1.0,1.0,0.5405949,starGAN
1.0,1.0,0.53888285,starGAN
1.0,1.0,0.53850454,starGAN
1.0,1.0,0.5686383,starGAN
1.0,1.0,0.51823986,starGAN
1.0,1.0,0.556048,starGAN
1.0,1.0,0.52296525,starGAN
1.0,1.0,0.5343873,starGAN
1.0,1.0,0.5060068,starGAN
1.0,1.0,0.58215785,starGAN
1.0,1.0,0.56044173,starGAN
1.0,1.0,0.55923396,starGAN
1.0,1.0,0.5217904,starGAN
1.0,1.0,0.50579673,starGAN
1.0,1.0,0.5264737,starGAN
1.0,1.0,0.54305756,starGAN
1.0,1.0,0.5183104,starGAN
1.0,1.0,0.5802149,starGAN
1.0,1.0,0.5125276,starGAN
1.0,1.0,0.50660425,starGAN
1.0,1.0,0.61075616,starGAN
1.0,1.0,0.53480166,starGAN
1.0,1.0,0.51458865,starGAN
1.0,1.0,0.51711226,starGAN
1.0,1.0,0.52086,starGAN
1.0,1.0,0.51927996,starGAN
1.0,1.0,0.5606699,starGAN
1.0,1.0,0.5625911,starGAN
1.0,1.0,0.50685287,starGAN
1.0,1.0,0.50862783,starGAN
1.0,1.0,0.5537076,starGAN
1.0,1.0,0.5954493,starGAN
1.0,0.0,0.47138494,starGAN
1.0,1.0,0.5146887,starGAN
1.0,1.0,0.56330514,starGAN
1.0,1.0,0.5686013,starGAN
1.0,1.0,0.50498736,starGAN
1.0,1.0,0.5448284,starGAN
1.0,1.0,0.51848865,starGAN
1.0,1.0,0.504728,starGAN
1.0,1.0,0.5421442,starGAN
1.0,1.0,0.52474606,starGAN
1.0,0.0,0.49806774,starGAN
1.0,1.0,0.52762306,starGAN
1.0,1.0,0.5077079,starGAN
1.0,1.0,0.5466385,starGAN
1.0,1.0,0.5177116,starGAN
1.0,1.0,0.5205496,starGAN
1.0,1.0,0.5473296,starGAN
1.0,1.0,0.5303644,starGAN
1.0,1.0,0.5204658,starGAN
1.0,0.0,0.49075943,starGAN
1.0,0.0,0.4814413,starGAN
1.0,1.0,0.50871694,starGAN
1.0,0.0,0.46023905,starGAN
1.0,1.0,0.504601,starGAN
1.0,0.0,0.49333912,starGAN
1.0,1.0,0.5710952,starGAN
1.0,0.0,0.4910442,starGAN
1.0,0.0,0.47101316,starGAN
1.0,1.0,0.546748,starGAN
1.0,0.0,0.49831843,starGAN
1.0,1.0,0.5113604,starGAN
1.0,1.0,0.5356727,starGAN
1.0,1.0,0.5587217,starGAN
1.0,1.0,0.5858626,starGAN
1.0,1.0,0.5069114,starGAN
1.0,1.0,0.50608844,starGAN
1.0,1.0,0.5121566,starGAN
1.0,1.0,0.5084795,starGAN
1.0,1.0,0.5485916,starGAN
1.0,1.0,0.5137472,starGAN
1.0,1.0,0.53731006,starGAN
1.0,1.0,0.55872905,starGAN
1.0,1.0,0.5563243,starGAN
1.0,1.0,0.52305233,starGAN
1.0,1.0,0.5650794,starGAN
1.0,0.0,0.4780967,starGAN
1.0,1.0,0.5272136,starGAN
1.0,1.0,0.54658866,starGAN
1.0,1.0,0.5706387,starGAN
1.0,1.0,0.5715463,starGAN
1.0,1.0,0.52796286,starGAN
1.0,1.0,0.5394545,starGAN
1.0,1.0,0.5350672,starGAN
1.0,1.0,0.52554005,starGAN
1.0,1.0,0.5405972,starGAN
1.0,1.0,0.5553013,starGAN
1.0,1.0,0.5263804,starGAN
1.0,1.0,0.5455305,starGAN
1.0,1.0,0.5289626,starGAN
1.0,1.0,0.53453404,starGAN
1.0,1.0,0.5895199,starGAN
1.0,1.0,0.5356608,starGAN
1.0,1.0,0.5533449,starGAN
1.0,1.0,0.56788534,starGAN
1.0,1.0,0.5603662,starGAN
1.0,0.0,0.48408455,starGAN
1.0,0.0,0.49956647,starGAN
1.0,1.0,0.5124146,starGAN
1.0,1.0,0.5184392,starGAN
1.0,1.0,0.5261283,starGAN
1.0,1.0,0.5100498,starGAN
1.0,1.0,0.5491938,starGAN
1.0,1.0,0.5623592,starGAN
1.0,1.0,0.5002417,starGAN
1.0,1.0,0.5259494,starGAN
1.0,1.0,0.52147585,starGAN
1.0,1.0,0.5405138,starGAN
1.0,1.0,0.53728056,starGAN
1.0,1.0,0.51405525,starGAN
1.0,1.0,0.5803307,starGAN
1.0,1.0,0.5226388,starGAN
1.0,0.0,0.48418367,starGAN
1.0,1.0,0.5294682,starGAN
1.0,1.0,0.5370657,starGAN
1.0,1.0,0.5401232,starGAN
1.0,1.0,0.5295886,starGAN
1.0,1.0,0.5028867,starGAN
1.0,1.0,0.50993025,starGAN
1.0,1.0,0.565679,starGAN
1.0,1.0,0.5507536,starGAN
1.0,1.0,0.5307157,starGAN
1.0,1.0,0.54334384,starGAN
1.0,1.0,0.5559594,starGAN
1.0,1.0,0.5804208,starGAN
1.0,1.0,0.54384726,starGAN
1.0,1.0,0.52765226,starGAN
1.0,1.0,0.5197121,starGAN
1.0,1.0,0.5453491,starGAN
1.0,0.0,0.44038653,starGAN
1.0,1.0,0.5162673,starGAN
1.0,1.0,0.50519866,starGAN
1.0,1.0,0.56164545,starGAN
1.0,1.0,0.55407023,starGAN
1.0,1.0,0.5142879,starGAN
1.0,1.0,0.5092512,starGAN
1.0,1.0,0.5250571,starGAN
1.0,1.0,0.5045765,starGAN
1.0,1.0,0.51853263,starGAN
1.0,1.0,0.50786626,starGAN
1.0,1.0,0.5177264,starGAN
1.0,1.0,0.52842456,starGAN
1.0,1.0,0.5387534,starGAN
1.0,1.0,0.55481046,starGAN
1.0,1.0,0.5065149,starGAN
1.0,1.0,0.5315505,starGAN
1.0,1.0,0.5329403,starGAN
1.0,1.0,0.53683656,starGAN
1.0,1.0,0.54051816,starGAN
1.0,1.0,0.5108134,starGAN
1.0,1.0,0.5557974,starGAN
1.0,0.0,0.48429683,starGAN
1.0,1.0,0.50034606,starGAN
1.0,1.0,0.5070688,starGAN
1.0,0.0,0.4446399,starGAN
1.0,1.0,0.53543466,starGAN
1.0,0.0,0.4888186,starGAN
1.0,1.0,0.5711376,starGAN
1.0,1.0,0.5434021,starGAN
1.0,1.0,0.54216164,starGAN
1.0,1.0,0.5508272,starGAN
1.0,1.0,0.5733247,starGAN
1.0,1.0,0.5196518,starGAN
1.0,1.0,0.5170242,starGAN
1.0,1.0,0.5131053,starGAN
1.0,1.0,0.55109,starGAN
1.0,1.0,0.5504479,starGAN
1.0,0.0,0.4951599,starGAN
1.0,1.0,0.6016439,starGAN
1.0,1.0,0.51257885,starGAN
1.0,1.0,0.53769165,starGAN
1.0,1.0,0.56598735,starGAN
1.0,1.0,0.5269575,starGAN
1.0,0.0,0.4927653,starGAN
1.0,1.0,0.5374617,starGAN
1.0,1.0,0.5262349,starGAN
1.0,1.0,0.5335275,starGAN
1.0,1.0,0.5118151,starGAN
1.0,1.0,0.54995114,starGAN
1.0,0.0,0.47672048,starGAN
1.0,1.0,0.5292813,starGAN
1.0,1.0,0.51995903,starGAN
1.0,1.0,0.5676714,starGAN
1.0,1.0,0.55303645,starGAN
1.0,0.0,0.49675593,starGAN
1.0,1.0,0.51640064,starGAN
1.0,0.0,0.49686372,starGAN
1.0,1.0,0.5373058,starGAN
1.0,1.0,0.5355412,starGAN
1.0,1.0,0.55984795,starGAN
1.0,1.0,0.5624437,starGAN
1.0,1.0,0.50868666,starGAN
1.0,1.0,0.5187447,starGAN
1.0,1.0,0.5171065,starGAN
1.0,1.0,0.5019915,starGAN
1.0,1.0,0.508163,starGAN
1.0,1.0,0.51916796,starGAN
1.0,1.0,0.5572821,starGAN
1.0,1.0,0.5359081,starGAN
1.0,1.0,0.5358588,starGAN
1.0,1.0,0.5137452,starGAN
1.0,1.0,0.5583686,starGAN
1.0,1.0,0.5875993,starGAN
1.0,1.0,0.5282012,starGAN
1.0,1.0,0.502456,starGAN
1.0,1.0,0.55757505,starGAN
1.0,1.0,0.52227324,starGAN
1.0,1.0,0.5466465,starGAN
1.0,1.0,0.5138647,starGAN
1.0,1.0,0.51998603,starGAN
1.0,1.0,0.5114216,starGAN
1.0,1.0,0.5090035,starGAN
1.0,1.0,0.5296478,starGAN
1.0,1.0,0.5112503,starGAN
1.0,1.0,0.5138392,starGAN
1.0,1.0,0.5441775,starGAN
1.0,1.0,0.53022605,starGAN
1.0,1.0,0.5529815,starGAN
1.0,1.0,0.51028603,starGAN
1.0,1.0,0.5495053,starGAN
1.0,1.0,0.566757,starGAN
1.0,1.0,0.54585665,starGAN
1.0,0.0,0.46591833,starGAN
1.0,0.0,0.48622102,starGAN
1.0,1.0,0.52562976,starGAN
1.0,1.0,0.5391335,starGAN
1.0,0.0,0.4700387,starGAN
1.0,1.0,0.52019167,starGAN
1.0,1.0,0.5167212,starGAN
1.0,1.0,0.5411343,starGAN
1.0,1.0,0.53051305,starGAN
1.0,1.0,0.5565258,starGAN
1.0,1.0,0.52094877,starGAN
1.0,1.0,0.513014,starGAN
1.0,1.0,0.55049485,starGAN
1.0,1.0,0.52414453,starGAN
1.0,1.0,0.53912747,starGAN
1.0,1.0,0.52145123,starGAN
1.0,1.0,0.53650117,starGAN
1.0,1.0,0.5427827,starGAN
1.0,1.0,0.5658559,starGAN
1.0,1.0,0.5627837,starGAN
1.0,0.0,0.48236233,starGAN
1.0,1.0,0.5314028,starGAN
1.0,1.0,0.5432313,starGAN
1.0,1.0,0.53356844,starGAN
1.0,0.0,0.4944749,starGAN
1.0,1.0,0.5334037,starGAN
1.0,1.0,0.5474785,starGAN
1.0,1.0,0.54873025,starGAN
1.0,1.0,0.5194795,starGAN
1.0,1.0,0.5217215,starGAN
1.0,1.0,0.52744615,starGAN
1.0,0.0,0.49114054,starGAN
1.0,1.0,0.5064828,starGAN
1.0,1.0,0.50820804,starGAN
1.0,1.0,0.5165771,starGAN
1.0,1.0,0.52383906,starGAN
1.0,0.0,0.48822945,starGAN
1.0,1.0,0.5166692,starGAN
1.0,1.0,0.52653855,starGAN
1.0,1.0,0.5178697,starGAN
1.0,1.0,0.50911826,starGAN
1.0,0.0,0.49771523,starGAN
1.0,1.0,0.5384167,starGAN
1.0,1.0,0.53837085,starGAN
1.0,1.0,0.5004969,starGAN
1.0,1.0,0.5343681,starGAN
1.0,1.0,0.5296329,starGAN
1.0,1.0,0.50995886,starGAN
1.0,1.0,0.53660333,starGAN
1.0,1.0,0.5302593,starGAN
1.0,1.0,0.5323345,starGAN
1.0,1.0,0.52163553,starGAN
1.0,1.0,0.5065812,starGAN
1.0,1.0,0.54041976,starGAN
1.0,0.0,0.45919073,starGAN
1.0,1.0,0.51433283,starGAN
1.0,1.0,0.50015223,starGAN
1.0,1.0,0.5501492,starGAN
1.0,1.0,0.52855676,starGAN
1.0,1.0,0.51644677,starGAN
1.0,1.0,0.51465225,starGAN
1.0,1.0,0.5513332,starGAN
1.0,1.0,0.5330954,starGAN
1.0,0.0,0.4927637,starGAN
1.0,1.0,0.56232256,starGAN
1.0,0.0,0.48230526,starGAN
1.0,0.0,0.4788208,starGAN
1.0,1.0,0.5591728,starGAN
1.0,1.0,0.5038884,starGAN
1.0,0.0,0.48030707,starGAN
1.0,1.0,0.5148393,starGAN
1.0,1.0,0.5667968,starGAN
1.0,1.0,0.5429597,starGAN
1.0,1.0,0.55355936,starGAN
1.0,1.0,0.5507058,starGAN
1.0,1.0,0.5147359,starGAN
1.0,1.0,0.55567926,starGAN
1.0,1.0,0.51011,starGAN
1.0,0.0,0.49185616,starGAN
1.0,1.0,0.55027187,starGAN
1.0,1.0,0.53203315,starGAN
1.0,0.0,0.49346784,starGAN
1.0,1.0,0.52497387,starGAN
1.0,0.0,0.4895562,starGAN
1.0,1.0,0.52707994,starGAN
1.0,1.0,0.53817743,starGAN
1.0,1.0,0.5256418,starGAN
1.0,1.0,0.540344,starGAN
1.0,1.0,0.5385338,starGAN
1.0,1.0,0.50306076,starGAN
1.0,0.0,0.48357633,starGAN
1.0,1.0,0.55622476,starGAN
1.0,1.0,0.5171107,starGAN
1.0,1.0,0.5116314,starGAN
1.0,1.0,0.51739997,starGAN
1.0,1.0,0.5450065,starGAN
1.0,1.0,0.533422,starGAN
1.0,1.0,0.5116863,starGAN
1.0,1.0,0.5352932,starGAN
1.0,1.0,0.5283337,starGAN
1.0,1.0,0.54937714,starGAN
1.0,1.0,0.5276898,starGAN
1.0,1.0,0.50361663,starGAN
1.0,0.0,0.48663092,starGAN
1.0,1.0,0.54844207,starGAN
1.0,1.0,0.53020364,starGAN
1.0,0.0,0.48878726,starGAN
1.0,0.0,0.4804801,starGAN
1.0,0.0,0.49896124,starGAN
1.0,1.0,0.5441667,starGAN
1.0,1.0,0.5220131,starGAN
1.0,1.0,0.5498456,starGAN
1.0,1.0,0.563283,starGAN
1.0,1.0,0.5177376,starGAN
1.0,1.0,0.537829,starGAN
1.0,1.0,0.52458835,starGAN
1.0,1.0,0.5180657,starGAN
1.0,1.0,0.52888936,starGAN
1.0,1.0,0.53413075,starGAN
1.0,1.0,0.52470106,starGAN
1.0,1.0,0.56872934,starGAN
1.0,1.0,0.5290306,starGAN
1.0,1.0,0.5365058,starGAN
1.0,1.0,0.5399435,starGAN
1.0,1.0,0.52614343,starGAN
1.0,1.0,0.5500792,starGAN
1.0,1.0,0.51333755,starGAN
1.0,1.0,0.5479322,starGAN
1.0,1.0,0.53706384,starGAN
1.0,1.0,0.51881194,starGAN
1.0,1.0,0.54347855,starGAN
1.0,1.0,0.52237093,starGAN
1.0,0.0,0.48299634,starGAN
1.0,1.0,0.5330111,starGAN
1.0,1.0,0.50333315,starGAN
1.0,1.0,0.5165767,starGAN
1.0,1.0,0.5397014,starGAN
1.0,1.0,0.54233533,starGAN
1.0,1.0,0.5312608,starGAN
1.0,1.0,0.54915863,starGAN
1.0,1.0,0.50400823,starGAN
1.0,1.0,0.52887803,starGAN
1.0,1.0,0.57212526,starGAN
1.0,0.0,0.47135082,starGAN
1.0,1.0,0.5200495,starGAN
1.0,1.0,0.5384093,starGAN
1.0,1.0,0.5292893,starGAN
1.0,1.0,0.5677016,starGAN
1.0,1.0,0.51257,starGAN
1.0,1.0,0.5570183,starGAN
1.0,1.0,0.55455375,starGAN
1.0,1.0,0.5480818,starGAN
1.0,1.0,0.56477135,starGAN
1.0,0.0,0.48397455,starGAN
1.0,1.0,0.5172634,starGAN
1.0,1.0,0.5221568,starGAN
1.0,0.0,0.469943,starGAN
1.0,1.0,0.51992893,starGAN
1.0,0.0,0.48973042,starGAN
1.0,1.0,0.52875346,starGAN
1.0,1.0,0.5466772,starGAN
1.0,1.0,0.56968766,starGAN
1.0,1.0,0.5057861,starGAN
1.0,1.0,0.5521018,starGAN
1.0,1.0,0.5192055,starGAN
1.0,1.0,0.53127855,starGAN
1.0,1.0,0.5164544,starGAN
1.0,1.0,0.5612464,starGAN
1.0,1.0,0.53049153,starGAN
1.0,1.0,0.5641374,starGAN
1.0,1.0,0.53753865,starGAN
1.0,1.0,0.5316683,starGAN
1.0,1.0,0.53505254,starGAN
1.0,1.0,0.54445696,starGAN
1.0,1.0,0.54709524,starGAN
1.0,1.0,0.52410436,starGAN
1.0,1.0,0.51758534,starGAN
1.0,1.0,0.56350523,starGAN
1.0,0.0,0.49623686,starGAN
1.0,0.0,0.49969137,starGAN
1.0,1.0,0.5532803,starGAN
1.0,1.0,0.5264613,starGAN
1.0,1.0,0.53203446,starGAN
1.0,0.0,0.49119565,starGAN
1.0,0.0,0.49455184,starGAN
1.0,0.0,0.49980697,starGAN
1.0,1.0,0.5006913,starGAN
1.0,1.0,0.5254706,starGAN
1.0,1.0,0.52510595,starGAN
1.0,1.0,0.51760966,starGAN
1.0,1.0,0.51693636,starGAN
1.0,1.0,0.5150817,starGAN
1.0,1.0,0.51759374,starGAN
1.0,1.0,0.5250252,starGAN
1.0,1.0,0.5369889,starGAN
1.0,1.0,0.5337235,starGAN
1.0,1.0,0.5479573,starGAN
1.0,1.0,0.5373663,starGAN
1.0,1.0,0.5318643,starGAN
1.0,1.0,0.55011755,starGAN
1.0,0.0,0.48852998,starGAN
1.0,0.0,0.49380586,starGAN
1.0,1.0,0.51191205,starGAN
1.0,1.0,0.50798625,starGAN
1.0,1.0,0.51761866,starGAN
1.0,1.0,0.54973346,starGAN
1.0,1.0,0.55656064,starGAN
1.0,1.0,0.5282974,starGAN
1.0,1.0,0.5386411,starGAN
1.0,1.0,0.578789,starGAN
1.0,1.0,0.5151792,starGAN
1.0,1.0,0.5480634,starGAN
1.0,1.0,0.522491,starGAN
1.0,1.0,0.5230378,starGAN
1.0,1.0,0.5113065,starGAN
1.0,1.0,0.5408337,starGAN
1.0,1.0,0.5483604,starGAN
1.0,1.0,0.5595493,starGAN
1.0,1.0,0.55079955,starGAN
1.0,1.0,0.54723823,starGAN
1.0,1.0,0.56731755,starGAN
1.0,1.0,0.53973895,starGAN
1.0,1.0,0.5174491,starGAN
1.0,1.0,0.50381386,starGAN
1.0,1.0,0.511565,starGAN
1.0,1.0,0.5326323,starGAN
1.0,1.0,0.52270466,starGAN
1.0,1.0,0.5021948,starGAN
1.0,1.0,0.5271417,starGAN
1.0,1.0,0.53164166,starGAN
1.0,1.0,0.541829,starGAN
1.0,1.0,0.5104977,starGAN
1.0,0.0,0.46543857,starGAN
1.0,1.0,0.60869217,starGAN
1.0,1.0,0.5185283,starGAN
1.0,0.0,0.48735797,starGAN
1.0,1.0,0.54525346,starGAN
1.0,1.0,0.57339567,starGAN
1.0,1.0,0.52101207,starGAN
1.0,1.0,0.5248131,starGAN
1.0,1.0,0.5124495,starGAN
1.0,1.0,0.50678647,starGAN
1.0,1.0,0.5190407,starGAN
1.0,1.0,0.5298734,starGAN
1.0,1.0,0.52354246,starGAN
1.0,1.0,0.54389584,starGAN
1.0,1.0,0.5297773,starGAN
1.0,1.0,0.5338108,starGAN
1.0,1.0,0.5603701,starGAN
1.0,1.0,0.5411449,starGAN
1.0,1.0,0.5442007,starGAN
1.0,1.0,0.5323629,starGAN
1.0,1.0,0.5219623,starGAN
1.0,1.0,0.5037415,starGAN
1.0,1.0,0.5449859,starGAN
1.0,1.0,0.5353129,starGAN
1.0,0.0,0.4576448,starGAN
1.0,1.0,0.5477239,starGAN
1.0,1.0,0.5581021,starGAN
1.0,1.0,0.5378203,starGAN
1.0,1.0,0.50981265,starGAN
1.0,1.0,0.5542879,starGAN
1.0,0.0,0.49665534,starGAN
1.0,1.0,0.50025195,starGAN
1.0,1.0,0.5061779,starGAN
1.0,1.0,0.5276958,starGAN
1.0,0.0,0.48596898,starGAN
1.0,1.0,0.50468725,starGAN
1.0,1.0,0.5056133,starGAN
1.0,1.0,0.53271633,starGAN
1.0,0.0,0.4995411,starGAN
1.0,1.0,0.53137904,starGAN
1.0,1.0,0.5211767,starGAN
1.0,1.0,0.559344,starGAN
1.0,1.0,0.5367376,starGAN
1.0,1.0,0.57123214,starGAN
1.0,0.0,0.4809066,starGAN
1.0,1.0,0.5276112,starGAN
1.0,1.0,0.5421496,starGAN
1.0,1.0,0.5024271,starGAN
1.0,1.0,0.5546248,starGAN
1.0,1.0,0.5244317,starGAN
1.0,1.0,0.5078049,starGAN
1.0,1.0,0.57343435,starGAN
1.0,1.0,0.5528187,starGAN
1.0,1.0,0.5669585,starGAN
1.0,1.0,0.514353,starGAN
1.0,1.0,0.54214793,starGAN
1.0,1.0,0.5346493,starGAN
1.0,1.0,0.52435994,starGAN
1.0,1.0,0.529493,starGAN
1.0,1.0,0.55803967,starGAN
1.0,1.0,0.5317254,starGAN
1.0,1.0,0.52868754,starGAN
1.0,1.0,0.5553686,starGAN
1.0,1.0,0.5255684,starGAN
1.0,1.0,0.52630943,starGAN
1.0,1.0,0.51065016,starGAN
1.0,0.0,0.49812037,starGAN
1.0,1.0,0.5238683,starGAN
1.0,0.0,0.4999419,starGAN
1.0,0.0,0.4904069,starGAN
1.0,1.0,0.5012318,starGAN
1.0,1.0,0.5352029,starGAN
1.0,0.0,0.49974138,starGAN
1.0,1.0,0.5269632,starGAN
1.0,1.0,0.51255023,starGAN
1.0,1.0,0.50601345,starGAN
1.0,1.0,0.5619165,starGAN
1.0,1.0,0.519433,starGAN
1.0,0.0,0.49297294,starGAN
1.0,1.0,0.52473515,starGAN
1.0,1.0,0.531683,starGAN
1.0,1.0,0.55967814,starGAN
1.0,1.0,0.5325931,starGAN
1.0,1.0,0.53464496,starGAN
1.0,1.0,0.50579023,starGAN
1.0,1.0,0.53235525,starGAN
1.0,1.0,0.5053321,starGAN
1.0,0.0,0.48433754,starGAN
1.0,1.0,0.51387274,starGAN
1.0,1.0,0.55215025,starGAN
1.0,1.0,0.54132336,starGAN
1.0,1.0,0.5322305,starGAN
1.0,0.0,0.47795677,starGAN
1.0,1.0,0.54115534,starGAN
1.0,1.0,0.5198333,starGAN
1.0,1.0,0.5364272,starGAN
1.0,1.0,0.5484184,starGAN
1.0,0.0,0.48643902,starGAN
1.0,0.0,0.4854243,starGAN
1.0,1.0,0.5171553,starGAN
1.0,1.0,0.53622043,starGAN
1.0,1.0,0.5790866,starGAN
1.0,1.0,0.51510113,starGAN
1.0,1.0,0.5174079,starGAN
1.0,1.0,0.5104157,starGAN
1.0,1.0,0.5182426,starGAN
1.0,0.0,0.47828135,starGAN
1.0,1.0,0.50334173,starGAN
1.0,1.0,0.515811,starGAN
1.0,1.0,0.5122385,starGAN
1.0,1.0,0.56524664,starGAN
1.0,0.0,0.48498785,starGAN
1.0,1.0,0.5584967,starGAN
1.0,1.0,0.5325401,starGAN
1.0,1.0,0.55172807,starGAN
1.0,1.0,0.58080286,starGAN
1.0,1.0,0.51128614,starGAN
1.0,1.0,0.5295332,starGAN
1.0,1.0,0.5384236,starGAN
1.0,1.0,0.5111273,starGAN
1.0,0.0,0.48958626,starGAN
1.0,1.0,0.5551336,starGAN
1.0,1.0,0.519198,starGAN
1.0,1.0,0.53457576,starGAN
1.0,1.0,0.55621684,starGAN
1.0,1.0,0.50081795,starGAN
1.0,1.0,0.5249874,starGAN
1.0,1.0,0.56351256,starGAN
1.0,0.0,0.48569036,starGAN
1.0,0.0,0.45288414,starGAN
1.0,1.0,0.54894507,starGAN
1.0,1.0,0.55463314,starGAN
1.0,1.0,0.52836514,starGAN
1.0,1.0,0.54460424,starGAN
1.0,0.0,0.4697213,starGAN
1.0,1.0,0.5234706,starGAN
1.0,1.0,0.54328936,starGAN
1.0,1.0,0.5200564,starGAN
1.0,1.0,0.5167647,starGAN
1.0,1.0,0.5387836,starGAN
1.0,1.0,0.5214259,starGAN
1.0,0.0,0.48043045,starGAN
1.0,1.0,0.5028562,starGAN
1.0,1.0,0.5203257,starGAN
1.0,0.0,0.49906418,starGAN
1.0,1.0,0.53583616,starGAN
1.0,1.0,0.5315865,starGAN
1.0,1.0,0.5173179,starGAN
1.0,1.0,0.53017884,starGAN
1.0,1.0,0.5183211,starGAN
1.0,1.0,0.5332203,starGAN
1.0,1.0,0.5622217,starGAN
1.0,1.0,0.53652775,starGAN
1.0,1.0,0.5610298,starGAN
1.0,1.0,0.58774054,starGAN
1.0,1.0,0.51832676,starGAN
1.0,0.0,0.49200305,starGAN
1.0,1.0,0.51398796,starGAN
1.0,0.0,0.47888717,starGAN
1.0,1.0,0.5011248,starGAN
1.0,0.0,0.49217412,starGAN
1.0,1.0,0.5170334,starGAN
1.0,1.0,0.53529817,starGAN
1.0,1.0,0.5078906,starGAN
1.0,1.0,0.5283707,starGAN
1.0,1.0,0.5269135,starGAN
1.0,1.0,0.5265048,starGAN
1.0,1.0,0.5111069,starGAN
1.0,1.0,0.528173,starGAN
1.0,1.0,0.5046406,starGAN
1.0,0.0,0.49863172,starGAN
1.0,1.0,0.52156377,starGAN
1.0,1.0,0.5249911,starGAN
1.0,1.0,0.5162255,starGAN
1.0,0.0,0.49026507,starGAN
1.0,0.0,0.48818898,starGAN
1.0,1.0,0.56006145,starGAN
1.0,1.0,0.514783,starGAN
1.0,1.0,0.5622755,starGAN
1.0,1.0,0.5379274,starGAN
1.0,1.0,0.5200696,starGAN
1.0,1.0,0.5140358,starGAN
1.0,1.0,0.52274257,starGAN
1.0,0.0,0.49384847,starGAN
1.0,0.0,0.47851375,starGAN
1.0,1.0,0.59753877,starGAN
1.0,1.0,0.5664947,starGAN
1.0,1.0,0.5851634,starGAN
1.0,1.0,0.53254455,starGAN
1.0,1.0,0.55757695,starGAN
1.0,1.0,0.591265,starGAN
1.0,1.0,0.53620875,starGAN
1.0,1.0,0.561919,starGAN
1.0,1.0,0.54645175,starGAN
1.0,1.0,0.50626034,starGAN
1.0,1.0,0.5655811,starGAN
1.0,1.0,0.5058319,starGAN
1.0,1.0,0.54379684,starGAN
1.0,1.0,0.5267183,starGAN
1.0,1.0,0.5568583,starGAN
1.0,1.0,0.5962212,starGAN
1.0,1.0,0.5037665,starGAN
1.0,1.0,0.5035572,starGAN
1.0,1.0,0.53204006,starGAN
1.0,0.0,0.49358562,starGAN
1.0,1.0,0.54334563,starGAN
1.0,1.0,0.50112927,starGAN
1.0,0.0,0.4823939,starGAN
1.0,0.0,0.496918,starGAN
1.0,1.0,0.5268691,starGAN
1.0,1.0,0.5551816,starGAN
1.0,1.0,0.53393835,starGAN
1.0,1.0,0.5257158,starGAN
1.0,1.0,0.59277,starGAN
1.0,1.0,0.5477281,starGAN
1.0,1.0,0.51713294,starGAN
1.0,1.0,0.53292876,starGAN
1.0,1.0,0.59297264,starGAN
1.0,0.0,0.49815425,starGAN
1.0,1.0,0.5406839,starGAN
1.0,1.0,0.5249821,starGAN
1.0,1.0,0.516051,starGAN
1.0,1.0,0.56398576,starGAN
1.0,1.0,0.54047585,starGAN
1.0,1.0,0.5007487,starGAN
1.0,0.0,0.49971798,starGAN
1.0,1.0,0.53161097,starGAN
1.0,0.0,0.47814715,starGAN
1.0,1.0,0.5235577,starGAN
1.0,1.0,0.5308583,starGAN
1.0,1.0,0.5076033,starGAN
1.0,1.0,0.5375654,starGAN
1.0,0.0,0.49053198,starGAN
1.0,1.0,0.5184287,starGAN
1.0,1.0,0.50364804,starGAN
1.0,0.0,0.47708893,starGAN
1.0,0.0,0.49896836,starGAN
1.0,1.0,0.50054795,starGAN
1.0,1.0,0.59665245,starGAN
1.0,1.0,0.51706624,starGAN
1.0,1.0,0.5489733,starGAN
1.0,1.0,0.51383144,starGAN
1.0,1.0,0.5475448,starGAN
1.0,1.0,0.52590525,starGAN
1.0,1.0,0.53244823,starGAN
1.0,1.0,0.52725893,starGAN
1.0,1.0,0.5548077,starGAN
1.0,1.0,0.51734823,starGAN
1.0,0.0,0.4936777,starGAN
1.0,1.0,0.5342865,starGAN
1.0,1.0,0.5826293,starGAN
1.0,1.0,0.5009635,starGAN
1.0,1.0,0.5362189,starGAN
1.0,1.0,0.5073671,starGAN
1.0,1.0,0.5358192,starGAN
1.0,1.0,0.5364529,starGAN
1.0,1.0,0.51131403,starGAN
1.0,1.0,0.5397599,starGAN
1.0,1.0,0.58205736,starGAN
1.0,1.0,0.55254835,starGAN
1.0,1.0,0.5512514,starGAN
1.0,0.0,0.48487017,starGAN
1.0,1.0,0.5454836,starGAN
1.0,1.0,0.5166247,starGAN
1.0,0.0,0.4976736,starGAN
1.0,1.0,0.5377563,starGAN
1.0,1.0,0.50169057,starGAN
1.0,1.0,0.6033743,starGAN
1.0,1.0,0.5406595,starGAN
1.0,1.0,0.59803975,starGAN
1.0,1.0,0.5018142,starGAN
1.0,0.0,0.49774536,starGAN
1.0,1.0,0.5108078,starGAN
1.0,1.0,0.5288736,starGAN
1.0,1.0,0.54179806,starGAN
1.0,1.0,0.50683904,starGAN
1.0,1.0,0.5396308,starGAN
1.0,1.0,0.51351035,starGAN
1.0,1.0,0.52979773,starGAN
1.0,1.0,0.515934,starGAN
1.0,1.0,0.5207859,starGAN
1.0,1.0,0.5056775,starGAN
1.0,1.0,0.5290711,starGAN
1.0,1.0,0.5921492,starGAN
1.0,1.0,0.5930436,starGAN
1.0,1.0,0.5558163,starGAN
1.0,0.0,0.49272004,starGAN
1.0,1.0,0.5304655,starGAN
1.0,1.0,0.5453021,starGAN
1.0,1.0,0.5674917,starGAN
1.0,1.0,0.5313514,starGAN
1.0,1.0,0.54869133,starGAN
1.0,1.0,0.6039598,starGAN
1.0,1.0,0.53629786,starGAN
1.0,1.0,0.5126396,starGAN
1.0,1.0,0.54093593,starGAN
1.0,1.0,0.50989884,starGAN
1.0,1.0,0.6035214,starGAN
1.0,1.0,0.5136524,starGAN
1.0,1.0,0.50973594,starGAN
1.0,1.0,0.5440094,starGAN
1.0,1.0,0.51650774,starGAN
1.0,0.0,0.49041826,starGAN
1.0,1.0,0.5242459,starGAN
1.0,1.0,0.51149464,starGAN
1.0,1.0,0.5193889,starGAN
1.0,1.0,0.56994116,starGAN
1.0,1.0,0.512166,starGAN
1.0,0.0,0.47970748,starGAN
1.0,0.0,0.4989033,starGAN
1.0,1.0,0.5230339,starGAN
1.0,0.0,0.4771833,starGAN
1.0,1.0,0.50860596,starGAN
1.0,1.0,0.52858627,starGAN
1.0,1.0,0.55232704,starGAN
1.0,1.0,0.50205946,starGAN
1.0,0.0,0.48129803,starGAN
1.0,1.0,0.5480847,starGAN
1.0,1.0,0.51445717,starGAN
1.0,0.0,0.4727599,starGAN
1.0,1.0,0.5128723,starGAN
1.0,1.0,0.57441217,starGAN
1.0,0.0,0.48841825,starGAN
1.0,1.0,0.54696894,starGAN
1.0,1.0,0.52442646,starGAN
1.0,1.0,0.5240888,starGAN
1.0,1.0,0.5238515,starGAN
1.0,1.0,0.51427174,starGAN
1.0,1.0,0.5167072,starGAN
1.0,1.0,0.53290075,starGAN
1.0,1.0,0.55431634,starGAN
1.0,0.0,0.45687166,starGAN
1.0,0.0,0.4978894,starGAN
1.0,1.0,0.51260453,starGAN
1.0,1.0,0.5346768,starGAN
1.0,1.0,0.5215577,starGAN
1.0,1.0,0.51137954,starGAN
1.0,1.0,0.52985793,starGAN
1.0,1.0,0.5034161,starGAN
1.0,1.0,0.52291614,starGAN
1.0,1.0,0.50998354,starGAN
1.0,1.0,0.5598589,starGAN
1.0,1.0,0.51519996,starGAN
1.0,1.0,0.5628088,starGAN
1.0,1.0,0.5403992,starGAN
1.0,0.0,0.49888295,starGAN
1.0,1.0,0.5155459,starGAN
1.0,0.0,0.49987105,starGAN
1.0,1.0,0.53795147,starGAN
1.0,1.0,0.50934106,starGAN
1.0,1.0,0.5756493,starGAN
1.0,0.0,0.4923314,starGAN
1.0,1.0,0.5588552,starGAN
1.0,1.0,0.5772076,starGAN
1.0,1.0,0.5305943,starGAN
1.0,1.0,0.527386,starGAN
1.0,1.0,0.53499883,starGAN
1.0,1.0,0.50901484,starGAN
1.0,1.0,0.5191614,starGAN
1.0,1.0,0.5187725,starGAN
1.0,1.0,0.5294487,starGAN
1.0,1.0,0.5404913,starGAN
1.0,1.0,0.50498974,starGAN
1.0,0.0,0.48961344,starGAN
1.0,1.0,0.54550165,starGAN
1.0,1.0,0.55507135,starGAN
1.0,0.0,0.48119402,starGAN
1.0,0.0,0.47652575,starGAN
1.0,1.0,0.5429773,starGAN
1.0,1.0,0.5527503,starGAN
1.0,0.0,0.45253575,starGAN
1.0,1.0,0.5439919,starGAN
1.0,1.0,0.541613,starGAN
1.0,1.0,0.50514615,starGAN
1.0,1.0,0.544852,starGAN
1.0,1.0,0.56648594,starGAN
1.0,1.0,0.5665159,starGAN
1.0,1.0,0.5501865,starGAN
1.0,0.0,0.49806848,starGAN
1.0,1.0,0.5402349,starGAN
1.0,1.0,0.50260514,starGAN
1.0,1.0,0.5202198,starGAN
1.0,1.0,0.50640345,starGAN
1.0,1.0,0.52537245,starGAN
1.0,1.0,0.52256554,starGAN
1.0,1.0,0.54019904,starGAN
1.0,1.0,0.52103704,starGAN
1.0,1.0,0.5155225,starGAN
1.0,1.0,0.5323202,starGAN
1.0,1.0,0.51345354,starGAN
1.0,0.0,0.47254908,starGAN
1.0,1.0,0.54643935,starGAN
1.0,1.0,0.54225856,starGAN
1.0,1.0,0.5595507,starGAN
1.0,0.0,0.4852454,starGAN
1.0,1.0,0.5486535,starGAN
1.0,1.0,0.50987333,starGAN
1.0,1.0,0.5163158,starGAN
1.0,1.0,0.6049386,starGAN
1.0,0.0,0.4971535,starGAN
1.0,1.0,0.5744819,starGAN
1.0,0.0,0.482703,starGAN
1.0,1.0,0.513765,starGAN
1.0,1.0,0.55020547,starGAN
1.0,1.0,0.5333452,starGAN
1.0,1.0,0.5179425,starGAN
1.0,1.0,0.53772134,starGAN
1.0,1.0,0.5112016,starGAN
1.0,1.0,0.5441909,starGAN
1.0,1.0,0.51179904,starGAN
1.0,1.0,0.5077665,starGAN
1.0,0.0,0.49443197,starGAN
1.0,1.0,0.59263027,starGAN
1.0,0.0,0.49967685,starGAN
1.0,1.0,0.5412775,starGAN
1.0,1.0,0.5278521,starGAN
1.0,1.0,0.50576234,starGAN
1.0,0.0,0.48663238,starGAN
1.0,1.0,0.5618497,starGAN
1.0,1.0,0.5115188,starGAN
1.0,1.0,0.5281348,starGAN
1.0,0.0,0.4937304,starGAN
1.0,1.0,0.5198458,starGAN
1.0,1.0,0.55475855,starGAN
1.0,1.0,0.52279377,starGAN
1.0,0.0,0.4957327,starGAN
1.0,1.0,0.5299312,starGAN
1.0,1.0,0.52062535,starGAN
1.0,1.0,0.51970655,starGAN
1.0,1.0,0.5064294,starGAN
1.0,1.0,0.530197,starGAN
1.0,1.0,0.5456077,starGAN
1.0,1.0,0.5080165,starGAN
1.0,1.0,0.5239828,starGAN
1.0,1.0,0.5696263,starGAN
1.0,0.0,0.48534906,starGAN
1.0,0.0,0.48837885,starGAN
1.0,1.0,0.53270215,starGAN
1.0,1.0,0.5177183,starGAN
1.0,1.0,0.56614095,starGAN
1.0,1.0,0.51673096,starGAN
1.0,1.0,0.5187798,starGAN
1.0,1.0,0.52960515,starGAN
1.0,1.0,0.5199054,starGAN
1.0,1.0,0.562483,starGAN
1.0,1.0,0.5002782,starGAN
1.0,0.0,0.49116275,starGAN
1.0,1.0,0.5802975,starGAN
1.0,0.0,0.4956215,starGAN
1.0,0.0,0.4949898,starGAN
1.0,1.0,0.52672446,starGAN
1.0,1.0,0.5324401,starGAN
1.0,1.0,0.5528222,starGAN
1.0,1.0,0.51902974,starGAN
1.0,1.0,0.5113288,starGAN
1.0,0.0,0.48480454,starGAN
1.0,1.0,0.50984037,starGAN
1.0,1.0,0.52076757,starGAN
1.0,1.0,0.55019176,starGAN
1.0,1.0,0.5568694,starGAN
1.0,1.0,0.5173203,starGAN
1.0,1.0,0.55315906,starGAN
1.0,1.0,0.51801276,starGAN
1.0,1.0,0.5598482,starGAN
1.0,1.0,0.55323863,starGAN
1.0,1.0,0.5770317,starGAN
1.0,1.0,0.50664353,starGAN
1.0,1.0,0.5448692,starGAN
1.0,1.0,0.5555824,starGAN
1.0,0.0,0.4918887,starGAN
1.0,1.0,0.52462834,starGAN
1.0,1.0,0.5290335,starGAN
1.0,1.0,0.51190686,starGAN
1.0,1.0,0.51643133,starGAN
1.0,0.0,0.4881797,starGAN
1.0,1.0,0.50113404,starGAN
1.0,1.0,0.51596093,starGAN
1.0,1.0,0.52717304,starGAN
1.0,1.0,0.5145347,starGAN
1.0,1.0,0.52414256,starGAN
1.0,1.0,0.56493354,starGAN
1.0,1.0,0.5581065,starGAN
1.0,0.0,0.49312294,starGAN
1.0,1.0,0.5252062,starGAN
1.0,1.0,0.5242801,starGAN
1.0,0.0,0.4997685,starGAN
1.0,0.0,0.4688785,starGAN
1.0,1.0,0.52095634,starGAN
1.0,1.0,0.5735859,starGAN
1.0,1.0,0.5091951,starGAN
1.0,1.0,0.5954824,starGAN
1.0,1.0,0.5197141,starGAN
1.0,1.0,0.523355,starGAN
1.0,1.0,0.5090726,starGAN
1.0,1.0,0.50601137,starGAN
1.0,1.0,0.5412538,starGAN
1.0,1.0,0.5329293,starGAN
1.0,1.0,0.534236,starGAN
1.0,1.0,0.5421139,starGAN
1.0,0.0,0.4611481,starGAN
1.0,1.0,0.5523868,starGAN
1.0,1.0,0.5167474,starGAN
1.0,0.0,0.4936824,starGAN
1.0,1.0,0.51889986,starGAN
1.0,1.0,0.5149373,starGAN
1.0,1.0,0.5092719,starGAN
1.0,1.0,0.57422775,starGAN
1.0,1.0,0.53024375,starGAN
1.0,1.0,0.51261085,starGAN
1.0,1.0,0.53481823,starGAN
1.0,0.0,0.44468156,gauGAN
1.0,0.0,0.49549338,gauGAN
1.0,0.0,0.48656508,gauGAN
1.0,0.0,0.4688159,gauGAN
1.0,0.0,0.48748428,gauGAN
1.0,0.0,0.47370523,gauGAN
1.0,0.0,0.48693317,gauGAN
1.0,1.0,0.5032044,gauGAN
1.0,1.0,0.5928715,gauGAN
1.0,0.0,0.4708565,gauGAN
1.0,1.0,0.55433106,gauGAN
1.0,1.0,0.5171338,gauGAN
1.0,1.0,0.5264328,gauGAN
1.0,0.0,0.46502602,gauGAN
1.0,0.0,0.48819155,gauGAN
1.0,0.0,0.48810598,gauGAN
1.0,1.0,0.5336346,gauGAN
1.0,0.0,0.48118865,gauGAN
1.0,1.0,0.5582243,gauGAN
1.0,1.0,0.5922548,gauGAN
1.0,1.0,0.506525,gauGAN
1.0,0.0,0.48797214,gauGAN
1.0,1.0,0.52066916,gauGAN
1.0,1.0,0.50038797,gauGAN
1.0,0.0,0.488819,gauGAN
1.0,1.0,0.5052393,gauGAN
1.0,1.0,0.53860164,gauGAN
1.0,0.0,0.4614276,gauGAN
1.0,0.0,0.49103492,gauGAN
1.0,0.0,0.4897573,gauGAN
1.0,0.0,0.44888824,gauGAN
1.0,0.0,0.4894696,gauGAN
1.0,1.0,0.51700586,gauGAN
1.0,1.0,0.5067234,gauGAN
1.0,0.0,0.49259043,gauGAN
1.0,0.0,0.48354873,gauGAN
1.0,1.0,0.5224159,gauGAN
1.0,1.0,0.50921255,gauGAN
1.0,0.0,0.46366957,gauGAN
1.0,1.0,0.52079004,gauGAN
1.0,0.0,0.49997663,gauGAN
1.0,0.0,0.4786223,gauGAN
1.0,0.0,0.4959064,gauGAN
1.0,1.0,0.54068506,gauGAN
1.0,0.0,0.4636813,gauGAN
1.0,0.0,0.49578485,gauGAN
1.0,1.0,0.50542927,gauGAN
1.0,0.0,0.48758295,gauGAN
1.0,0.0,0.4330864,gauGAN
1.0,1.0,0.5731604,gauGAN
1.0,0.0,0.4557027,gauGAN
1.0,0.0,0.49186552,gauGAN
1.0,0.0,0.4844895,gauGAN
1.0,0.0,0.49010536,gauGAN
1.0,0.0,0.43935275,gauGAN
1.0,0.0,0.49096578,gauGAN
1.0,0.0,0.48751664,gauGAN
1.0,0.0,0.4808553,gauGAN
1.0,0.0,0.49571997,gauGAN
1.0,1.0,0.5025212,gauGAN
1.0,0.0,0.47593588,gauGAN
1.0,0.0,0.48698,gauGAN
1.0,0.0,0.47226787,gauGAN
1.0,0.0,0.44715062,gauGAN
1.0,1.0,0.5732082,gauGAN
1.0,1.0,0.53161085,gauGAN
1.0,0.0,0.48955515,gauGAN
1.0,0.0,0.47829688,gauGAN
1.0,0.0,0.48440892,gauGAN
1.0,1.0,0.5325031,gauGAN
1.0,0.0,0.48041323,gauGAN
1.0,0.0,0.4984113,gauGAN
1.0,0.0,0.47904027,gauGAN
1.0,0.0,0.43022522,gauGAN
1.0,1.0,0.5407518,gauGAN
1.0,1.0,0.50430727,gauGAN
1.0,1.0,0.55946285,gauGAN
1.0,1.0,0.50390023,gauGAN
1.0,0.0,0.47988892,gauGAN
1.0,1.0,0.50579363,gauGAN
1.0,0.0,0.4806823,gauGAN
1.0,1.0,0.5116685,gauGAN
1.0,0.0,0.4877678,gauGAN
1.0,1.0,0.50200444,gauGAN
1.0,0.0,0.48495892,gauGAN
1.0,0.0,0.45605984,gauGAN
1.0,0.0,0.43693662,gauGAN
1.0,0.0,0.480319,gauGAN
1.0,0.0,0.49516603,gauGAN
1.0,0.0,0.49968114,gauGAN
1.0,1.0,0.52860457,gauGAN
1.0,1.0,0.512794,gauGAN
1.0,1.0,0.51820815,gauGAN
1.0,1.0,0.5582007,gauGAN
1.0,0.0,0.4910443,gauGAN
1.0,1.0,0.5011656,gauGAN
1.0,0.0,0.47408774,gauGAN
1.0,0.0,0.4769501,gauGAN
1.0,0.0,0.4643519,gauGAN
1.0,1.0,0.53008056,gauGAN
1.0,0.0,0.4757817,gauGAN
1.0,0.0,0.49714378,gauGAN
1.0,0.0,0.49945015,gauGAN
1.0,1.0,0.5221506,gauGAN
1.0,0.0,0.4980857,gauGAN
1.0,1.0,0.5908199,gauGAN
1.0,0.0,0.48026103,gauGAN
1.0,1.0,0.5482631,gauGAN
1.0,1.0,0.5697565,gauGAN
1.0,1.0,0.5507179,gauGAN
1.0,0.0,0.48496178,gauGAN
1.0,0.0,0.48403472,gauGAN
1.0,0.0,0.46607593,gauGAN
1.0,0.0,0.4921568,gauGAN
1.0,0.0,0.49539542,gauGAN
1.0,0.0,0.49844465,gauGAN
1.0,0.0,0.46407112,gauGAN
1.0,1.0,0.52099276,gauGAN
1.0,1.0,0.5238682,gauGAN
1.0,1.0,0.52064955,gauGAN
1.0,0.0,0.48195955,gauGAN
1.0,0.0,0.47980306,gauGAN
1.0,1.0,0.5164668,gauGAN
1.0,0.0,0.45868894,gauGAN
1.0,1.0,0.5402109,gauGAN
1.0,0.0,0.4784525,gauGAN
1.0,1.0,0.56931055,gauGAN
1.0,0.0,0.479204,gauGAN
1.0,0.0,0.48005852,gauGAN
1.0,0.0,0.48150778,gauGAN
1.0,1.0,0.5270404,gauGAN
1.0,0.0,0.4621786,gauGAN
1.0,0.0,0.4570773,gauGAN
1.0,0.0,0.4676364,gauGAN
1.0,0.0,0.485324,gauGAN
1.0,1.0,0.5122531,gauGAN
1.0,0.0,0.48174796,gauGAN
1.0,0.0,0.46655342,gauGAN
1.0,0.0,0.4663824,gauGAN
1.0,0.0,0.49654475,gauGAN
1.0,0.0,0.48060784,gauGAN
1.0,1.0,0.52939916,gauGAN
1.0,1.0,0.5705044,gauGAN
1.0,1.0,0.57880545,gauGAN
1.0,0.0,0.4936172,gauGAN
1.0,0.0,0.49532804,gauGAN
1.0,1.0,0.5523619,gauGAN
1.0,1.0,0.50630134,gauGAN
1.0,1.0,0.5047612,gauGAN
1.0,1.0,0.5049851,gauGAN
1.0,0.0,0.48860618,gauGAN
1.0,0.0,0.49893197,gauGAN
1.0,1.0,0.54766124,gauGAN
1.0,0.0,0.44174254,gauGAN
1.0,1.0,0.5319187,gauGAN
1.0,0.0,0.46810484,gauGAN
1.0,1.0,0.584742,gauGAN
1.0,1.0,0.5564971,gauGAN
1.0,0.0,0.4993008,gauGAN
1.0,0.0,0.49266616,gauGAN
1.0,0.0,0.4931569,gauGAN
1.0,1.0,0.5619115,gauGAN
1.0,0.0,0.45379198,gauGAN
1.0,1.0,0.5019898,gauGAN
1.0,0.0,0.48907715,gauGAN
1.0,1.0,0.5072971,gauGAN
1.0,1.0,0.50574154,gauGAN
1.0,1.0,0.5348597,gauGAN
1.0,1.0,0.50761217,gauGAN
1.0,0.0,0.43990102,gauGAN
1.0,0.0,0.49045536,gauGAN
1.0,1.0,0.5324808,gauGAN
1.0,1.0,0.507871,gauGAN
1.0,0.0,0.4385928,gauGAN
1.0,1.0,0.53071666,gauGAN
1.0,1.0,0.50865114,gauGAN
1.0,0.0,0.48426047,gauGAN
1.0,0.0,0.47302777,gauGAN
1.0,0.0,0.4584474,gauGAN
1.0,0.0,0.45401004,gauGAN
1.0,1.0,0.5027981,gauGAN
1.0,1.0,0.5668723,gauGAN
1.0,0.0,0.49917322,gauGAN
1.0,0.0,0.49287835,gauGAN
1.0,0.0,0.46561953,gauGAN
1.0,1.0,0.51951206,gauGAN
1.0,1.0,0.5262833,gauGAN
1.0,0.0,0.47786948,gauGAN
1.0,0.0,0.45935154,gauGAN
1.0,0.0,0.4659085,gauGAN
1.0,0.0,0.46326143,gauGAN
1.0,0.0,0.49283618,gauGAN
1.0,0.0,0.47494814,gauGAN
1.0,0.0,0.48632616,gauGAN
1.0,0.0,0.49815184,gauGAN
1.0,0.0,0.46178707,gauGAN
1.0,1.0,0.50293833,gauGAN
1.0,1.0,0.55079156,gauGAN
1.0,0.0,0.44235978,gauGAN
1.0,0.0,0.49775434,gauGAN
1.0,0.0,0.47690976,gauGAN
1.0,0.0,0.49394938,gauGAN
1.0,0.0,0.46586818,gauGAN
1.0,1.0,0.53064156,gauGAN
1.0,1.0,0.5020242,gauGAN
1.0,1.0,0.5200751,gauGAN
1.0,1.0,0.5110379,gauGAN
1.0,0.0,0.44598535,gauGAN
1.0,0.0,0.45709226,gauGAN
1.0,1.0,0.5019741,gauGAN
1.0,1.0,0.5606513,gauGAN
1.0,1.0,0.51420856,gauGAN
1.0,0.0,0.4590892,gauGAN
1.0,0.0,0.48358178,gauGAN
1.0,1.0,0.50564516,gauGAN
1.0,0.0,0.46573135,gauGAN
1.0,1.0,0.5807084,gauGAN
1.0,1.0,0.5010013,gauGAN
1.0,1.0,0.5305806,gauGAN
1.0,0.0,0.48835075,gauGAN
1.0,0.0,0.4525458,gauGAN
1.0,0.0,0.48624742,gauGAN
1.0,0.0,0.45582902,gauGAN
1.0,1.0,0.54599005,gauGAN
1.0,1.0,0.51471317,gauGAN
1.0,1.0,0.52753884,gauGAN
1.0,0.0,0.48129043,gauGAN
1.0,0.0,0.4951417,gauGAN
1.0,0.0,0.45696017,gauGAN
1.0,0.0,0.48768288,gauGAN
1.0,1.0,0.5321395,gauGAN
1.0,1.0,0.5514879,gauGAN
1.0,0.0,0.4749863,gauGAN
1.0,1.0,0.5068905,gauGAN
1.0,1.0,0.56323195,gauGAN
1.0,0.0,0.4929738,gauGAN
1.0,0.0,0.46652716,gauGAN
1.0,0.0,0.4794857,gauGAN
1.0,1.0,0.5112363,gauGAN
1.0,0.0,0.48276925,gauGAN
1.0,0.0,0.49338067,gauGAN
1.0,1.0,0.5297491,gauGAN
1.0,0.0,0.49778885,gauGAN
1.0,0.0,0.4600171,gauGAN
1.0,0.0,0.4912686,gauGAN
1.0,1.0,0.5647471,gauGAN
1.0,1.0,0.53561205,gauGAN
1.0,0.0,0.48408633,gauGAN
1.0,0.0,0.48480365,gauGAN
1.0,0.0,0.48728853,gauGAN
1.0,0.0,0.48474482,gauGAN
1.0,1.0,0.57930946,gauGAN
1.0,0.0,0.46407375,gauGAN
1.0,1.0,0.5341729,gauGAN
1.0,1.0,0.50646675,gauGAN
1.0,0.0,0.49838448,gauGAN
1.0,1.0,0.52860856,gauGAN
1.0,0.0,0.4490101,gauGAN
1.0,0.0,0.49909338,gauGAN
1.0,0.0,0.49867293,gauGAN
1.0,1.0,0.50346047,gauGAN
1.0,0.0,0.45200983,gauGAN
1.0,1.0,0.5681487,gauGAN
1.0,1.0,0.5426668,gauGAN
1.0,1.0,0.51845324,gauGAN
1.0,1.0,0.5235635,gauGAN
1.0,1.0,0.5103036,gauGAN
1.0,1.0,0.5114261,gauGAN
1.0,0.0,0.49562174,gauGAN
1.0,1.0,0.5348088,gauGAN
1.0,0.0,0.44816706,gauGAN
1.0,1.0,0.5440334,gauGAN
1.0,0.0,0.47115612,gauGAN
1.0,0.0,0.44424832,gauGAN
1.0,0.0,0.48163688,gauGAN
1.0,0.0,0.46018666,gauGAN
1.0,1.0,0.51142406,gauGAN
1.0,0.0,0.46866167,gauGAN
1.0,0.0,0.49873555,gauGAN
1.0,1.0,0.5033794,gauGAN
1.0,0.0,0.48826322,gauGAN
1.0,0.0,0.48872757,gauGAN
1.0,1.0,0.51596344,gauGAN
1.0,0.0,0.45565763,gauGAN
1.0,0.0,0.4963813,gauGAN
1.0,1.0,0.6053811,gauGAN
1.0,0.0,0.4403752,gauGAN
1.0,0.0,0.49316832,gauGAN
1.0,1.0,0.5520796,gauGAN
1.0,0.0,0.4405597,gauGAN
1.0,0.0,0.4642581,gauGAN
1.0,0.0,0.48302272,gauGAN
1.0,0.0,0.46141034,gauGAN
1.0,1.0,0.5441788,gauGAN
1.0,0.0,0.48719618,gauGAN
1.0,0.0,0.46743503,gauGAN
1.0,0.0,0.4858206,gauGAN
1.0,1.0,0.5314879,gauGAN
1.0,1.0,0.5078839,gauGAN
1.0,1.0,0.52048206,gauGAN
1.0,0.0,0.4645429,gauGAN
1.0,1.0,0.5808132,gauGAN
1.0,0.0,0.46999532,gauGAN
1.0,1.0,0.506696,gauGAN
1.0,1.0,0.5412325,gauGAN
1.0,1.0,0.5018177,gauGAN
1.0,0.0,0.4590147,gauGAN
1.0,1.0,0.5186402,gauGAN
1.0,0.0,0.45309,gauGAN
1.0,0.0,0.43994936,gauGAN
1.0,0.0,0.491328,gauGAN
1.0,0.0,0.4769706,gauGAN
1.0,1.0,0.59707654,gauGAN
1.0,0.0,0.48577982,gauGAN
1.0,0.0,0.48440266,gauGAN
1.0,0.0,0.46963808,gauGAN
1.0,0.0,0.4636379,gauGAN
1.0,0.0,0.4620448,gauGAN
1.0,0.0,0.49313244,gauGAN
1.0,0.0,0.47042167,gauGAN
1.0,0.0,0.49648556,gauGAN
1.0,0.0,0.49756974,gauGAN
1.0,1.0,0.50739115,gauGAN
1.0,0.0,0.48700458,gauGAN
1.0,1.0,0.51643294,gauGAN
1.0,0.0,0.49714676,gauGAN
1.0,0.0,0.4804712,gauGAN
1.0,0.0,0.4828046,gauGAN
1.0,1.0,0.5055343,gauGAN
1.0,0.0,0.44353724,gauGAN
1.0,0.0,0.4722273,gauGAN
1.0,0.0,0.4875963,gauGAN
1.0,0.0,0.47053143,gauGAN
1.0,1.0,0.5008491,gauGAN
1.0,1.0,0.5020023,gauGAN
1.0,0.0,0.48301932,gauGAN
1.0,0.0,0.44977772,gauGAN
1.0,0.0,0.47424904,gauGAN
1.0,1.0,0.5067271,gauGAN
1.0,0.0,0.45975733,gauGAN
1.0,1.0,0.5231756,gauGAN
1.0,1.0,0.5217581,gauGAN
1.0,0.0,0.47797346,gauGAN
1.0,1.0,0.54864144,gauGAN
1.0,1.0,0.5575107,gauGAN
1.0,1.0,0.5006757,gauGAN
1.0,1.0,0.5176538,gauGAN
1.0,0.0,0.46736953,gauGAN
1.0,0.0,0.4650121,gauGAN
1.0,0.0,0.478731,gauGAN
1.0,0.0,0.48619533,gauGAN
1.0,1.0,0.5175852,gauGAN
1.0,1.0,0.5680689,gauGAN
1.0,0.0,0.45978883,gauGAN
1.0,1.0,0.53217036,gauGAN
1.0,1.0,0.5202902,gauGAN
1.0,0.0,0.46558216,gauGAN
1.0,1.0,0.5130989,gauGAN
1.0,0.0,0.49547163,gauGAN
1.0,0.0,0.48676848,gauGAN
1.0,0.0,0.4947406,gauGAN
1.0,1.0,0.5517417,gauGAN
1.0,1.0,0.5045526,gauGAN
1.0,1.0,0.5319373,gauGAN
1.0,1.0,0.54232377,gauGAN
1.0,0.0,0.4615513,gauGAN
1.0,1.0,0.526262,gauGAN
1.0,1.0,0.5149597,gauGAN
1.0,1.0,0.53625685,gauGAN
1.0,1.0,0.5372709,gauGAN
1.0,1.0,0.51452386,gauGAN
1.0,1.0,0.5157855,gauGAN
1.0,0.0,0.46268415,gauGAN
1.0,0.0,0.45888275,gauGAN
1.0,1.0,0.56745726,gauGAN
1.0,0.0,0.4798003,gauGAN
1.0,0.0,0.46456528,gauGAN
1.0,0.0,0.48411292,gauGAN
1.0,0.0,0.45051822,gauGAN
1.0,0.0,0.475516,gauGAN
1.0,0.0,0.4655675,gauGAN
1.0,0.0,0.4959466,gauGAN
1.0,1.0,0.5439902,gauGAN
1.0,0.0,0.46514732,gauGAN
1.0,1.0,0.50837374,gauGAN
1.0,0.0,0.48026928,gauGAN
1.0,1.0,0.53334546,gauGAN
1.0,0.0,0.46682376,gauGAN
1.0,0.0,0.48147908,gauGAN
1.0,0.0,0.45879772,gauGAN
1.0,0.0,0.46357888,gauGAN
1.0,1.0,0.5369497,gauGAN
1.0,1.0,0.5364523,gauGAN
1.0,0.0,0.49928612,gauGAN
1.0,1.0,0.50843644,gauGAN
1.0,0.0,0.48852152,gauGAN
1.0,0.0,0.45999578,gauGAN
1.0,0.0,0.4871183,gauGAN
1.0,1.0,0.5157902,gauGAN
1.0,1.0,0.54232854,gauGAN
1.0,1.0,0.5556923,gauGAN
1.0,0.0,0.4945803,gauGAN
1.0,0.0,0.46114087,gauGAN
1.0,0.0,0.47349694,gauGAN
1.0,0.0,0.45497584,gauGAN
1.0,0.0,0.4942139,gauGAN
1.0,1.0,0.51621693,gauGAN
1.0,1.0,0.52947676,gauGAN
1.0,1.0,0.5026765,gauGAN
1.0,1.0,0.51176417,gauGAN
1.0,0.0,0.48372632,gauGAN
1.0,0.0,0.4663562,gauGAN
1.0,1.0,0.52159345,gauGAN
1.0,1.0,0.53323114,gauGAN
1.0,1.0,0.52422434,gauGAN
1.0,1.0,0.5638482,gauGAN
1.0,0.0,0.4685311,gauGAN
1.0,1.0,0.50526625,gauGAN
1.0,1.0,0.5085864,gauGAN
1.0,1.0,0.5151291,gauGAN
1.0,0.0,0.48451456,gauGAN
1.0,1.0,0.50705475,gauGAN
1.0,0.0,0.48321107,gauGAN
1.0,1.0,0.5207076,gauGAN
1.0,0.0,0.4911562,gauGAN
1.0,1.0,0.5125536,gauGAN
1.0,0.0,0.4628345,gauGAN
1.0,0.0,0.46758023,gauGAN
1.0,1.0,0.54346967,gauGAN
1.0,0.0,0.49251464,gauGAN
1.0,1.0,0.5215979,gauGAN
1.0,0.0,0.44225296,gauGAN
1.0,1.0,0.5329028,gauGAN
1.0,1.0,0.5388075,gauGAN
1.0,1.0,0.5572853,gauGAN
1.0,0.0,0.46932548,gauGAN
1.0,1.0,0.51614106,gauGAN
1.0,1.0,0.51969826,gauGAN
1.0,0.0,0.4688303,gauGAN
1.0,0.0,0.47625506,gauGAN
1.0,0.0,0.48975053,gauGAN
1.0,0.0,0.46698487,gauGAN
1.0,1.0,0.5392761,gauGAN
1.0,1.0,0.51461583,gauGAN
1.0,1.0,0.5659782,gauGAN
1.0,1.0,0.52554595,gauGAN
1.0,1.0,0.56627405,gauGAN
1.0,0.0,0.4820849,gauGAN
1.0,0.0,0.46361414,gauGAN
1.0,1.0,0.5702404,gauGAN
1.0,0.0,0.4663005,gauGAN
1.0,1.0,0.5067705,gauGAN
1.0,0.0,0.4949911,gauGAN
1.0,0.0,0.46940085,gauGAN
1.0,1.0,0.55272037,gauGAN
1.0,1.0,0.5544689,gauGAN
1.0,1.0,0.51102227,gauGAN
1.0,0.0,0.49247625,gauGAN
1.0,1.0,0.5137587,gauGAN
1.0,0.0,0.47113904,gauGAN
1.0,0.0,0.4522934,gauGAN
1.0,1.0,0.5212871,gauGAN
1.0,0.0,0.46425387,gauGAN
1.0,1.0,0.5227111,gauGAN
1.0,0.0,0.47001022,gauGAN
1.0,0.0,0.46877024,gauGAN
1.0,0.0,0.4651958,gauGAN
1.0,0.0,0.4874146,gauGAN
1.0,0.0,0.48977536,gauGAN
1.0,0.0,0.49005193,gauGAN
1.0,0.0,0.45976484,gauGAN
1.0,1.0,0.50847965,gauGAN
1.0,1.0,0.5165306,gauGAN
1.0,1.0,0.50428593,gauGAN
1.0,0.0,0.4947149,gauGAN
1.0,0.0,0.48894343,gauGAN
1.0,0.0,0.48516884,gauGAN
1.0,1.0,0.53083336,gauGAN
1.0,0.0,0.4842378,gauGAN
1.0,1.0,0.5002135,gauGAN
1.0,1.0,0.5007736,gauGAN
1.0,1.0,0.5237904,gauGAN
1.0,1.0,0.56209713,gauGAN
1.0,0.0,0.47501558,gauGAN
1.0,1.0,0.53883326,gauGAN
1.0,1.0,0.54828084,gauGAN
1.0,1.0,0.54551333,gauGAN
1.0,1.0,0.5056445,gauGAN
1.0,1.0,0.58892506,gauGAN
1.0,0.0,0.46528244,gauGAN
1.0,0.0,0.46205,gauGAN
1.0,0.0,0.49775505,gauGAN
1.0,0.0,0.48068544,gauGAN
1.0,0.0,0.49188045,gauGAN
1.0,1.0,0.5045485,gauGAN
1.0,0.0,0.46873996,gauGAN
1.0,0.0,0.49261624,gauGAN
1.0,1.0,0.5069977,gauGAN
1.0,0.0,0.48509812,gauGAN
1.0,1.0,0.5116542,gauGAN
1.0,0.0,0.4222683,gauGAN
1.0,1.0,0.56128764,gauGAN
1.0,0.0,0.45585945,gauGAN
1.0,1.0,0.50060254,gauGAN
1.0,1.0,0.5582921,gauGAN
1.0,1.0,0.533797,gauGAN
1.0,0.0,0.48753935,gauGAN
1.0,1.0,0.53714186,gauGAN
1.0,1.0,0.54346347,gauGAN
1.0,1.0,0.50767064,gauGAN
1.0,0.0,0.49607733,gauGAN
1.0,1.0,0.5263539,gauGAN
1.0,1.0,0.535589,gauGAN
1.0,1.0,0.502025,gauGAN
1.0,1.0,0.5470829,gauGAN
1.0,0.0,0.48999286,gauGAN
1.0,1.0,0.5053121,gauGAN
1.0,1.0,0.52141505,gauGAN
1.0,1.0,0.52658886,gauGAN
1.0,0.0,0.48129043,gauGAN
1.0,0.0,0.48514628,gauGAN
1.0,1.0,0.5242394,gauGAN
1.0,0.0,0.46264842,gauGAN
1.0,0.0,0.48995182,gauGAN
1.0,0.0,0.4946875,gauGAN
1.0,0.0,0.45806476,gauGAN
1.0,0.0,0.4783607,gauGAN
1.0,0.0,0.48398903,gauGAN
1.0,1.0,0.5520152,gauGAN
1.0,1.0,0.52095884,gauGAN
1.0,1.0,0.5184965,gauGAN
1.0,0.0,0.46598232,gauGAN
1.0,1.0,0.54667187,gauGAN
1.0,1.0,0.5065705,gauGAN
1.0,0.0,0.4836767,gauGAN
1.0,1.0,0.52951276,gauGAN
1.0,0.0,0.483921,gauGAN
1.0,1.0,0.52842784,gauGAN
1.0,1.0,0.53555566,gauGAN
1.0,0.0,0.46336305,gauGAN
1.0,0.0,0.4635472,gauGAN
1.0,0.0,0.46615762,gauGAN
1.0,0.0,0.4718103,gauGAN
1.0,0.0,0.49979535,gauGAN
1.0,0.0,0.49467444,gauGAN
1.0,0.0,0.49539858,gauGAN
1.0,1.0,0.51549727,gauGAN
1.0,0.0,0.4623566,gauGAN
1.0,0.0,0.45180094,gauGAN
1.0,1.0,0.54062635,gauGAN
1.0,0.0,0.49387622,gauGAN
1.0,1.0,0.5373996,gauGAN
1.0,0.0,0.4776301,gauGAN
1.0,0.0,0.4451225,gauGAN
1.0,0.0,0.49068245,gauGAN
1.0,1.0,0.5507324,gauGAN
1.0,0.0,0.48501533,gauGAN
1.0,1.0,0.5185888,gauGAN
1.0,0.0,0.48824105,gauGAN
1.0,0.0,0.4947981,gauGAN
1.0,1.0,0.52954656,gauGAN
1.0,0.0,0.46961412,gauGAN
1.0,1.0,0.50695753,gauGAN
1.0,1.0,0.54354155,gauGAN
1.0,1.0,0.51199305,gauGAN
1.0,0.0,0.47563052,gauGAN
1.0,0.0,0.48764202,gauGAN
1.0,0.0,0.48847866,gauGAN
1.0,0.0,0.46190435,gauGAN
1.0,1.0,0.5014426,gauGAN
1.0,0.0,0.49571943,gauGAN
1.0,0.0,0.4995328,gauGAN
1.0,0.0,0.48454052,gauGAN
1.0,1.0,0.51494193,gauGAN
1.0,0.0,0.4664813,gauGAN
1.0,0.0,0.49761078,gauGAN
1.0,1.0,0.50870585,gauGAN
1.0,1.0,0.5657886,gauGAN
1.0,1.0,0.5581634,gauGAN
1.0,0.0,0.4564618,gauGAN
1.0,0.0,0.48091313,gauGAN
1.0,1.0,0.5034469,gauGAN
1.0,0.0,0.47799143,gauGAN
1.0,1.0,0.5102083,gauGAN
1.0,0.0,0.47810125,gauGAN
1.0,1.0,0.53152436,gauGAN
1.0,0.0,0.47555417,gauGAN
1.0,0.0,0.48755482,gauGAN
1.0,1.0,0.50480545,gauGAN
1.0,1.0,0.506493,gauGAN
1.0,1.0,0.56874955,gauGAN
1.0,0.0,0.49366775,gauGAN
1.0,0.0,0.47315422,gauGAN
1.0,1.0,0.5800131,gauGAN
1.0,0.0,0.48607057,gauGAN
1.0,1.0,0.51690644,gauGAN
1.0,0.0,0.48183507,gauGAN
1.0,0.0,0.47943637,gauGAN
1.0,0.0,0.49246365,gauGAN
1.0,0.0,0.47656003,gauGAN
1.0,0.0,0.48103988,gauGAN
1.0,0.0,0.45963755,gauGAN
1.0,1.0,0.5316151,gauGAN
1.0,1.0,0.5475955,gauGAN
1.0,1.0,0.50722843,gauGAN
1.0,1.0,0.5591912,gauGAN
1.0,0.0,0.49459988,gauGAN
1.0,0.0,0.45782498,gauGAN
1.0,0.0,0.4912002,gauGAN
1.0,1.0,0.510762,gauGAN
1.0,1.0,0.5021028,gauGAN
1.0,0.0,0.4841315,gauGAN
1.0,0.0,0.48939875,gauGAN
1.0,0.0,0.44356015,gauGAN
1.0,0.0,0.4909113,gauGAN
1.0,1.0,0.553235,gauGAN
1.0,1.0,0.5014917,gauGAN
1.0,0.0,0.49050543,gauGAN
1.0,1.0,0.53055227,gauGAN
1.0,1.0,0.5251399,gauGAN
1.0,0.0,0.463682,gauGAN
1.0,0.0,0.4796977,gauGAN
1.0,0.0,0.46257016,gauGAN
1.0,1.0,0.5372214,gauGAN
1.0,0.0,0.476619,gauGAN
1.0,1.0,0.5265369,gauGAN
1.0,0.0,0.49859414,gauGAN
1.0,0.0,0.4494783,gauGAN
1.0,0.0,0.49696139,gauGAN
1.0,1.0,0.58441484,gauGAN
1.0,1.0,0.5123525,gauGAN
1.0,0.0,0.49049577,gauGAN
1.0,1.0,0.53062695,gauGAN
1.0,0.0,0.4557062,gauGAN
1.0,0.0,0.46722406,gauGAN
1.0,1.0,0.5224223,gauGAN
1.0,0.0,0.4844876,gauGAN
1.0,1.0,0.5677408,gauGAN
1.0,0.0,0.43490005,gauGAN
1.0,1.0,0.50352854,gauGAN
1.0,0.0,0.46021205,gauGAN
1.0,1.0,0.5633243,gauGAN
1.0,1.0,0.56046456,gauGAN
1.0,0.0,0.46709877,gauGAN
1.0,1.0,0.5063594,gauGAN
1.0,1.0,0.5225661,gauGAN
1.0,1.0,0.5049443,gauGAN
1.0,1.0,0.532133,gauGAN
1.0,0.0,0.46641302,gauGAN
1.0,1.0,0.5207078,gauGAN
1.0,0.0,0.4741342,gauGAN
1.0,1.0,0.50876373,gauGAN
1.0,0.0,0.49355868,gauGAN
1.0,1.0,0.5323835,gauGAN
1.0,1.0,0.52461946,gauGAN
1.0,0.0,0.48119473,gauGAN
1.0,0.0,0.4922833,gauGAN
1.0,1.0,0.53580856,gauGAN
1.0,0.0,0.47735417,gauGAN
1.0,0.0,0.48988622,gauGAN
1.0,0.0,0.49701494,gauGAN
1.0,1.0,0.5296509,gauGAN
1.0,0.0,0.49701786,gauGAN
1.0,0.0,0.47663596,gauGAN
1.0,0.0,0.456028,gauGAN
1.0,0.0,0.47858208,gauGAN
1.0,1.0,0.5126107,gauGAN
1.0,0.0,0.49247453,gauGAN
1.0,1.0,0.525725,gauGAN
1.0,1.0,0.53699416,gauGAN
1.0,0.0,0.48414853,gauGAN
1.0,0.0,0.4815012,gauGAN
1.0,1.0,0.5149136,gauGAN
1.0,1.0,0.5208726,gauGAN
1.0,0.0,0.475258,gauGAN
1.0,1.0,0.5411071,gauGAN
1.0,0.0,0.43884802,gauGAN
1.0,1.0,0.5229901,gauGAN
1.0,0.0,0.47240728,gauGAN
1.0,1.0,0.5139462,gauGAN
1.0,0.0,0.47077316,gauGAN
1.0,0.0,0.4630372,gauGAN
1.0,0.0,0.46979553,gauGAN
1.0,0.0,0.48122698,gauGAN
1.0,0.0,0.46881405,gauGAN
1.0,0.0,0.4918377,gauGAN
1.0,0.0,0.4674139,gauGAN
1.0,0.0,0.46859974,gauGAN
1.0,1.0,0.5009215,gauGAN
1.0,0.0,0.4744268,gauGAN
1.0,0.0,0.47972602,gauGAN
1.0,1.0,0.5537979,gauGAN
1.0,1.0,0.5571782,gauGAN
1.0,0.0,0.47395313,gauGAN
1.0,1.0,0.50219905,gauGAN
1.0,1.0,0.5079019,gauGAN
1.0,0.0,0.46753883,gauGAN
1.0,0.0,0.4843106,gauGAN
1.0,0.0,0.47897854,gauGAN
1.0,0.0,0.49789023,gauGAN
1.0,0.0,0.4869932,gauGAN
1.0,1.0,0.5231936,gauGAN
1.0,0.0,0.48955095,gauGAN
1.0,0.0,0.46596998,gauGAN
1.0,0.0,0.4975177,gauGAN
1.0,0.0,0.49138808,gauGAN
1.0,1.0,0.5135383,gauGAN
1.0,1.0,0.5276956,gauGAN
1.0,0.0,0.49264804,gauGAN
1.0,0.0,0.4959083,gauGAN
1.0,1.0,0.5091062,gauGAN
1.0,0.0,0.4815023,gauGAN
1.0,1.0,0.512596,gauGAN
1.0,1.0,0.5082688,gauGAN
1.0,1.0,0.6032348,gauGAN
1.0,0.0,0.4783778,gauGAN
1.0,1.0,0.5019852,gauGAN
1.0,0.0,0.48388126,gauGAN
1.0,0.0,0.48923543,gauGAN
1.0,1.0,0.5095962,gauGAN
1.0,1.0,0.5468232,gauGAN
1.0,1.0,0.5290929,gauGAN
1.0,1.0,0.5407621,gauGAN
1.0,1.0,0.5425044,gauGAN
1.0,0.0,0.45803875,gauGAN
1.0,1.0,0.50748384,gauGAN
1.0,0.0,0.46525514,gauGAN
1.0,0.0,0.4797642,gauGAN
1.0,0.0,0.48742786,gauGAN
1.0,0.0,0.4875533,gauGAN
1.0,0.0,0.48469654,gauGAN
1.0,0.0,0.46956396,gauGAN
1.0,1.0,0.5700601,gauGAN
1.0,0.0,0.4814821,gauGAN
1.0,1.0,0.5619357,gauGAN
1.0,1.0,0.5509503,gauGAN
1.0,0.0,0.4986805,gauGAN
1.0,1.0,0.51193666,gauGAN
1.0,0.0,0.48834428,gauGAN
1.0,0.0,0.48767722,gauGAN
1.0,1.0,0.5163275,gauGAN
1.0,1.0,0.57558256,gauGAN
1.0,1.0,0.5017146,gauGAN
1.0,0.0,0.49522766,gauGAN
1.0,1.0,0.52589977,gauGAN
1.0,0.0,0.48581755,gauGAN
1.0,1.0,0.53221613,gauGAN
1.0,1.0,0.5479564,gauGAN
1.0,0.0,0.49459732,gauGAN
1.0,0.0,0.48289487,gauGAN
1.0,0.0,0.49987784,gauGAN
1.0,0.0,0.4998826,gauGAN
1.0,0.0,0.46038547,gauGAN
1.0,0.0,0.48342037,gauGAN
1.0,0.0,0.47792107,gauGAN
1.0,1.0,0.53859574,gauGAN
1.0,1.0,0.5642393,gauGAN
1.0,1.0,0.5081196,gauGAN
1.0,1.0,0.5105518,gauGAN
1.0,0.0,0.46716526,gauGAN
1.0,0.0,0.4735431,gauGAN
1.0,0.0,0.48360124,gauGAN
1.0,0.0,0.462293,gauGAN
1.0,0.0,0.47448683,gauGAN
1.0,1.0,0.5143262,gauGAN
1.0,0.0,0.4783879,gauGAN
1.0,0.0,0.47211516,gauGAN
1.0,1.0,0.5631051,gauGAN
1.0,0.0,0.4755318,gauGAN
1.0,1.0,0.5380616,gauGAN
1.0,0.0,0.4960336,gauGAN
1.0,1.0,0.5084973,gauGAN
1.0,0.0,0.46765018,gauGAN
1.0,1.0,0.50841165,gauGAN
1.0,0.0,0.45970955,gauGAN
1.0,0.0,0.4760934,gauGAN
1.0,1.0,0.51988465,gauGAN
1.0,0.0,0.47930208,gauGAN
1.0,0.0,0.4916325,gauGAN
1.0,1.0,0.508373,gauGAN
1.0,1.0,0.5029584,gauGAN
1.0,0.0,0.48061576,gauGAN
1.0,0.0,0.46875086,gauGAN
1.0,1.0,0.5082638,gauGAN
1.0,1.0,0.57998,gauGAN
1.0,0.0,0.48523137,gauGAN
1.0,1.0,0.53009427,gauGAN
1.0,0.0,0.47955322,gauGAN
1.0,1.0,0.55858076,gauGAN
1.0,1.0,0.5906964,gauGAN
1.0,1.0,0.5503123,gauGAN
1.0,0.0,0.47164458,gauGAN
1.0,1.0,0.5019287,gauGAN
1.0,1.0,0.5230053,gauGAN
1.0,1.0,0.51626974,gauGAN
1.0,0.0,0.49700856,gauGAN
1.0,1.0,0.5360993,gauGAN
1.0,1.0,0.5330304,gauGAN
1.0,1.0,0.5157705,gauGAN
1.0,0.0,0.4610769,gauGAN
1.0,1.0,0.5244814,gauGAN
1.0,0.0,0.4619001,gauGAN
1.0,0.0,0.46277246,gauGAN
1.0,0.0,0.4466181,gauGAN
1.0,1.0,0.52931786,gauGAN
1.0,0.0,0.4641293,gauGAN
1.0,1.0,0.50667024,gauGAN
1.0,1.0,0.56510293,gauGAN
1.0,1.0,0.53828853,gauGAN
1.0,0.0,0.47437713,gauGAN
1.0,0.0,0.47056463,gauGAN
1.0,0.0,0.47004,gauGAN
1.0,0.0,0.4833923,gauGAN
1.0,0.0,0.45796514,gauGAN
1.0,1.0,0.50616324,gauGAN
1.0,1.0,0.5253737,gauGAN
1.0,0.0,0.487026,gauGAN
1.0,1.0,0.5058597,gauGAN
1.0,0.0,0.46505323,gauGAN
1.0,0.0,0.46562216,gauGAN
1.0,0.0,0.46898147,gauGAN
1.0,1.0,0.50956917,gauGAN
1.0,0.0,0.48277435,gauGAN
1.0,0.0,0.44706044,gauGAN
1.0,0.0,0.45022207,gauGAN
1.0,0.0,0.48490113,gauGAN
1.0,1.0,0.59790283,gauGAN
1.0,1.0,0.52585095,gauGAN
1.0,0.0,0.466714,gauGAN
1.0,1.0,0.50971884,gauGAN
1.0,1.0,0.56932694,gauGAN
1.0,0.0,0.46294996,gauGAN
1.0,0.0,0.4803871,gauGAN
1.0,0.0,0.47983655,gauGAN
1.0,0.0,0.49762395,gauGAN
1.0,0.0,0.4918876,gauGAN
1.0,1.0,0.55663276,gauGAN
1.0,0.0,0.4489933,gauGAN
1.0,0.0,0.46812496,gauGAN
1.0,1.0,0.51802635,gauGAN
1.0,0.0,0.4828519,gauGAN
1.0,1.0,0.5029121,gauGAN
1.0,1.0,0.56492156,gauGAN
1.0,1.0,0.53151375,gauGAN
1.0,1.0,0.530942,gauGAN
1.0,1.0,0.5549387,gauGAN
1.0,0.0,0.49426144,gauGAN
1.0,1.0,0.5275559,gauGAN
1.0,0.0,0.45122793,gauGAN
1.0,0.0,0.46939254,gauGAN
1.0,1.0,0.5108207,gauGAN
1.0,1.0,0.5166977,gauGAN
1.0,1.0,0.52592427,gauGAN
1.0,1.0,0.5124964,gauGAN
1.0,0.0,0.45716792,gauGAN
1.0,1.0,0.5281259,gauGAN
1.0,0.0,0.4478364,gauGAN
1.0,1.0,0.5216905,gauGAN
1.0,0.0,0.47991297,gauGAN
1.0,1.0,0.5261746,gauGAN
1.0,0.0,0.49383727,gauGAN
1.0,1.0,0.5081247,gauGAN
1.0,0.0,0.49298203,gauGAN
1.0,1.0,0.5585201,gauGAN
1.0,0.0,0.4705215,gauGAN
1.0,0.0,0.4836237,gauGAN
1.0,0.0,0.49758074,gauGAN
1.0,1.0,0.5008074,gauGAN
1.0,1.0,0.51736987,gauGAN
1.0,0.0,0.46145064,gauGAN
1.0,1.0,0.53141904,gauGAN
1.0,0.0,0.47097948,gauGAN
1.0,0.0,0.47477186,gauGAN
1.0,0.0,0.48784727,gauGAN
1.0,1.0,0.50857514,gauGAN
1.0,1.0,0.50215346,gauGAN
1.0,0.0,0.45785058,gauGAN
1.0,1.0,0.51428217,gauGAN
1.0,0.0,0.45737365,gauGAN
1.0,0.0,0.46262965,gauGAN
1.0,0.0,0.4617977,gauGAN
1.0,1.0,0.53801966,gauGAN
1.0,1.0,0.5916904,gauGAN
1.0,0.0,0.484838,gauGAN
1.0,0.0,0.45342433,gauGAN
1.0,0.0,0.47710246,gauGAN
1.0,0.0,0.46514258,gauGAN
1.0,1.0,0.5337163,gauGAN
1.0,1.0,0.50240433,gauGAN
1.0,1.0,0.5246313,gauGAN
1.0,0.0,0.48812023,gauGAN
1.0,1.0,0.50799847,gauGAN
1.0,0.0,0.45237595,gauGAN
1.0,1.0,0.53763044,gauGAN
1.0,0.0,0.47267133,gauGAN
1.0,0.0,0.48033494,gauGAN
1.0,0.0,0.47699723,gauGAN
1.0,0.0,0.4716783,gauGAN
1.0,1.0,0.5001437,gauGAN
1.0,1.0,0.56152505,gauGAN
1.0,1.0,0.5550958,gauGAN
1.0,0.0,0.498294,gauGAN
1.0,0.0,0.44435537,gauGAN
1.0,1.0,0.56754434,gauGAN
1.0,1.0,0.51650685,gauGAN
1.0,1.0,0.5309737,gauGAN
1.0,0.0,0.4620223,gauGAN
1.0,1.0,0.5366221,gauGAN
1.0,1.0,0.5478561,gauGAN
1.0,0.0,0.45109963,gauGAN
1.0,1.0,0.50137055,gauGAN
1.0,1.0,0.5889667,gauGAN
1.0,0.0,0.48084542,gauGAN
1.0,1.0,0.51477474,gauGAN
1.0,0.0,0.49408856,gauGAN
1.0,1.0,0.52745444,gauGAN
1.0,0.0,0.48441038,gauGAN
1.0,0.0,0.48367965,gauGAN
1.0,0.0,0.49076155,gauGAN
1.0,1.0,0.582638,gauGAN
1.0,1.0,0.5449222,gauGAN
1.0,0.0,0.47827202,gauGAN
1.0,0.0,0.49044016,gauGAN
1.0,0.0,0.48529026,gauGAN
1.0,1.0,0.5223827,gauGAN
1.0,0.0,0.49761763,gauGAN
1.0,1.0,0.5252478,gauGAN
1.0,1.0,0.59749264,gauGAN
1.0,0.0,0.46965277,gauGAN
1.0,0.0,0.4423475,gauGAN
1.0,1.0,0.51774913,gauGAN
1.0,1.0,0.57954955,gauGAN
1.0,1.0,0.53612983,gauGAN
1.0,1.0,0.5282352,gauGAN
1.0,1.0,0.50987184,gauGAN
1.0,1.0,0.514576,gauGAN
1.0,1.0,0.5308599,gauGAN
1.0,0.0,0.4926479,gauGAN
1.0,1.0,0.50569403,gauGAN
1.0,1.0,0.5421658,gauGAN
1.0,0.0,0.43181786,gauGAN
1.0,0.0,0.4831401,gauGAN
1.0,1.0,0.5168047,gauGAN
1.0,1.0,0.50116897,gauGAN
1.0,1.0,0.54940933,gauGAN
1.0,1.0,0.52435386,gauGAN
1.0,0.0,0.45259738,gauGAN
1.0,1.0,0.52865475,gauGAN
1.0,1.0,0.5220263,gauGAN
1.0,1.0,0.5164704,gauGAN
1.0,1.0,0.5141083,gauGAN
1.0,0.0,0.4934587,gauGAN
1.0,0.0,0.4722208,gauGAN
1.0,0.0,0.4745931,gauGAN
1.0,0.0,0.48911113,gauGAN
1.0,1.0,0.54610527,gauGAN
1.0,0.0,0.4688092,gauGAN
1.0,0.0,0.49661195,gauGAN
1.0,1.0,0.5220134,gauGAN
1.0,0.0,0.477563,gauGAN
1.0,1.0,0.5027373,gauGAN
1.0,1.0,0.513982,gauGAN
1.0,1.0,0.5087641,gauGAN
1.0,1.0,0.52932566,gauGAN
1.0,0.0,0.48797634,gauGAN
1.0,1.0,0.544185,gauGAN
1.0,1.0,0.53304607,gauGAN
1.0,0.0,0.47150782,gauGAN
1.0,1.0,0.5479539,gauGAN
1.0,0.0,0.4710338,gauGAN
1.0,0.0,0.49510127,gauGAN
1.0,0.0,0.46917993,gauGAN
1.0,1.0,0.51306814,gauGAN
1.0,0.0,0.49134365,gauGAN
1.0,0.0,0.48785976,gauGAN
1.0,0.0,0.4998287,gauGAN
1.0,0.0,0.467105,gauGAN
1.0,1.0,0.56543535,gauGAN
1.0,0.0,0.46633932,gauGAN
1.0,1.0,0.5240668,gauGAN
1.0,1.0,0.51094246,gauGAN
1.0,0.0,0.49815375,gauGAN
1.0,1.0,0.51507074,gauGAN
1.0,1.0,0.5623134,gauGAN
1.0,1.0,0.51221085,gauGAN
1.0,0.0,0.4268107,gauGAN
1.0,1.0,0.5338025,gauGAN
1.0,1.0,0.532625,gauGAN
1.0,0.0,0.4925316,gauGAN
1.0,1.0,0.51417845,gauGAN
1.0,0.0,0.4802573,gauGAN
1.0,0.0,0.4859691,gauGAN
1.0,1.0,0.5514765,gauGAN
1.0,1.0,0.5261471,gauGAN
1.0,1.0,0.5604673,gauGAN
1.0,0.0,0.46067277,gauGAN
1.0,1.0,0.505431,gauGAN
1.0,0.0,0.48098513,gauGAN
1.0,1.0,0.5193282,gauGAN
1.0,0.0,0.49094233,gauGAN
1.0,1.0,0.5193585,styleGAN3
1.0,1.0,0.51740634,styleGAN3
1.0,0.0,0.45733517,styleGAN3
1.0,0.0,0.4798942,styleGAN3
1.0,0.0,0.48948872,styleGAN3
1.0,0.0,0.4386761,styleGAN3
1.0,1.0,0.5092267,styleGAN3
1.0,1.0,0.5074145,styleGAN3
1.0,1.0,0.51492757,styleGAN3
1.0,0.0,0.48103943,styleGAN3
1.0,0.0,0.4622382,styleGAN3
1.0,0.0,0.4724093,styleGAN3
1.0,0.0,0.4706771,styleGAN3
1.0,1.0,0.5102397,styleGAN3
1.0,0.0,0.4676346,styleGAN3
1.0,0.0,0.43747056,styleGAN3
1.0,0.0,0.48252898,styleGAN3
1.0,1.0,0.5085464,styleGAN3
1.0,0.0,0.44557723,styleGAN3
1.0,0.0,0.47371554,styleGAN3
1.0,0.0,0.4530574,styleGAN3
1.0,0.0,0.4544394,styleGAN3
1.0,0.0,0.4585584,styleGAN3
1.0,1.0,0.5506976,styleGAN3
1.0,0.0,0.49101406,styleGAN3
1.0,0.0,0.4859432,styleGAN3
1.0,0.0,0.43769512,styleGAN3
1.0,0.0,0.47972777,styleGAN3
1.0,1.0,0.571853,styleGAN3
1.0,0.0,0.4707117,styleGAN3
1.0,0.0,0.48972642,styleGAN3
1.0,1.0,0.52778816,styleGAN3
1.0,0.0,0.47470763,styleGAN3
1.0,0.0,0.41950256,styleGAN3
1.0,0.0,0.48770535,styleGAN3
1.0,0.0,0.49391982,styleGAN3
1.0,0.0,0.46248615,styleGAN3
1.0,0.0,0.47391304,styleGAN3
1.0,0.0,0.48093078,styleGAN3
1.0,0.0,0.46890157,styleGAN3
1.0,0.0,0.44513574,styleGAN3
1.0,0.0,0.4719005,styleGAN3
1.0,1.0,0.50486517,styleGAN3
1.0,1.0,0.5050657,styleGAN3
1.0,0.0,0.46023956,styleGAN3
1.0,1.0,0.54998636,styleGAN3
1.0,0.0,0.49029753,styleGAN3
1.0,0.0,0.47469255,styleGAN3
1.0,0.0,0.4673753,styleGAN3
1.0,0.0,0.46210602,styleGAN3
1.0,0.0,0.46457893,styleGAN3
1.0,0.0,0.46710697,styleGAN3
1.0,0.0,0.45791006,styleGAN3
1.0,0.0,0.4765491,styleGAN3
1.0,0.0,0.4692723,styleGAN3
1.0,1.0,0.5575334,styleGAN3
1.0,0.0,0.4693104,styleGAN3
1.0,1.0,0.50056624,styleGAN3
1.0,0.0,0.4974427,styleGAN3
1.0,0.0,0.48729363,styleGAN3
1.0,1.0,0.537993,styleGAN3
1.0,0.0,0.45210794,styleGAN3
1.0,0.0,0.49065104,styleGAN3
1.0,1.0,0.5586334,styleGAN3
1.0,0.0,0.47272888,styleGAN3
1.0,0.0,0.46222544,styleGAN3
1.0,1.0,0.52898467,styleGAN3
1.0,0.0,0.47148862,styleGAN3
1.0,0.0,0.46154326,styleGAN3
1.0,0.0,0.46632352,styleGAN3
1.0,1.0,0.5096777,styleGAN3
1.0,1.0,0.5021136,styleGAN3
1.0,1.0,0.5310292,styleGAN3
1.0,0.0,0.46423876,styleGAN3
1.0,0.0,0.4809472,styleGAN3
1.0,0.0,0.47395644,styleGAN3
1.0,0.0,0.49248227,styleGAN3
1.0,0.0,0.45209587,styleGAN3
1.0,0.0,0.47336265,styleGAN3
1.0,0.0,0.4590256,styleGAN3
1.0,0.0,0.48044905,styleGAN3
1.0,1.0,0.5005485,styleGAN3
1.0,0.0,0.4607787,styleGAN3
1.0,0.0,0.4768934,styleGAN3
1.0,0.0,0.47966018,styleGAN3
1.0,0.0,0.491199,styleGAN3
1.0,0.0,0.4609377,styleGAN3
1.0,1.0,0.5015971,styleGAN3
1.0,1.0,0.5037069,styleGAN3
1.0,0.0,0.48456258,styleGAN3
1.0,1.0,0.58689886,styleGAN3
1.0,0.0,0.43641317,styleGAN3
1.0,0.0,0.47372314,styleGAN3
1.0,0.0,0.45036262,styleGAN3
1.0,1.0,0.5176871,styleGAN3
1.0,1.0,0.5156162,styleGAN3
1.0,1.0,0.50824606,styleGAN3
1.0,0.0,0.46639165,styleGAN3
1.0,0.0,0.49943855,styleGAN3
1.0,1.0,0.5381044,styleGAN3
1.0,0.0,0.43707016,styleGAN3
1.0,1.0,0.5240685,styleGAN3
1.0,0.0,0.46851215,styleGAN3
1.0,1.0,0.5276815,styleGAN3
1.0,1.0,0.5530632,styleGAN3
1.0,0.0,0.4718856,styleGAN3
1.0,0.0,0.46253088,styleGAN3
1.0,0.0,0.4914664,styleGAN3
1.0,0.0,0.49275964,styleGAN3
1.0,0.0,0.48840472,styleGAN3
1.0,0.0,0.46916503,styleGAN3
1.0,0.0,0.46864778,styleGAN3
1.0,0.0,0.47787791,styleGAN3
1.0,1.0,0.51796895,styleGAN3
1.0,0.0,0.48340532,styleGAN3
1.0,0.0,0.4674309,styleGAN3
1.0,1.0,0.52115947,styleGAN3
1.0,0.0,0.491744,styleGAN3
1.0,0.0,0.47951323,styleGAN3
1.0,0.0,0.473765,styleGAN3
1.0,0.0,0.44366077,styleGAN3
1.0,0.0,0.4757585,styleGAN3
1.0,0.0,0.48080254,styleGAN3
1.0,0.0,0.4492884,styleGAN3
1.0,0.0,0.4603213,styleGAN3
1.0,0.0,0.48207432,styleGAN3
1.0,0.0,0.47262326,styleGAN3
1.0,0.0,0.46236527,styleGAN3
1.0,1.0,0.50742567,styleGAN3
1.0,0.0,0.46364713,styleGAN3
1.0,0.0,0.48655048,styleGAN3
1.0,0.0,0.4919954,styleGAN3
1.0,0.0,0.49458274,styleGAN3
1.0,0.0,0.4697544,styleGAN3
1.0,0.0,0.4954221,styleGAN3
1.0,0.0,0.4866414,styleGAN3
1.0,1.0,0.5006064,styleGAN3
1.0,1.0,0.5283632,styleGAN3
1.0,0.0,0.47561228,styleGAN3
1.0,0.0,0.46370772,styleGAN3
1.0,0.0,0.45645645,styleGAN3
1.0,1.0,0.5096714,styleGAN3
1.0,0.0,0.4915857,styleGAN3
1.0,0.0,0.46993223,styleGAN3
1.0,0.0,0.4880414,styleGAN3
1.0,1.0,0.55774313,styleGAN3
1.0,0.0,0.45745167,styleGAN3
1.0,0.0,0.49382523,styleGAN3
1.0,0.0,0.43929422,styleGAN3
1.0,1.0,0.5501741,styleGAN3
1.0,0.0,0.4645462,styleGAN3
1.0,0.0,0.49637246,styleGAN3
1.0,0.0,0.483119,styleGAN3
1.0,0.0,0.46028906,styleGAN3
1.0,1.0,0.51605046,styleGAN3
1.0,1.0,0.50788426,styleGAN3
1.0,0.0,0.4963362,styleGAN3
1.0,0.0,0.48635656,styleGAN3
1.0,1.0,0.5195232,styleGAN3
1.0,0.0,0.49049154,styleGAN3
1.0,0.0,0.46680495,styleGAN3
1.0,1.0,0.5093596,styleGAN3
1.0,0.0,0.43966585,styleGAN3
1.0,0.0,0.467466,styleGAN3
1.0,0.0,0.45549306,styleGAN3
1.0,0.0,0.4700952,styleGAN3
1.0,0.0,0.46297455,styleGAN3
1.0,0.0,0.4766542,styleGAN3
1.0,0.0,0.48011854,styleGAN3
1.0,0.0,0.4947587,styleGAN3
1.0,0.0,0.47232005,styleGAN3
1.0,0.0,0.4598732,styleGAN3
1.0,0.0,0.47113883,styleGAN3
1.0,0.0,0.46703687,styleGAN3
1.0,0.0,0.45961964,styleGAN3
1.0,0.0,0.47602966,styleGAN3
1.0,0.0,0.42536595,styleGAN3
1.0,0.0,0.47169733,styleGAN3
1.0,0.0,0.4845948,styleGAN3
1.0,0.0,0.47692347,styleGAN3
1.0,0.0,0.4695536,styleGAN3
1.0,0.0,0.47620228,styleGAN3
1.0,0.0,0.48579732,styleGAN3
1.0,0.0,0.46267414,styleGAN3
1.0,0.0,0.4687667,styleGAN3
1.0,0.0,0.461843,styleGAN3
1.0,1.0,0.5090445,styleGAN3
1.0,0.0,0.4406824,styleGAN3
1.0,0.0,0.46705288,styleGAN3
1.0,0.0,0.4873804,styleGAN3
1.0,0.0,0.46623862,styleGAN3
1.0,0.0,0.43112704,styleGAN3
1.0,0.0,0.46951386,styleGAN3
1.0,0.0,0.49021655,styleGAN3
1.0,1.0,0.50744396,styleGAN3
1.0,0.0,0.48190528,styleGAN3
1.0,0.0,0.48925936,styleGAN3
1.0,0.0,0.47359076,styleGAN3
1.0,0.0,0.46779352,styleGAN3
1.0,0.0,0.47619697,styleGAN3
1.0,0.0,0.48653418,styleGAN3
1.0,0.0,0.4618485,styleGAN3
1.0,0.0,0.48699287,styleGAN3
1.0,1.0,0.51424766,styleGAN3
1.0,1.0,0.5096926,styleGAN3
1.0,0.0,0.43906397,styleGAN3
1.0,1.0,0.5076217,styleGAN3
1.0,0.0,0.45844996,styleGAN3
1.0,0.0,0.481544,styleGAN3
1.0,1.0,0.50390446,styleGAN3
1.0,1.0,0.5119077,styleGAN3
1.0,1.0,0.5155145,styleGAN3
1.0,0.0,0.4852711,styleGAN3
1.0,0.0,0.4354443,styleGAN3
1.0,0.0,0.4727576,styleGAN3
1.0,0.0,0.47117636,styleGAN3
1.0,0.0,0.4901458,styleGAN3
1.0,0.0,0.4434901,styleGAN3
1.0,0.0,0.48719838,styleGAN3
1.0,0.0,0.46603087,styleGAN3
1.0,1.0,0.52892053,styleGAN3
1.0,1.0,0.50112253,styleGAN3
1.0,0.0,0.47710493,styleGAN3
1.0,0.0,0.45786935,styleGAN3
1.0,1.0,0.5004414,styleGAN3
1.0,0.0,0.4479512,styleGAN3
1.0,0.0,0.4666092,styleGAN3
1.0,0.0,0.45919088,styleGAN3
1.0,0.0,0.48542473,styleGAN3
1.0,0.0,0.48049277,styleGAN3
1.0,0.0,0.49891257,styleGAN3
1.0,0.0,0.4867269,styleGAN3
1.0,0.0,0.48938003,styleGAN3
1.0,0.0,0.46832278,styleGAN3
1.0,0.0,0.4991288,styleGAN3
1.0,0.0,0.4841925,styleGAN3
1.0,0.0,0.46000487,styleGAN3
1.0,0.0,0.46126005,styleGAN3
1.0,0.0,0.4720617,styleGAN3
1.0,0.0,0.4745233,styleGAN3
1.0,0.0,0.458441,styleGAN3
1.0,0.0,0.46254572,styleGAN3
1.0,0.0,0.48312336,styleGAN3
1.0,1.0,0.53564304,styleGAN3
1.0,0.0,0.48782617,styleGAN3
1.0,0.0,0.47011453,styleGAN3
1.0,0.0,0.4764538,styleGAN3
1.0,1.0,0.52344346,styleGAN3
1.0,0.0,0.4595584,styleGAN3
1.0,1.0,0.52522016,styleGAN3
1.0,0.0,0.4941929,styleGAN3
1.0,1.0,0.509173,styleGAN3
1.0,1.0,0.52508837,styleGAN3
1.0,1.0,0.50996524,styleGAN3
1.0,0.0,0.45987895,styleGAN3
1.0,1.0,0.5480998,styleGAN3
1.0,0.0,0.47692797,styleGAN3
1.0,0.0,0.4612151,styleGAN3
1.0,0.0,0.4987836,styleGAN3
1.0,1.0,0.50479573,styleGAN3
1.0,0.0,0.4738052,styleGAN3
1.0,0.0,0.46618783,styleGAN3
1.0,0.0,0.4541252,styleGAN3
1.0,0.0,0.49947438,styleGAN3
1.0,0.0,0.47420678,styleGAN3
1.0,0.0,0.49142694,styleGAN3
1.0,0.0,0.46175334,styleGAN3
1.0,0.0,0.49858454,styleGAN3
1.0,0.0,0.48246804,styleGAN3
1.0,0.0,0.47407472,styleGAN3
1.0,0.0,0.47128394,styleGAN3
1.0,0.0,0.46929988,styleGAN3
1.0,1.0,0.50491697,styleGAN3
1.0,1.0,0.50818056,styleGAN3
1.0,0.0,0.4565595,styleGAN3
1.0,0.0,0.46918315,styleGAN3
1.0,0.0,0.47827888,styleGAN3
1.0,0.0,0.46874687,styleGAN3
1.0,0.0,0.4727413,styleGAN3
1.0,0.0,0.47083917,styleGAN3
1.0,0.0,0.4878929,styleGAN3
1.0,0.0,0.45219126,styleGAN3
1.0,0.0,0.43078732,styleGAN3
1.0,1.0,0.54279613,styleGAN3
1.0,0.0,0.44840392,styleGAN3
1.0,0.0,0.49160752,styleGAN3
1.0,0.0,0.47181296,styleGAN3
1.0,0.0,0.4732521,styleGAN3
1.0,1.0,0.5086098,styleGAN3
1.0,0.0,0.45708117,styleGAN3
1.0,1.0,0.5634506,styleGAN3
1.0,0.0,0.4720581,styleGAN3
1.0,0.0,0.48264098,styleGAN3
1.0,1.0,0.56883526,styleGAN3
1.0,0.0,0.49477714,styleGAN3
1.0,0.0,0.442944,styleGAN3
1.0,1.0,0.5042553,styleGAN3
1.0,0.0,0.48552677,styleGAN3
1.0,1.0,0.5012398,styleGAN3
1.0,0.0,0.47065657,styleGAN3
1.0,1.0,0.5203576,styleGAN3
1.0,0.0,0.48080397,styleGAN3
1.0,0.0,0.44382498,styleGAN3
1.0,0.0,0.46605542,styleGAN3
1.0,0.0,0.47652832,styleGAN3
1.0,0.0,0.47574204,styleGAN3
1.0,0.0,0.49801278,styleGAN3
1.0,0.0,0.46678546,styleGAN3
1.0,1.0,0.51685095,styleGAN3
1.0,0.0,0.4417998,styleGAN3
1.0,0.0,0.4972182,styleGAN3
1.0,0.0,0.46342725,styleGAN3
1.0,0.0,0.4457625,styleGAN3
1.0,0.0,0.47849867,styleGAN3
1.0,0.0,0.4824344,styleGAN3
1.0,0.0,0.46161819,styleGAN3
1.0,0.0,0.49167058,styleGAN3
1.0,1.0,0.5030513,styleGAN3
1.0,0.0,0.4821994,styleGAN3
1.0,1.0,0.5111329,styleGAN3
1.0,0.0,0.49469405,styleGAN3
1.0,0.0,0.45702904,styleGAN3
1.0,0.0,0.47570044,styleGAN3
1.0,0.0,0.47734037,styleGAN3
1.0,0.0,0.46374613,styleGAN3
1.0,0.0,0.480639,styleGAN3
1.0,0.0,0.4729095,styleGAN3
1.0,0.0,0.45210782,styleGAN3
1.0,1.0,0.5219049,styleGAN3
1.0,1.0,0.5139952,styleGAN3
1.0,0.0,0.476401,styleGAN3
1.0,1.0,0.50207686,styleGAN3
1.0,0.0,0.47465336,styleGAN3
1.0,0.0,0.47982386,styleGAN3
1.0,1.0,0.536373,styleGAN3
1.0,0.0,0.49115804,styleGAN3
1.0,1.0,0.5414949,styleGAN3
1.0,0.0,0.444678,styleGAN3
1.0,1.0,0.5238103,styleGAN3
1.0,0.0,0.47431737,styleGAN3
1.0,0.0,0.49069685,styleGAN3
1.0,0.0,0.4721164,styleGAN3
1.0,0.0,0.4683018,styleGAN3
1.0,0.0,0.47509468,styleGAN3
1.0,0.0,0.4835992,styleGAN3
1.0,1.0,0.50044376,styleGAN3
1.0,1.0,0.5294451,styleGAN3
1.0,0.0,0.43613943,styleGAN3
1.0,0.0,0.49019998,styleGAN3
1.0,1.0,0.53680426,styleGAN3
1.0,0.0,0.49543545,styleGAN3
1.0,0.0,0.47025868,styleGAN3
1.0,0.0,0.47527245,styleGAN3
1.0,0.0,0.47121263,styleGAN3
1.0,0.0,0.46333045,styleGAN3
1.0,0.0,0.47089943,styleGAN3
1.0,0.0,0.49917728,styleGAN3
1.0,0.0,0.47011685,styleGAN3
1.0,0.0,0.4597728,styleGAN3
1.0,0.0,0.46749213,styleGAN3
1.0,0.0,0.4572336,styleGAN3
1.0,1.0,0.5160226,styleGAN3
1.0,0.0,0.4796739,styleGAN3
1.0,0.0,0.49067664,styleGAN3
1.0,0.0,0.499349,styleGAN3
1.0,1.0,0.5089467,styleGAN3
1.0,1.0,0.53150576,styleGAN3
1.0,0.0,0.45953432,styleGAN3
1.0,0.0,0.47249478,styleGAN3
1.0,0.0,0.49902883,styleGAN3
1.0,0.0,0.4965763,styleGAN3
1.0,0.0,0.4423913,styleGAN3
1.0,1.0,0.5280315,styleGAN3
1.0,0.0,0.47916782,styleGAN3
1.0,1.0,0.53319305,styleGAN3
1.0,1.0,0.52260745,styleGAN3
1.0,0.0,0.48584864,styleGAN3
1.0,1.0,0.5728958,styleGAN3
1.0,0.0,0.460075,styleGAN3
1.0,0.0,0.45300978,styleGAN3
1.0,0.0,0.46138477,styleGAN3
1.0,0.0,0.4743119,styleGAN3
1.0,0.0,0.48111242,styleGAN3
1.0,0.0,0.48826593,styleGAN3
1.0,0.0,0.48600575,styleGAN3
1.0,0.0,0.45679122,styleGAN3
1.0,1.0,0.53793895,styleGAN3
1.0,0.0,0.47455424,styleGAN3
1.0,0.0,0.4795483,styleGAN3
1.0,1.0,0.5327532,styleGAN3
1.0,1.0,0.53117615,styleGAN3
1.0,0.0,0.4990333,styleGAN3
1.0,0.0,0.46443504,styleGAN3
1.0,0.0,0.4561183,styleGAN3
1.0,0.0,0.47058988,styleGAN3
1.0,1.0,0.5261975,styleGAN3
1.0,0.0,0.4838972,styleGAN3
1.0,0.0,0.47422087,styleGAN3
1.0,1.0,0.5178959,styleGAN3
1.0,0.0,0.43818223,styleGAN3
1.0,0.0,0.46256343,styleGAN3
1.0,0.0,0.46679902,styleGAN3
1.0,0.0,0.4788841,styleGAN3
1.0,0.0,0.4659616,styleGAN3
1.0,0.0,0.45874158,styleGAN3
1.0,1.0,0.5018507,styleGAN3
1.0,1.0,0.5090341,styleGAN3
1.0,1.0,0.5071291,styleGAN3
1.0,1.0,0.5348004,styleGAN3
1.0,1.0,0.5199349,styleGAN3
1.0,0.0,0.40742084,styleGAN3
1.0,0.0,0.49912322,styleGAN3
1.0,0.0,0.48546994,styleGAN3
1.0,0.0,0.43472964,styleGAN3
1.0,0.0,0.46721843,styleGAN3
1.0,1.0,0.5339744,styleGAN3
1.0,0.0,0.47579005,styleGAN3
1.0,0.0,0.46624243,styleGAN3
1.0,1.0,0.5076077,styleGAN3
1.0,0.0,0.465115,styleGAN3
1.0,0.0,0.4716852,styleGAN3
1.0,0.0,0.48461297,styleGAN3
1.0,0.0,0.4419772,styleGAN3
1.0,0.0,0.47271928,styleGAN3
1.0,0.0,0.44451848,styleGAN3
1.0,0.0,0.47168615,styleGAN3
1.0,0.0,0.48623586,styleGAN3
1.0,0.0,0.46695226,styleGAN3
1.0,1.0,0.51389647,styleGAN3
1.0,0.0,0.48826435,styleGAN3
1.0,1.0,0.52881265,styleGAN3
1.0,0.0,0.4889917,styleGAN3
1.0,0.0,0.49139962,styleGAN3
1.0,0.0,0.4402278,styleGAN3
1.0,0.0,0.47106454,styleGAN3
1.0,0.0,0.46096805,styleGAN3
1.0,0.0,0.471619,styleGAN3
1.0,0.0,0.4729393,styleGAN3
1.0,0.0,0.46274203,styleGAN3
1.0,0.0,0.4978386,styleGAN3
1.0,1.0,0.51127243,styleGAN3
1.0,0.0,0.49382812,styleGAN3
1.0,0.0,0.47303447,styleGAN3
1.0,0.0,0.486012,styleGAN3
1.0,1.0,0.51349026,styleGAN3
1.0,0.0,0.48940292,styleGAN3
1.0,0.0,0.48815036,styleGAN3
1.0,0.0,0.47722274,styleGAN3
1.0,1.0,0.5141717,styleGAN3
1.0,1.0,0.5226824,styleGAN3
1.0,0.0,0.47615492,styleGAN3
1.0,0.0,0.46102104,styleGAN3
1.0,0.0,0.44796285,styleGAN3
1.0,0.0,0.4703878,styleGAN3
1.0,0.0,0.4757414,styleGAN3
1.0,0.0,0.45762637,styleGAN3
1.0,1.0,0.5081837,styleGAN3
1.0,0.0,0.47496632,styleGAN3
1.0,0.0,0.48820457,styleGAN3
1.0,0.0,0.48967507,styleGAN3
1.0,1.0,0.51373744,styleGAN3
1.0,0.0,0.46713257,styleGAN3
1.0,0.0,0.47266948,styleGAN3
1.0,0.0,0.48665318,styleGAN3
1.0,0.0,0.47410482,styleGAN3
1.0,1.0,0.5087583,styleGAN3
1.0,1.0,0.5344452,styleGAN3
1.0,0.0,0.4577903,styleGAN3
1.0,0.0,0.4733771,styleGAN3
1.0,0.0,0.4404254,styleGAN3
1.0,0.0,0.45221996,styleGAN3
1.0,0.0,0.48371625,styleGAN3
1.0,1.0,0.50269413,styleGAN3
1.0,0.0,0.4614945,styleGAN3
1.0,0.0,0.49786708,styleGAN3
1.0,0.0,0.49091762,styleGAN3
1.0,0.0,0.48897526,styleGAN3
1.0,0.0,0.49908835,styleGAN3
1.0,1.0,0.5005885,styleGAN3
1.0,0.0,0.48568615,styleGAN3
1.0,0.0,0.4856937,styleGAN3
1.0,1.0,0.5057976,styleGAN3
1.0,1.0,0.5260668,styleGAN3
1.0,0.0,0.4780761,styleGAN3
1.0,0.0,0.47438645,styleGAN3
1.0,0.0,0.49459592,styleGAN3
1.0,0.0,0.47698763,styleGAN3
1.0,0.0,0.46026567,styleGAN3
1.0,1.0,0.5091198,styleGAN3
1.0,0.0,0.44973102,styleGAN3
1.0,0.0,0.48330244,styleGAN3
1.0,0.0,0.4669191,styleGAN3
1.0,0.0,0.49369857,styleGAN3
1.0,0.0,0.45368007,styleGAN3
1.0,0.0,0.46439642,styleGAN3
1.0,0.0,0.46636587,styleGAN3
1.0,0.0,0.449355,styleGAN3
1.0,0.0,0.46381688,styleGAN3
1.0,1.0,0.5159653,styleGAN3
1.0,0.0,0.43570477,styleGAN3
1.0,1.0,0.5158095,styleGAN3
1.0,1.0,0.5231631,styleGAN3
1.0,1.0,0.51410806,styleGAN3
1.0,0.0,0.4611428,styleGAN3
1.0,0.0,0.48228794,styleGAN3
1.0,0.0,0.49302456,styleGAN3
1.0,0.0,0.49019724,styleGAN3
1.0,1.0,0.53166515,styleGAN3
1.0,0.0,0.45732918,styleGAN3
1.0,0.0,0.4587087,styleGAN3
1.0,0.0,0.46682385,styleGAN3
1.0,0.0,0.47711265,styleGAN3
1.0,1.0,0.5373474,styleGAN3
1.0,0.0,0.46197385,styleGAN3
1.0,0.0,0.4735189,styleGAN3
1.0,1.0,0.51615703,styleGAN3
1.0,1.0,0.5246589,styleGAN3
1.0,0.0,0.4714624,styleGAN3
1.0,0.0,0.45595148,styleGAN3
1.0,1.0,0.51064503,styleGAN3
1.0,0.0,0.4869049,styleGAN3
1.0,1.0,0.51825696,styleGAN3
1.0,1.0,0.5375223,styleGAN3
1.0,0.0,0.47099784,styleGAN3
1.0,0.0,0.46562672,styleGAN3
1.0,1.0,0.53191096,styleGAN3
1.0,0.0,0.47749144,styleGAN3
1.0,1.0,0.5512661,styleGAN3
1.0,0.0,0.46563086,styleGAN3
1.0,0.0,0.4524305,styleGAN3
1.0,0.0,0.49551645,styleGAN3
1.0,0.0,0.48772883,styleGAN3
1.0,0.0,0.47086582,styleGAN3
1.0,0.0,0.4646781,styleGAN3
1.0,0.0,0.49365288,styleGAN3
1.0,0.0,0.44338554,styleGAN3
1.0,1.0,0.546129,styleGAN3
1.0,0.0,0.4572926,styleGAN3
1.0,1.0,0.55107343,styleGAN3
1.0,0.0,0.45970818,styleGAN3
1.0,0.0,0.46554878,styleGAN3
1.0,0.0,0.48541668,styleGAN3
1.0,0.0,0.4583673,styleGAN3
1.0,0.0,0.46919528,styleGAN3
1.0,0.0,0.48550317,styleGAN3
1.0,0.0,0.474308,styleGAN3
1.0,0.0,0.4759132,styleGAN3
1.0,0.0,0.4813254,styleGAN3
1.0,0.0,0.47324508,styleGAN3
1.0,0.0,0.49593198,styleGAN3
1.0,1.0,0.51732,styleGAN3
1.0,0.0,0.48662776,styleGAN3
1.0,1.0,0.5448211,styleGAN3
1.0,0.0,0.47575364,styleGAN3
1.0,1.0,0.5022625,styleGAN3
1.0,0.0,0.46591917,styleGAN3
1.0,0.0,0.4527105,styleGAN3
1.0,1.0,0.51053,styleGAN3
1.0,0.0,0.46927416,styleGAN3
1.0,0.0,0.46291962,styleGAN3
1.0,0.0,0.48703346,styleGAN3
1.0,0.0,0.48989418,styleGAN3
1.0,0.0,0.45895657,styleGAN3
1.0,0.0,0.4607678,styleGAN3
1.0,1.0,0.5401426,styleGAN3
1.0,1.0,0.5118882,styleGAN3
1.0,0.0,0.49086425,styleGAN3
1.0,1.0,0.5025386,styleGAN3
1.0,0.0,0.48788047,styleGAN3
1.0,1.0,0.5022845,styleGAN3
1.0,1.0,0.5252762,styleGAN3
1.0,1.0,0.5005982,styleGAN3
1.0,0.0,0.4582484,styleGAN3
1.0,0.0,0.49188069,styleGAN3
1.0,0.0,0.4747116,styleGAN3
1.0,0.0,0.49740407,styleGAN3
1.0,0.0,0.46213317,styleGAN3
1.0,0.0,0.44539526,styleGAN3
1.0,0.0,0.44254068,styleGAN3
1.0,1.0,0.5027003,styleGAN3
1.0,0.0,0.49313962,styleGAN3
1.0,0.0,0.46993303,styleGAN3
1.0,0.0,0.49033442,styleGAN3
1.0,0.0,0.46758464,styleGAN3
1.0,0.0,0.47739488,styleGAN3
1.0,0.0,0.48563442,styleGAN3
1.0,0.0,0.46899742,styleGAN3
1.0,0.0,0.49297452,styleGAN3
1.0,0.0,0.4582276,styleGAN3
1.0,0.0,0.494682,styleGAN3
1.0,0.0,0.49297497,styleGAN3
1.0,0.0,0.455995,styleGAN3
1.0,0.0,0.45569438,styleGAN3
1.0,0.0,0.47895524,styleGAN3
1.0,1.0,0.55377454,styleGAN3
1.0,0.0,0.4976106,styleGAN3
1.0,0.0,0.45575553,styleGAN3
1.0,0.0,0.45085508,styleGAN3
1.0,0.0,0.47199348,styleGAN3
1.0,0.0,0.48560405,styleGAN3
1.0,0.0,0.4776175,styleGAN3
1.0,0.0,0.48519364,styleGAN3
1.0,0.0,0.48989362,styleGAN3
1.0,1.0,0.5004001,styleGAN3
1.0,0.0,0.46400052,styleGAN3
1.0,1.0,0.51864684,styleGAN3
1.0,1.0,0.5287904,styleGAN3
1.0,1.0,0.59956944,styleGAN3
1.0,0.0,0.4817854,styleGAN3
1.0,0.0,0.49308154,styleGAN3
1.0,0.0,0.4673997,styleGAN3
1.0,0.0,0.49927115,styleGAN3
1.0,0.0,0.45833302,styleGAN3
1.0,1.0,0.5191698,styleGAN3
1.0,0.0,0.4871603,styleGAN3
1.0,0.0,0.48430443,styleGAN3
1.0,0.0,0.4558047,styleGAN3
1.0,1.0,0.5170237,styleGAN3
1.0,0.0,0.45471877,styleGAN3
1.0,1.0,0.52268386,styleGAN3
1.0,1.0,0.51367325,styleGAN3
1.0,1.0,0.555582,styleGAN3
1.0,0.0,0.4793988,styleGAN3
1.0,1.0,0.50510556,styleGAN3
1.0,1.0,0.51443887,styleGAN3
1.0,0.0,0.47907177,styleGAN3
1.0,1.0,0.50148535,styleGAN3
1.0,0.0,0.46076244,styleGAN3
1.0,1.0,0.50540096,styleGAN3
1.0,0.0,0.4642633,styleGAN3
1.0,1.0,0.5028598,styleGAN3
1.0,1.0,0.56502664,styleGAN3
1.0,1.0,0.5139485,styleGAN3
1.0,1.0,0.5557888,styleGAN3
1.0,0.0,0.44754252,styleGAN3
1.0,0.0,0.48577863,styleGAN3
1.0,0.0,0.49216592,styleGAN3
1.0,0.0,0.48650616,styleGAN3
1.0,1.0,0.52154464,styleGAN3
1.0,1.0,0.51804835,styleGAN3
1.0,1.0,0.5302438,styleGAN3
1.0,0.0,0.4595763,styleGAN3
1.0,0.0,0.49310422,styleGAN3
1.0,0.0,0.4733814,styleGAN3
1.0,0.0,0.4488475,styleGAN3
1.0,0.0,0.49711224,styleGAN3
1.0,1.0,0.5317169,styleGAN3
1.0,1.0,0.5025357,styleGAN3
1.0,0.0,0.49414352,styleGAN3
1.0,0.0,0.4274687,styleGAN3
1.0,0.0,0.4590393,styleGAN3
1.0,0.0,0.48886093,styleGAN3
1.0,1.0,0.5112906,styleGAN3
1.0,1.0,0.51966465,styleGAN3
1.0,0.0,0.46395802,styleGAN3
1.0,0.0,0.49107367,styleGAN3
1.0,0.0,0.4570485,styleGAN3
1.0,0.0,0.48740333,styleGAN3
1.0,0.0,0.4906119,styleGAN3
1.0,0.0,0.49036118,styleGAN3
1.0,0.0,0.4880997,styleGAN3
1.0,1.0,0.54450935,styleGAN3
1.0,0.0,0.46975887,styleGAN3
1.0,0.0,0.44486502,styleGAN3
1.0,0.0,0.43818754,styleGAN3
1.0,0.0,0.4805206,styleGAN3
1.0,1.0,0.5150478,styleGAN3
1.0,1.0,0.53499764,styleGAN3
1.0,0.0,0.47376242,styleGAN3
1.0,0.0,0.49584252,styleGAN3
1.0,0.0,0.46056402,styleGAN3
1.0,0.0,0.48424247,styleGAN3
1.0,0.0,0.47718495,styleGAN3
1.0,0.0,0.45190862,styleGAN3
1.0,0.0,0.4816215,styleGAN3
1.0,0.0,0.4890995,styleGAN3
1.0,0.0,0.48537973,styleGAN3
1.0,1.0,0.5005954,styleGAN3
1.0,1.0,0.535187,styleGAN3
1.0,0.0,0.4950762,styleGAN3
1.0,0.0,0.49390996,styleGAN3
1.0,1.0,0.5030542,styleGAN3
1.0,0.0,0.48625907,styleGAN3
1.0,0.0,0.45344514,styleGAN3
1.0,0.0,0.48494434,styleGAN3
1.0,0.0,0.47234413,styleGAN3
1.0,0.0,0.48342204,styleGAN3
1.0,0.0,0.47850752,styleGAN3
1.0,0.0,0.4824257,styleGAN3
1.0,0.0,0.4823047,styleGAN3
1.0,0.0,0.44355866,styleGAN3
1.0,0.0,0.48059782,styleGAN3
1.0,1.0,0.5343353,styleGAN3
1.0,1.0,0.50138825,styleGAN3
1.0,1.0,0.53206044,styleGAN3
1.0,0.0,0.4687051,styleGAN3
1.0,0.0,0.46697852,styleGAN3
1.0,0.0,0.4675155,styleGAN3
1.0,0.0,0.4950891,styleGAN3
1.0,0.0,0.45719448,styleGAN3
1.0,0.0,0.48740578,styleGAN3
1.0,0.0,0.49659583,styleGAN3
1.0,0.0,0.48754388,styleGAN3
1.0,0.0,0.4764392,styleGAN3
1.0,0.0,0.45771876,styleGAN3
1.0,0.0,0.47524777,styleGAN3
1.0,0.0,0.4700011,styleGAN3
1.0,0.0,0.47973406,styleGAN3
1.0,0.0,0.49111226,styleGAN3
1.0,0.0,0.4889573,styleGAN3
1.0,0.0,0.47448283,styleGAN3
1.0,0.0,0.45776767,styleGAN3
1.0,0.0,0.46187618,styleGAN3
1.0,0.0,0.47310117,styleGAN3
1.0,0.0,0.46444753,styleGAN3
1.0,0.0,0.48671556,styleGAN3
1.0,0.0,0.48238468,styleGAN3
1.0,1.0,0.5021264,styleGAN3
1.0,0.0,0.48110282,styleGAN3
1.0,0.0,0.46059448,styleGAN3
1.0,0.0,0.49303564,styleGAN3
1.0,0.0,0.49018708,styleGAN3
1.0,1.0,0.5518628,styleGAN3
1.0,0.0,0.45230424,styleGAN3
1.0,1.0,0.56792116,styleGAN3
1.0,0.0,0.47901258,styleGAN3
1.0,0.0,0.49577662,styleGAN3
1.0,0.0,0.470406,styleGAN3
1.0,0.0,0.47992888,styleGAN3
1.0,0.0,0.4812125,styleGAN3
1.0,0.0,0.47956666,styleGAN3
1.0,0.0,0.49999428,styleGAN3
1.0,0.0,0.4923731,styleGAN3
1.0,0.0,0.43600568,styleGAN3
1.0,0.0,0.47519663,styleGAN3
1.0,0.0,0.455185,styleGAN3
1.0,0.0,0.4865573,styleGAN3
1.0,0.0,0.48662743,styleGAN3
1.0,1.0,0.54822975,styleGAN3
1.0,0.0,0.4560112,styleGAN3
1.0,1.0,0.55568373,styleGAN3
1.0,0.0,0.4604446,styleGAN3
1.0,0.0,0.46946684,styleGAN3
1.0,0.0,0.4765373,styleGAN3
1.0,0.0,0.4675218,styleGAN3
1.0,0.0,0.47987354,styleGAN3
1.0,0.0,0.4475827,styleGAN3
1.0,1.0,0.5131428,styleGAN3
1.0,0.0,0.49250007,styleGAN3
1.0,0.0,0.4479887,styleGAN3
1.0,1.0,0.5188999,styleGAN3
1.0,0.0,0.468915,styleGAN3
1.0,0.0,0.4578988,styleGAN3
1.0,0.0,0.4689087,styleGAN3
1.0,1.0,0.560284,styleGAN3
1.0,0.0,0.48540717,styleGAN3
1.0,0.0,0.48132572,styleGAN3
1.0,0.0,0.48443174,styleGAN3
1.0,0.0,0.48821536,styleGAN3
1.0,0.0,0.43980968,styleGAN3
1.0,1.0,0.5048638,styleGAN3
1.0,0.0,0.46289852,styleGAN3
1.0,0.0,0.45010775,styleGAN3
1.0,0.0,0.47547913,styleGAN3
1.0,0.0,0.47899628,styleGAN3
1.0,1.0,0.50295305,styleGAN3
1.0,0.0,0.4988048,styleGAN3
1.0,0.0,0.49035203,styleGAN3
1.0,1.0,0.503118,styleGAN3
1.0,0.0,0.44702178,styleGAN3
1.0,0.0,0.48723787,styleGAN3
1.0,0.0,0.48709443,styleGAN3
1.0,0.0,0.47788924,styleGAN3
1.0,0.0,0.4601827,styleGAN3
1.0,0.0,0.47388038,styleGAN3
1.0,0.0,0.49883282,styleGAN3
1.0,0.0,0.48709103,styleGAN3
1.0,1.0,0.51972806,styleGAN3
1.0,1.0,0.5243197,styleGAN3
1.0,0.0,0.496784,styleGAN3
1.0,1.0,0.5027859,styleGAN3
1.0,1.0,0.5279838,styleGAN3
1.0,0.0,0.49002388,styleGAN3
1.0,0.0,0.45652696,styleGAN3
1.0,0.0,0.44765642,styleGAN3
1.0,1.0,0.5546311,styleGAN3
1.0,0.0,0.4699522,styleGAN3
1.0,0.0,0.4527022,styleGAN3
1.0,0.0,0.47154254,styleGAN3
1.0,0.0,0.48985276,styleGAN3
1.0,0.0,0.46202138,styleGAN3
1.0,1.0,0.5356319,styleGAN3
1.0,1.0,0.57006943,styleGAN3
1.0,0.0,0.4764877,styleGAN3
1.0,1.0,0.5440784,styleGAN3
1.0,0.0,0.4725569,styleGAN3
1.0,0.0,0.4912403,styleGAN3
1.0,0.0,0.486158,styleGAN3
1.0,0.0,0.4735806,styleGAN3
1.0,0.0,0.49602622,styleGAN3
1.0,0.0,0.4651406,styleGAN3
1.0,0.0,0.4722994,styleGAN3
1.0,0.0,0.4863648,styleGAN3
1.0,1.0,0.5521383,styleGAN3
1.0,0.0,0.47002354,styleGAN3
1.0,1.0,0.52314264,styleGAN3
1.0,0.0,0.4901158,styleGAN3
1.0,0.0,0.44718647,styleGAN3
1.0,1.0,0.50073385,styleGAN3
1.0,0.0,0.47631466,styleGAN3
1.0,1.0,0.50202024,styleGAN3
1.0,0.0,0.4868579,styleGAN3
1.0,0.0,0.4399995,styleGAN3
1.0,0.0,0.4757057,styleGAN3
1.0,0.0,0.45804647,styleGAN3
1.0,0.0,0.4833122,styleGAN3
1.0,0.0,0.46464512,styleGAN3
1.0,0.0,0.4596441,styleGAN3
1.0,0.0,0.48595536,styleGAN3
1.0,0.0,0.46814042,styleGAN3
1.0,1.0,0.5184887,styleGAN3
1.0,1.0,0.5072569,styleGAN3
1.0,1.0,0.5168745,styleGAN3
1.0,0.0,0.4652734,styleGAN3
1.0,0.0,0.47708225,styleGAN3
1.0,1.0,0.53983253,styleGAN3
1.0,0.0,0.42652604,styleGAN3
1.0,0.0,0.4874393,styleGAN3
1.0,0.0,0.4761409,styleGAN3
1.0,1.0,0.569144,styleGAN3
1.0,0.0,0.48157895,styleGAN3
1.0,0.0,0.48759058,styleGAN3
1.0,0.0,0.48201007,styleGAN3
1.0,1.0,0.50509465,styleGAN3
1.0,0.0,0.46406296,styleGAN3
1.0,1.0,0.5376905,styleGAN3
1.0,0.0,0.46821326,styleGAN3
1.0,0.0,0.46045804,styleGAN3
1.0,1.0,0.5024646,styleGAN3
1.0,1.0,0.51324815,styleGAN3
1.0,0.0,0.47169563,styleGAN3
1.0,1.0,0.5127743,styleGAN3
1.0,0.0,0.44251218,styleGAN3
1.0,0.0,0.4836028,styleGAN3
1.0,0.0,0.44652197,styleGAN3
1.0,0.0,0.48221326,styleGAN3
1.0,1.0,0.5172473,styleGAN3
1.0,0.0,0.4474497,styleGAN3
1.0,1.0,0.5021664,styleGAN3
1.0,0.0,0.49742463,styleGAN3
1.0,0.0,0.48661748,styleGAN3
1.0,0.0,0.43112493,styleGAN3
1.0,0.0,0.44234937,styleGAN3
1.0,0.0,0.47509402,styleGAN3
1.0,0.0,0.46376926,styleGAN3
1.0,1.0,0.5058891,styleGAN3
1.0,0.0,0.49347782,styleGAN3
1.0,0.0,0.45217267,styleGAN3
1.0,1.0,0.52436835,styleGAN3
1.0,1.0,0.526311,styleGAN3
1.0,1.0,0.5486045,styleGAN3
1.0,0.0,0.47996202,styleGAN3
1.0,0.0,0.44461218,styleGAN3
1.0,1.0,0.5046,styleGAN3
1.0,0.0,0.46805677,styleGAN3
1.0,0.0,0.47309488,styleGAN3
1.0,0.0,0.49635142,styleGAN3
1.0,0.0,0.45663232,styleGAN3
1.0,1.0,0.50629455,styleGAN3
1.0,0.0,0.4823559,styleGAN3
1.0,1.0,0.517076,styleGAN3
1.0,0.0,0.45972866,styleGAN3
1.0,1.0,0.51732755,styleGAN3
1.0,1.0,0.54035205,styleGAN3
1.0,0.0,0.46793577,styleGAN3
1.0,0.0,0.47122213,styleGAN3
1.0,0.0,0.44828105,styleGAN3
1.0,0.0,0.43799865,styleGAN3
1.0,0.0,0.4820022,styleGAN3
1.0,0.0,0.47169018,styleGAN3
1.0,0.0,0.473484,styleGAN3
1.0,0.0,0.442349,styleGAN3
1.0,0.0,0.46649727,styleGAN3
1.0,0.0,0.49338925,styleGAN3
1.0,0.0,0.49685925,styleGAN3
1.0,0.0,0.4697296,styleGAN3
1.0,0.0,0.49202886,styleGAN3
1.0,0.0,0.49387679,styleGAN3
1.0,1.0,0.52046746,styleGAN3
1.0,1.0,0.5025685,styleGAN3
1.0,1.0,0.5037319,styleGAN3
1.0,1.0,0.5172863,styleGAN3
1.0,1.0,0.53017145,styleGAN3
1.0,0.0,0.464084,styleGAN3
1.0,0.0,0.4559846,styleGAN3
1.0,0.0,0.4775425,styleGAN3
1.0,0.0,0.45207062,styleGAN3
1.0,0.0,0.4628743,styleGAN3
1.0,0.0,0.475404,styleGAN3
1.0,0.0,0.48408142,styleGAN3
1.0,0.0,0.46297926,styleGAN3
1.0,0.0,0.47797695,styleGAN3
1.0,0.0,0.4922806,styleGAN3
1.0,0.0,0.49234757,styleGAN3
1.0,0.0,0.45329723,styleGAN3
1.0,0.0,0.45279202,styleGAN3
1.0,0.0,0.4836197,styleGAN3
1.0,0.0,0.47938618,styleGAN3
1.0,1.0,0.5185955,styleGAN3
1.0,0.0,0.44918787,styleGAN3
1.0,1.0,0.51368815,styleGAN3
1.0,0.0,0.47024107,styleGAN3
1.0,1.0,0.5149741,styleGAN3
1.0,0.0,0.44556785,styleGAN3
1.0,0.0,0.45091102,styleGAN3
1.0,0.0,0.45838055,styleGAN3
1.0,1.0,0.5027424,styleGAN3
1.0,0.0,0.49136725,styleGAN3
1.0,0.0,0.4918026,styleGAN3
1.0,0.0,0.49180532,styleGAN3
1.0,1.0,0.5179422,styleGAN3
1.0,0.0,0.4870138,styleGAN3
1.0,0.0,0.46555167,styleGAN3
1.0,0.0,0.4799453,styleGAN3
1.0,0.0,0.4622008,styleGAN3
1.0,0.0,0.4731972,styleGAN3
1.0,1.0,0.57376343,styleGAN3
1.0,0.0,0.4653856,styleGAN3
1.0,0.0,0.45771128,styleGAN3
1.0,1.0,0.5196744,styleGAN3
1.0,0.0,0.44332874,styleGAN3
1.0,0.0,0.45635763,styleGAN3
1.0,0.0,0.4831806,styleGAN3
1.0,0.0,0.49784586,styleGAN3
1.0,0.0,0.48685336,styleGAN3
1.0,0.0,0.4970716,styleGAN3
1.0,0.0,0.4369303,styleGAN3
1.0,0.0,0.49095026,styleGAN3
1.0,0.0,0.47219986,styleGAN3
1.0,0.0,0.48467904,styleGAN3
1.0,0.0,0.48855838,styleGAN3
1.0,0.0,0.4561946,styleGAN3
1.0,1.0,0.5849141,styleGAN3
1.0,1.0,0.51283216,styleGAN3
1.0,0.0,0.45731342,styleGAN3
1.0,0.0,0.44551438,styleGAN3
1.0,0.0,0.43317524,styleGAN3
1.0,0.0,0.43085063,styleGAN3
1.0,0.0,0.4813909,styleGAN3
1.0,0.0,0.46072266,styleGAN3
1.0,0.0,0.49289688,styleGAN3
1.0,1.0,0.5201338,styleGAN3
1.0,0.0,0.48423386,styleGAN3
1.0,0.0,0.4727564,styleGAN3
1.0,1.0,0.5127965,styleGAN3
1.0,0.0,0.42888755,styleGAN3
1.0,0.0,0.4596849,styleGAN3
1.0,1.0,0.5183407,styleGAN3
1.0,1.0,0.5407809,styleGAN3
1.0,0.0,0.48949733,styleGAN3
1.0,0.0,0.48083934,styleGAN3
1.0,1.0,0.52593106,styleGAN3
1.0,0.0,0.45512193,styleGAN3
1.0,0.0,0.46373314,styleGAN3
1.0,0.0,0.45995894,styleGAN3
1.0,0.0,0.4606911,styleGAN3
1.0,0.0,0.49224922,styleGAN3
1.0,1.0,0.561894,styleGAN3
1.0,0.0,0.47542313,styleGAN3
1.0,0.0,0.47904813,styleGAN3
1.0,0.0,0.47426307,styleGAN3
1.0,0.0,0.45833492,styleGAN3
1.0,0.0,0.47678518,styleGAN3
1.0,1.0,0.5549524,styleGAN3
1.0,1.0,0.57056296,styleGAN3
1.0,0.0,0.46566415,styleGAN3
1.0,0.0,0.48284626,styleGAN3
1.0,0.0,0.46581152,styleGAN3
1.0,0.0,0.47288296,styleGAN3
1.0,0.0,0.49326217,styleGAN3
1.0,0.0,0.43065456,styleGAN3
1.0,0.0,0.46739888,styleGAN3
1.0,0.0,0.46101916,styleGAN3
1.0,0.0,0.44284698,styleGAN3
1.0,0.0,0.49579328,styleGAN3
1.0,1.0,0.50651526,styleGAN3
1.0,1.0,0.52671766,styleGAN3
1.0,0.0,0.46133524,styleGAN3
1.0,1.0,0.52572125,styleGAN3
1.0,0.0,0.45982823,styleGAN3
1.0,0.0,0.47724,styleGAN3
1.0,0.0,0.47109354,styleGAN3
1.0,0.0,0.48877528,styleGAN3
1.0,0.0,0.47613493,styleGAN3
1.0,0.0,0.4604807,styleGAN3
1.0,0.0,0.48187804,styleGAN3
1.0,0.0,0.4470054,styleGAN3
1.0,0.0,0.49659148,styleGAN3
1.0,0.0,0.4697632,styleGAN3
1.0,1.0,0.5112189,styleGAN3
0.0,0.0,0.4878648,real
0.0,1.0,0.5077794,real
0.0,0.0,0.44280982,real
0.0,1.0,0.53540164,real
0.0,0.0,0.47440308,real
0.0,0.0,0.45308408,real
0.0,0.0,0.45718232,real
0.0,0.0,0.46317792,real
0.0,0.0,0.44923416,real
0.0,0.0,0.45154315,real
0.0,1.0,0.50354624,real
0.0,1.0,0.53350157,real
0.0,0.0,0.4728234,real
0.0,0.0,0.4832169,real
0.0,0.0,0.45442086,real
0.0,0.0,0.43640792,real
0.0,0.0,0.4382367,real
0.0,0.0,0.44568157,real
0.0,0.0,0.46976465,real
0.0,0.0,0.49041194,real
0.0,0.0,0.42132264,real
0.0,1.0,0.519727,real
0.0,1.0,0.50723004,real
0.0,0.0,0.44881138,real
0.0,1.0,0.52648824,real
0.0,0.0,0.44666937,real
0.0,0.0,0.44433153,real
0.0,0.0,0.49592927,real
0.0,0.0,0.45853388,real
0.0,1.0,0.50014186,real
0.0,0.0,0.4616725,real
0.0,0.0,0.47890717,real
0.0,0.0,0.4873159,real
0.0,0.0,0.47103497,real
0.0,0.0,0.43790144,real
0.0,0.0,0.45012495,real
0.0,0.0,0.4888204,real
0.0,0.0,0.45335716,real
0.0,0.0,0.44862226,real
0.0,0.0,0.45888808,real
0.0,0.0,0.47015005,real
0.0,0.0,0.47814998,real
0.0,0.0,0.4410679,real
0.0,0.0,0.49979278,real
0.0,0.0,0.42569822,real
0.0,1.0,0.51065147,real
0.0,0.0,0.46367902,real
0.0,0.0,0.47513542,real
0.0,0.0,0.48076248,real
0.0,0.0,0.44001463,real
0.0,0.0,0.4790674,real
0.0,1.0,0.59879476,real
0.0,1.0,0.52664393,real
0.0,1.0,0.56600314,real
0.0,0.0,0.4889117,real
0.0,0.0,0.47181624,real
0.0,0.0,0.47153607,real
0.0,0.0,0.49072695,real
0.0,1.0,0.54920536,real
0.0,0.0,0.42792645,real
0.0,1.0,0.51405346,real
0.0,1.0,0.5394258,real
0.0,0.0,0.44895363,real
0.0,0.0,0.4386801,real
0.0,0.0,0.44288543,real
0.0,1.0,0.5442228,real
0.0,0.0,0.46187922,real
0.0,1.0,0.50739473,real
0.0,0.0,0.44304568,real
0.0,0.0,0.4380745,real
0.0,1.0,0.51315343,real
0.0,0.0,0.47185335,real
0.0,0.0,0.46726987,real
0.0,0.0,0.46384114,real
0.0,0.0,0.4967625,real
0.0,1.0,0.5227447,real
0.0,1.0,0.5357811,real
0.0,0.0,0.46832147,real
0.0,0.0,0.47884065,real
0.0,0.0,0.43774778,real
0.0,0.0,0.494283,real
0.0,1.0,0.51012796,real
0.0,0.0,0.4374973,real
0.0,0.0,0.48384675,real
0.0,0.0,0.48500255,real
0.0,1.0,0.5044514,real
0.0,0.0,0.45514214,real
0.0,1.0,0.556274,real
0.0,1.0,0.52587193,real
0.0,1.0,0.53104025,real
0.0,0.0,0.47400036,real
0.0,0.0,0.440837,real
0.0,0.0,0.48609424,real
0.0,0.0,0.44116697,real
0.0,1.0,0.52823544,real
0.0,0.0,0.48736113,real
0.0,0.0,0.45811546,real
0.0,0.0,0.45683804,real
0.0,0.0,0.44923797,real
0.0,0.0,0.42394757,real
0.0,0.0,0.4629582,real
0.0,1.0,0.53546846,real
0.0,0.0,0.48180625,real
0.0,0.0,0.44584006,real
0.0,1.0,0.5375705,real
0.0,0.0,0.4575704,real
0.0,0.0,0.4937804,real
0.0,1.0,0.5194069,real
0.0,1.0,0.52113366,real
0.0,1.0,0.52095866,real
0.0,1.0,0.5024673,real
0.0,1.0,0.5437965,real
0.0,0.0,0.4495381,real
0.0,0.0,0.4765668,real
0.0,0.0,0.44835404,real
0.0,1.0,0.5212865,real
0.0,0.0,0.45617273,real
0.0,1.0,0.5026685,real
0.0,0.0,0.4649888,real
0.0,1.0,0.5281197,real
0.0,1.0,0.50599456,real
0.0,0.0,0.46415755,real
0.0,0.0,0.473892,real
0.0,1.0,0.5077366,real
0.0,0.0,0.42493707,real
0.0,1.0,0.5559875,real
0.0,0.0,0.41434196,real
0.0,0.0,0.4881174,real
0.0,1.0,0.5387714,real
0.0,0.0,0.40987003,real
0.0,0.0,0.4487834,real
0.0,1.0,0.50375295,real
0.0,0.0,0.47613573,real
0.0,0.0,0.44839445,real
0.0,0.0,0.44418877,real
0.0,0.0,0.4536521,real
0.0,1.0,0.5082565,real
0.0,0.0,0.4711186,real
0.0,0.0,0.44529566,real
0.0,0.0,0.45300475,real
0.0,0.0,0.46779957,real
0.0,0.0,0.46822318,real
0.0,0.0,0.4923889,real
0.0,0.0,0.4585274,real
0.0,1.0,0.5492428,real
0.0,0.0,0.45507616,real
0.0,1.0,0.50169075,real
0.0,0.0,0.48404756,real
0.0,0.0,0.4620288,real
0.0,0.0,0.44533038,real
0.0,0.0,0.46206194,real
0.0,0.0,0.4376493,real
0.0,0.0,0.4478981,real
0.0,0.0,0.46980307,real
0.0,0.0,0.4781228,real
0.0,1.0,0.54418236,real
0.0,1.0,0.52060694,real
0.0,1.0,0.5367799,real
0.0,0.0,0.4416283,real
0.0,0.0,0.4830043,real
0.0,0.0,0.47617897,real
0.0,1.0,0.5048003,real
0.0,0.0,0.4878565,real
0.0,1.0,0.50873375,real
0.0,0.0,0.44836956,real
0.0,0.0,0.4716012,real
0.0,0.0,0.4357397,real
0.0,0.0,0.4711634,real
0.0,0.0,0.4985399,real
0.0,1.0,0.54859316,real
0.0,1.0,0.57902545,real
0.0,0.0,0.4556803,real
0.0,0.0,0.47213492,real
0.0,0.0,0.47623095,real
0.0,0.0,0.43639046,real
0.0,0.0,0.48085257,real
0.0,0.0,0.4750091,real
0.0,0.0,0.46436465,real
0.0,1.0,0.50310975,real
0.0,0.0,0.45534235,real
0.0,0.0,0.4330627,real
0.0,1.0,0.50470847,real
0.0,0.0,0.48910463,real
0.0,0.0,0.45913202,real
0.0,0.0,0.4442435,real
0.0,1.0,0.5233889,real
0.0,1.0,0.540101,real
0.0,0.0,0.46767408,real
0.0,0.0,0.43474278,real
0.0,1.0,0.5014605,real
0.0,1.0,0.5413398,real
0.0,0.0,0.47795928,real
0.0,0.0,0.436088,real
0.0,0.0,0.41786313,real
0.0,0.0,0.46863616,real
0.0,0.0,0.45170313,real
0.0,0.0,0.44860128,real
0.0,0.0,0.48071006,real
0.0,0.0,0.48837918,real
0.0,0.0,0.4782343,real
0.0,1.0,0.5327691,real
0.0,0.0,0.45209455,real
0.0,0.0,0.4549808,real
0.0,0.0,0.441395,real
0.0,0.0,0.46211895,real
0.0,1.0,0.54413676,real
0.0,0.0,0.44352326,real
0.0,0.0,0.45833358,real
0.0,0.0,0.44638076,real
0.0,1.0,0.50185853,real
0.0,1.0,0.5591435,real
0.0,0.0,0.4526595,real
0.0,0.0,0.4157524,real
0.0,0.0,0.43817267,real
0.0,0.0,0.45335212,real
0.0,0.0,0.44992235,real
0.0,0.0,0.4926976,real
0.0,0.0,0.4296585,real
0.0,1.0,0.5247764,real
0.0,0.0,0.45261064,real
0.0,0.0,0.45279035,real
0.0,1.0,0.52501595,real
0.0,0.0,0.4520519,real
0.0,0.0,0.46333164,real
0.0,1.0,0.5261654,real
0.0,0.0,0.45232493,real
0.0,1.0,0.5466423,real
0.0,0.0,0.47576833,real
0.0,0.0,0.4642489,real
0.0,0.0,0.4222974,real
0.0,0.0,0.46779445,real
0.0,1.0,0.50932395,real
0.0,0.0,0.48472908,real
0.0,0.0,0.48807344,real
0.0,1.0,0.55801564,real
0.0,0.0,0.48260838,real
0.0,0.0,0.44429472,real
0.0,1.0,0.56143343,real
0.0,0.0,0.45193872,real
0.0,0.0,0.4826386,real
0.0,1.0,0.53989685,real
0.0,0.0,0.44622704,real
0.0,0.0,0.44898367,real
0.0,0.0,0.49956882,real
0.0,0.0,0.45374045,real
0.0,0.0,0.48342863,real
0.0,0.0,0.4396792,real
0.0,1.0,0.5533229,real
0.0,0.0,0.48536524,real
0.0,0.0,0.44380778,real
0.0,1.0,0.5206319,real
0.0,0.0,0.47358435,real
0.0,0.0,0.48375076,real
0.0,1.0,0.50930256,real
0.0,0.0,0.43564302,real
0.0,0.0,0.42196855,real
0.0,0.0,0.46088853,real
0.0,0.0,0.46434322,real
0.0,0.0,0.47170866,real
0.0,0.0,0.49285945,real
0.0,0.0,0.4369277,real
0.0,1.0,0.52321327,real
0.0,0.0,0.4345355,real
0.0,0.0,0.4706771,real
0.0,0.0,0.41971025,real
0.0,0.0,0.46026376,real
0.0,0.0,0.4399405,real
0.0,1.0,0.51859117,real
0.0,0.0,0.46257618,real
0.0,1.0,0.5876824,real
0.0,0.0,0.4738499,real
0.0,0.0,0.4969279,real
0.0,0.0,0.47558776,real
0.0,0.0,0.43939963,real
0.0,0.0,0.467716,real
0.0,1.0,0.51401746,real
0.0,0.0,0.4646406,real
0.0,0.0,0.45521346,real
0.0,0.0,0.41628474,real
0.0,0.0,0.43532154,real
0.0,1.0,0.56877804,real
0.0,0.0,0.46424022,real
0.0,1.0,0.5121925,real
0.0,0.0,0.4582808,real
0.0,0.0,0.4164353,real
0.0,0.0,0.4397999,real
0.0,0.0,0.490883,real
0.0,0.0,0.44685152,real
0.0,0.0,0.45954642,real
0.0,1.0,0.5238428,real
0.0,0.0,0.43024266,real
0.0,0.0,0.45737764,real
0.0,0.0,0.43046588,real
0.0,0.0,0.46110183,real
0.0,0.0,0.46258566,real
0.0,0.0,0.48217773,real
0.0,0.0,0.48099738,real
0.0,1.0,0.50109226,real
0.0,0.0,0.4774234,real
0.0,0.0,0.47305128,real
0.0,0.0,0.41594973,real
0.0,0.0,0.49267814,real
0.0,1.0,0.5375961,real
0.0,0.0,0.47517693,real
0.0,1.0,0.5408396,real
0.0,1.0,0.5211212,real
0.0,0.0,0.41807324,real
0.0,1.0,0.53211766,real
0.0,0.0,0.4774455,real
0.0,1.0,0.52152336,real
0.0,1.0,0.528813,real
0.0,0.0,0.4815502,real
0.0,0.0,0.4794024,real
0.0,0.0,0.45986006,real
0.0,0.0,0.4362234,real
0.0,0.0,0.4897608,real
0.0,0.0,0.48897558,real
0.0,0.0,0.46330163,real
0.0,0.0,0.47015005,real
0.0,0.0,0.44723642,real
0.0,1.0,0.50826997,real
0.0,0.0,0.48073277,real
0.0,0.0,0.44311944,real
0.0,0.0,0.48154774,real
0.0,0.0,0.47586116,real
0.0,0.0,0.4683062,real
0.0,0.0,0.45997155,real
0.0,0.0,0.46934643,real
0.0,0.0,0.45730713,real
0.0,0.0,0.49966276,real
0.0,0.0,0.41905978,real
0.0,1.0,0.51500213,real
0.0,0.0,0.47485963,real
0.0,1.0,0.5176709,real
0.0,0.0,0.46565795,real
0.0,1.0,0.50836986,real
0.0,0.0,0.49313733,real
0.0,0.0,0.44977126,real
0.0,0.0,0.45985815,real
0.0,0.0,0.44024992,real
0.0,1.0,0.5155048,real
0.0,1.0,0.5132472,real
0.0,0.0,0.46255016,real
0.0,0.0,0.4873031,real
0.0,0.0,0.4705253,real
0.0,1.0,0.53962326,real
0.0,0.0,0.4777018,real
0.0,1.0,0.5576315,real
0.0,0.0,0.48014095,real
0.0,0.0,0.48537892,real
0.0,1.0,0.50019044,real
0.0,0.0,0.47219673,real
0.0,0.0,0.44986522,real
0.0,0.0,0.49195835,real
0.0,0.0,0.4358526,real
0.0,0.0,0.49930134,real
0.0,1.0,0.5462832,real
0.0,0.0,0.47704917,real
0.0,0.0,0.459683,real
0.0,0.0,0.45475253,real
0.0,0.0,0.48298723,real
0.0,0.0,0.45631805,real
0.0,0.0,0.463,real
0.0,1.0,0.51942027,real
0.0,1.0,0.5009377,real
0.0,1.0,0.5220743,real
0.0,0.0,0.43919516,real
0.0,1.0,0.50923884,real
0.0,0.0,0.48023853,real
0.0,0.0,0.49044067,real
0.0,0.0,0.4340388,real
0.0,1.0,0.5077524,real
0.0,0.0,0.46321854,real
0.0,0.0,0.4097003,real
0.0,0.0,0.42155817,real
0.0,1.0,0.5126066,real
0.0,0.0,0.41916645,real
0.0,0.0,0.46355766,real
0.0,0.0,0.49423125,real
0.0,1.0,0.55018175,real
0.0,1.0,0.5172219,real
0.0,0.0,0.47089413,real
0.0,0.0,0.4799668,real
0.0,0.0,0.424687,real
0.0,1.0,0.56109184,real
0.0,0.0,0.47815958,real
0.0,0.0,0.42064118,real
0.0,1.0,0.52372265,real
0.0,1.0,0.5088051,real
0.0,0.0,0.4782972,real
0.0,0.0,0.42265433,real
0.0,0.0,0.49671245,real
0.0,0.0,0.4265947,real
0.0,0.0,0.45040163,real
0.0,0.0,0.46574625,real
0.0,0.0,0.42152467,real
0.0,0.0,0.47567886,real
0.0,1.0,0.50202155,real
0.0,0.0,0.4533027,real
0.0,0.0,0.45203868,real
0.0,0.0,0.45931894,real
0.0,0.0,0.45509067,real
0.0,0.0,0.4800471,real
0.0,0.0,0.47870296,real
0.0,0.0,0.41156042,real
0.0,0.0,0.4726174,real
0.0,0.0,0.4893862,real
0.0,0.0,0.467281,real
0.0,0.0,0.43843678,real
0.0,0.0,0.4141354,real
0.0,0.0,0.49759525,real
0.0,0.0,0.46330297,real
0.0,0.0,0.46870634,real
0.0,0.0,0.4213195,real
0.0,1.0,0.5118801,real
0.0,0.0,0.4492656,real
0.0,0.0,0.48545647,real
0.0,1.0,0.50311,real
0.0,0.0,0.47925428,real
0.0,0.0,0.46525803,real
0.0,1.0,0.5186353,real
0.0,0.0,0.495253,real
0.0,0.0,0.45610845,real
0.0,1.0,0.5240925,real
0.0,1.0,0.5224382,real
0.0,1.0,0.506398,real
0.0,0.0,0.4580182,real
0.0,0.0,0.46149412,real
0.0,0.0,0.46702635,real
0.0,0.0,0.46237323,real
0.0,0.0,0.45080715,real
0.0,0.0,0.45862916,real
0.0,0.0,0.44718102,real
0.0,0.0,0.4307336,real
0.0,1.0,0.5057353,real
0.0,0.0,0.47915486,real
0.0,0.0,0.4899307,real
0.0,0.0,0.48379675,real
0.0,1.0,0.5328902,real
0.0,0.0,0.46730724,real
0.0,0.0,0.4702649,real
0.0,1.0,0.5379968,real
0.0,0.0,0.49456006,real
0.0,0.0,0.45504415,real
0.0,0.0,0.47346112,real
0.0,0.0,0.4809888,real
0.0,0.0,0.49911264,real
0.0,0.0,0.4297735,real
0.0,1.0,0.5117269,real
0.0,0.0,0.49197894,real
0.0,0.0,0.4832743,real
0.0,0.0,0.47003815,real
0.0,0.0,0.4535136,real
0.0,0.0,0.4993568,real
0.0,1.0,0.5310452,real
0.0,1.0,0.5194256,real
0.0,0.0,0.43121845,real
0.0,1.0,0.56113636,real
0.0,1.0,0.5480986,real
0.0,0.0,0.47225633,real
0.0,0.0,0.4531953,real
0.0,1.0,0.5110802,real
0.0,1.0,0.50045437,real
0.0,0.0,0.48822713,real
0.0,0.0,0.4501979,real
0.0,0.0,0.47994977,real
0.0,0.0,0.4582579,real
0.0,1.0,0.5564118,real
0.0,1.0,0.5505599,real
0.0,1.0,0.5155315,real
0.0,0.0,0.45378363,real
0.0,0.0,0.4521099,real
0.0,1.0,0.53929764,real
0.0,1.0,0.5583819,real
0.0,0.0,0.4607551,real
0.0,0.0,0.45765263,real
0.0,0.0,0.49316394,real
0.0,1.0,0.53484476,real
0.0,0.0,0.43269795,real
0.0,0.0,0.49501854,real
0.0,0.0,0.47551733,real
0.0,1.0,0.5035141,real
0.0,1.0,0.5180438,real
0.0,0.0,0.4477736,real
0.0,0.0,0.47444743,real
0.0,0.0,0.49010995,real
0.0,0.0,0.46789965,real
0.0,0.0,0.499039,real
0.0,0.0,0.4799535,real
0.0,0.0,0.484765,real
0.0,0.0,0.46842304,real
0.0,1.0,0.50760144,real
0.0,0.0,0.46431777,real
0.0,1.0,0.5035765,real
0.0,1.0,0.5070406,real
0.0,0.0,0.4847548,real
0.0,1.0,0.5224678,real
0.0,0.0,0.47552225,real
0.0,1.0,0.5138935,real
0.0,1.0,0.52301985,real
0.0,1.0,0.5270532,real
0.0,0.0,0.39838386,real
0.0,0.0,0.44904336,real
0.0,0.0,0.45528555,real
0.0,1.0,0.51647407,real
0.0,1.0,0.5163785,real
0.0,0.0,0.46790957,real
0.0,0.0,0.44089085,real
0.0,0.0,0.47984034,real
0.0,0.0,0.4956578,real
0.0,0.0,0.47218478,real
0.0,1.0,0.5056827,real
0.0,1.0,0.54120386,real
0.0,0.0,0.4525173,real
0.0,0.0,0.4999444,real
0.0,0.0,0.44248554,real
0.0,0.0,0.47681195,real
0.0,0.0,0.46424848,real
0.0,0.0,0.43746343,real
0.0,1.0,0.57647413,real
0.0,0.0,0.41962343,real
0.0,0.0,0.46541166,real
0.0,0.0,0.48936895,real
0.0,0.0,0.4883735,real
0.0,0.0,0.47497454,real
0.0,0.0,0.45384294,real
0.0,0.0,0.4709871,real
0.0,1.0,0.5524634,real
0.0,0.0,0.47477546,real
0.0,0.0,0.44128045,real
0.0,0.0,0.4464529,real
0.0,0.0,0.49156836,real
0.0,0.0,0.4639979,real
0.0,1.0,0.5143431,real
0.0,0.0,0.45276198,real
0.0,0.0,0.47016126,real
0.0,0.0,0.42414212,real
0.0,1.0,0.508043,real
0.0,0.0,0.48728254,real
0.0,1.0,0.52739537,real
0.0,0.0,0.45678917,real
0.0,0.0,0.42300278,real
0.0,0.0,0.43537945,real
0.0,1.0,0.53125757,real
0.0,0.0,0.42513984,real
0.0,1.0,0.5088989,real
0.0,1.0,0.52021724,real
0.0,0.0,0.45509106,real
0.0,0.0,0.46770254,real
0.0,0.0,0.46159935,real
0.0,0.0,0.48084536,real
0.0,1.0,0.51874954,real
0.0,0.0,0.47881734,real
0.0,0.0,0.47005558,real
0.0,0.0,0.45892292,real
0.0,0.0,0.49733317,real
0.0,0.0,0.47799382,real
0.0,0.0,0.4932993,real
0.0,0.0,0.49710688,real
0.0,0.0,0.43287712,real
0.0,0.0,0.47877532,real
0.0,0.0,0.43285644,real
0.0,0.0,0.4700797,real
0.0,0.0,0.46020618,real
0.0,0.0,0.47231105,real
0.0,1.0,0.51431376,real
0.0,0.0,0.48787677,real
0.0,0.0,0.4979582,real
0.0,0.0,0.491057,real
0.0,0.0,0.45455772,real
0.0,0.0,0.4285813,real
0.0,0.0,0.46263862,real
0.0,0.0,0.46421334,real
0.0,0.0,0.47208056,real
0.0,0.0,0.42796528,real
0.0,0.0,0.475448,real
0.0,1.0,0.5231985,real
0.0,0.0,0.47445548,real
0.0,0.0,0.45505142,real
0.0,0.0,0.44857264,real
0.0,0.0,0.4849365,real
0.0,0.0,0.46178317,real
0.0,1.0,0.53770363,real
0.0,0.0,0.4496427,real
0.0,0.0,0.4890696,real
0.0,1.0,0.554003,real
0.0,1.0,0.5317954,real
0.0,0.0,0.4837464,real
0.0,1.0,0.5214116,real
0.0,0.0,0.47842783,real
0.0,0.0,0.42954627,real
0.0,0.0,0.45639884,real
0.0,0.0,0.46684223,real
0.0,1.0,0.57014686,real
0.0,1.0,0.5409056,real
0.0,1.0,0.5095181,real
0.0,0.0,0.4915089,real
0.0,0.0,0.4328168,real
0.0,0.0,0.46949065,real
0.0,0.0,0.49314782,real
0.0,1.0,0.54103476,real
0.0,0.0,0.47822085,real
0.0,1.0,0.51055133,real
0.0,0.0,0.45153096,real
0.0,1.0,0.50382686,real
0.0,1.0,0.5141585,real
0.0,0.0,0.4553297,real
0.0,0.0,0.4903311,real
0.0,1.0,0.52714556,real
0.0,0.0,0.47453544,real
0.0,0.0,0.47003892,real
0.0,0.0,0.46497756,real
0.0,0.0,0.48475003,real
0.0,0.0,0.4692692,real
0.0,0.0,0.48369938,real
0.0,0.0,0.4734676,real
0.0,0.0,0.47370976,real
0.0,1.0,0.51676726,real
0.0,1.0,0.539007,real
0.0,0.0,0.45034137,real
0.0,0.0,0.44888267,real
0.0,0.0,0.46969247,real
0.0,0.0,0.4399969,real
0.0,0.0,0.49341154,real
0.0,1.0,0.50419337,real
0.0,0.0,0.46121323,real
0.0,0.0,0.45211205,real
0.0,0.0,0.48081246,real
0.0,1.0,0.51998043,real
0.0,1.0,0.53069687,real
0.0,1.0,0.5056713,real
0.0,1.0,0.5280344,real
0.0,0.0,0.4383285,real
0.0,1.0,0.5161941,real
0.0,0.0,0.44464168,real
0.0,1.0,0.5413442,real
0.0,1.0,0.5042478,real
0.0,0.0,0.44831857,real
0.0,1.0,0.5494002,real
0.0,0.0,0.4397795,real
0.0,0.0,0.49581087,real
0.0,0.0,0.47297916,real
0.0,0.0,0.4836442,real
0.0,0.0,0.46439204,real
0.0,0.0,0.43182054,real
0.0,0.0,0.4630361,real
0.0,1.0,0.5131179,real
0.0,1.0,0.5077099,real
0.0,0.0,0.45228764,real
0.0,0.0,0.4599276,real
0.0,0.0,0.4634358,real
0.0,0.0,0.42303804,real
0.0,1.0,0.5091703,real
0.0,1.0,0.51859593,real
0.0,0.0,0.46368712,real
0.0,1.0,0.5278858,real
0.0,0.0,0.4528592,real
0.0,0.0,0.4136004,real
0.0,0.0,0.47600833,real
0.0,0.0,0.4338107,real
0.0,1.0,0.51024866,real
0.0,0.0,0.41882637,real
0.0,0.0,0.48491216,real
0.0,0.0,0.4537953,real
0.0,0.0,0.49837458,real
0.0,0.0,0.44887027,real
0.0,0.0,0.42390162,real
0.0,0.0,0.49977076,real
0.0,1.0,0.50508416,real
0.0,0.0,0.47340703,real
0.0,0.0,0.48037493,real
0.0,0.0,0.4793527,real
0.0,0.0,0.46087754,real
0.0,1.0,0.5331963,real
0.0,1.0,0.5104378,real
0.0,0.0,0.43521115,real
0.0,0.0,0.45415255,real
0.0,1.0,0.5120757,real
0.0,0.0,0.49095097,real
0.0,1.0,0.53773934,real
0.0,0.0,0.46509317,real
0.0,0.0,0.46549648,real
0.0,0.0,0.49528626,real
0.0,1.0,0.51308924,real
0.0,0.0,0.46671057,real
0.0,0.0,0.39909992,real
0.0,0.0,0.43387148,real
0.0,0.0,0.47604975,real
0.0,0.0,0.44593376,real
0.0,0.0,0.44395286,real
0.0,0.0,0.4990695,real
0.0,0.0,0.475692,real
0.0,0.0,0.48763406,real
0.0,1.0,0.54535216,real
0.0,0.0,0.47560006,real
0.0,1.0,0.5166189,real
0.0,1.0,0.5282875,real
0.0,0.0,0.46598408,real
0.0,1.0,0.52751833,real
0.0,0.0,0.45512,real
0.0,0.0,0.4636118,real
0.0,0.0,0.41987294,real
0.0,1.0,0.5731775,real
0.0,0.0,0.47784114,real
0.0,0.0,0.44573525,real
0.0,0.0,0.46010497,real
0.0,0.0,0.44290006,real
0.0,1.0,0.52036136,real
0.0,1.0,0.5420665,real
0.0,0.0,0.4818875,real
0.0,1.0,0.5045619,real
0.0,0.0,0.44544458,real
0.0,0.0,0.4671405,real
0.0,1.0,0.54410875,real
0.0,0.0,0.45963576,real
0.0,0.0,0.4730791,real
0.0,0.0,0.43961257,real
0.0,0.0,0.4615703,real
0.0,0.0,0.47337514,real
0.0,0.0,0.4658943,real
0.0,0.0,0.4179034,real
0.0,1.0,0.50751495,real
0.0,0.0,0.46411368,real
0.0,0.0,0.44784233,real
0.0,0.0,0.4560668,real
0.0,0.0,0.48522127,real
0.0,1.0,0.52374035,real
0.0,0.0,0.45471963,real
0.0,0.0,0.48170105,real
0.0,0.0,0.46638957,real
0.0,0.0,0.42443728,real
0.0,0.0,0.47304866,real
0.0,0.0,0.4371563,real
0.0,1.0,0.52701724,real
0.0,0.0,0.4328513,real
0.0,1.0,0.5384834,real
0.0,0.0,0.4699816,real
0.0,1.0,0.5037535,real
0.0,0.0,0.44242868,real
0.0,0.0,0.47829586,real
0.0,0.0,0.48382622,real
0.0,1.0,0.52326614,real
0.0,0.0,0.47214752,real
0.0,0.0,0.45340574,real
0.0,0.0,0.49143207,real
0.0,0.0,0.42528298,real
0.0,0.0,0.4957631,real
0.0,1.0,0.50117975,real
0.0,0.0,0.48248202,real
0.0,0.0,0.4604171,real
0.0,1.0,0.5478403,real
0.0,1.0,0.5078848,real
0.0,0.0,0.46873108,real
0.0,0.0,0.39784455,real
0.0,0.0,0.47072428,real
0.0,0.0,0.4692281,real
0.0,0.0,0.4809173,real
0.0,1.0,0.52087724,real
0.0,0.0,0.47823063,real
0.0,0.0,0.4519179,real
0.0,1.0,0.54786015,real
0.0,1.0,0.52371067,real
0.0,0.0,0.47198206,real
0.0,0.0,0.48717773,real
0.0,0.0,0.44287944,real
0.0,0.0,0.4706912,real
0.0,0.0,0.46527848,real
0.0,0.0,0.44448486,real
0.0,0.0,0.46051675,real
0.0,1.0,0.52956283,real
0.0,1.0,0.50429666,real
0.0,0.0,0.48780766,real
0.0,0.0,0.48375246,real
0.0,0.0,0.44307718,real
0.0,0.0,0.44762418,real
0.0,1.0,0.552467,real
0.0,0.0,0.48954448,real
0.0,1.0,0.5264779,real
0.0,1.0,0.50531465,real
0.0,0.0,0.43469638,real
0.0,0.0,0.41282812,real
0.0,0.0,0.49397364,real
0.0,0.0,0.49635383,real
0.0,0.0,0.48580202,real
0.0,1.0,0.50869024,real
0.0,0.0,0.46119323,real
0.0,0.0,0.43876576,real
0.0,0.0,0.4639145,real
0.0,0.0,0.4778295,real
0.0,1.0,0.5115438,real
0.0,1.0,0.516956,real
0.0,0.0,0.43573245,real
0.0,0.0,0.4790577,real
0.0,1.0,0.52820766,real
0.0,1.0,0.5435764,real
0.0,0.0,0.4695456,real
0.0,0.0,0.41608807,real
0.0,0.0,0.4480087,real
0.0,0.0,0.44383708,real
0.0,0.0,0.461075,real
0.0,1.0,0.520804,real
0.0,0.0,0.48347175,real
0.0,1.0,0.50012714,real
0.0,0.0,0.48254123,real
0.0,0.0,0.48468336,real
0.0,0.0,0.48540387,real
0.0,1.0,0.5309402,real
0.0,1.0,0.5991324,real
0.0,0.0,0.48759636,real
0.0,0.0,0.44392005,real
0.0,1.0,0.51252884,real
0.0,0.0,0.44405565,real
0.0,0.0,0.45371264,real
0.0,0.0,0.4796695,real
0.0,1.0,0.52376604,real
0.0,1.0,0.52428293,real
0.0,0.0,0.4802441,real
0.0,0.0,0.43891773,real
0.0,0.0,0.49662593,real
0.0,0.0,0.44508812,real
0.0,0.0,0.47268456,real
0.0,0.0,0.49888253,real
0.0,1.0,0.5232047,real
0.0,0.0,0.4864963,real
0.0,0.0,0.48176706,real
0.0,0.0,0.46657854,real
0.0,1.0,0.5210282,real
0.0,0.0,0.40876508,real
0.0,0.0,0.47577113,real
0.0,0.0,0.413228,real
0.0,0.0,0.4763919,real
0.0,1.0,0.51514655,real
0.0,0.0,0.4352276,real
0.0,0.0,0.49924085,real
0.0,0.0,0.45702296,real
0.0,1.0,0.5156205,real
0.0,0.0,0.41848746,real
0.0,0.0,0.48291337,real
0.0,0.0,0.47830528,real
0.0,0.0,0.4765301,real
0.0,0.0,0.48007128,real
0.0,0.0,0.49014512,real
0.0,1.0,0.52150166,real
0.0,0.0,0.49804384,real
0.0,0.0,0.4678617,real
0.0,0.0,0.46928048,real
0.0,0.0,0.44784716,real
0.0,1.0,0.51099586,real
0.0,0.0,0.4839029,real
0.0,0.0,0.48984218,real
0.0,0.0,0.4783222,real
0.0,0.0,0.4703137,real
0.0,1.0,0.51741,real
0.0,0.0,0.44078803,real
0.0,1.0,0.50594914,real
0.0,0.0,0.4786876,real
0.0,1.0,0.5332698,real
0.0,0.0,0.47438067,real
0.0,1.0,0.514508,real
0.0,0.0,0.43089545,real
0.0,0.0,0.46394438,real
0.0,0.0,0.498916,real
0.0,0.0,0.49084386,real
0.0,1.0,0.5068121,real
0.0,1.0,0.5122568,real
0.0,0.0,0.45034468,real
0.0,0.0,0.45236468,real
0.0,0.0,0.4281806,real
0.0,0.0,0.4604271,real
0.0,0.0,0.49553254,real
0.0,0.0,0.46335265,real
0.0,0.0,0.4903883,real
0.0,1.0,0.5120976,real
0.0,0.0,0.41233656,real
0.0,0.0,0.47181636,real
0.0,1.0,0.52896065,real
0.0,0.0,0.47181264,real
0.0,0.0,0.47280034,real
0.0,0.0,0.46148872,real
0.0,0.0,0.49271843,real
0.0,0.0,0.43243298,real
0.0,1.0,0.5143391,real
0.0,0.0,0.41854605,real
0.0,0.0,0.4755839,real
0.0,0.0,0.48008463,real
0.0,0.0,0.42830434,real
0.0,0.0,0.45562556,real
0.0,0.0,0.4946192,real
0.0,1.0,0.56651217,real
0.0,0.0,0.42351332,real
0.0,0.0,0.46900478,real
0.0,0.0,0.46289924,real
0.0,0.0,0.42005923,real
0.0,1.0,0.5218166,real
0.0,0.0,0.45685276,real
0.0,0.0,0.44892067,real
0.0,1.0,0.52587056,real
0.0,0.0,0.4885429,real
0.0,0.0,0.44331318,real
0.0,0.0,0.46840578,real
0.0,0.0,0.43456796,real
0.0,1.0,0.53265864,real
0.0,0.0,0.4652841,real
0.0,0.0,0.4549485,real
0.0,0.0,0.47374958,real
0.0,1.0,0.50094587,real
0.0,0.0,0.45735013,real
0.0,0.0,0.45015007,real
0.0,0.0,0.4817586,real
0.0,0.0,0.452985,real
0.0,0.0,0.4766326,real
0.0,0.0,0.4754082,real
0.0,0.0,0.472777,real
0.0,1.0,0.5368284,real
0.0,1.0,0.54885525,real
0.0,0.0,0.49026996,real
0.0,1.0,0.50623465,real
0.0,1.0,0.51796323,real
0.0,0.0,0.47803304,real
0.0,0.0,0.44369376,real
0.0,0.0,0.45790246,real
0.0,0.0,0.47450534,real
0.0,1.0,0.5299427,real
0.0,0.0,0.46236762,real
0.0,1.0,0.52204347,real
0.0,0.0,0.4594249,real
0.0,1.0,0.5202537,real
0.0,0.0,0.41857567,real
0.0,0.0,0.45826042,real
0.0,1.0,0.53876257,real
0.0,0.0,0.43508837,real
0.0,0.0,0.47925377,real
0.0,1.0,0.5636827,real
0.0,1.0,0.5379254,real
0.0,1.0,0.5417442,real
0.0,1.0,0.5464024,real
0.0,0.0,0.45854983,real
0.0,0.0,0.47635058,real
0.0,0.0,0.46254036,real
0.0,0.0,0.45279843,real
0.0,1.0,0.5221765,real
0.0,0.0,0.49977848,real
0.0,0.0,0.47638154,real
0.0,0.0,0.45873064,real
0.0,0.0,0.44855317,real
0.0,0.0,0.4839181,real
0.0,1.0,0.51379097,real
0.0,1.0,0.54291064,real
0.0,0.0,0.4931344,real
0.0,1.0,0.54329723,real
0.0,0.0,0.46861827,real
0.0,0.0,0.45673496,real
0.0,1.0,0.53317755,real
0.0,0.0,0.49046952,real
0.0,0.0,0.477469,real
0.0,0.0,0.42279065,real
0.0,0.0,0.49886093,real
0.0,1.0,0.53049195,real
0.0,0.0,0.48962516,real
0.0,0.0,0.48999915,real
0.0,0.0,0.48791242,real
0.0,0.0,0.4534114,real
0.0,0.0,0.4824564,real
0.0,0.0,0.474211,real
0.0,1.0,0.52393967,real
0.0,0.0,0.4927072,real
0.0,0.0,0.47030756,real
0.0,0.0,0.47980604,real
0.0,0.0,0.4633691,real
0.0,0.0,0.44923478,real
0.0,0.0,0.43060282,real
0.0,0.0,0.4469352,real
0.0,0.0,0.45034337,real
0.0,0.0,0.44211534,real
0.0,0.0,0.44679245,real
0.0,1.0,0.5864637,real
0.0,0.0,0.4535627,real
0.0,0.0,0.43673244,real
0.0,0.0,0.48550725,real
0.0,0.0,0.45399898,real
0.0,0.0,0.4800032,real
0.0,0.0,0.47631726,real
0.0,0.0,0.4974922,real
0.0,0.0,0.45793673,real
0.0,0.0,0.45832986,real
0.0,0.0,0.46502942,real
0.0,0.0,0.48909494,real
0.0,0.0,0.4584059,real
0.0,0.0,0.40705448,real
0.0,1.0,0.5736235,real
0.0,1.0,0.5069084,real
0.0,0.0,0.44441646,real
0.0,1.0,0.5480275,real
0.0,0.0,0.44463202,real
0.0,0.0,0.46442944,real
0.0,0.0,0.4685223,real
0.0,0.0,0.47329882,real
0.0,1.0,0.5086251,real
0.0,1.0,0.5317745,real
0.0,0.0,0.48279285,real
0.0,0.0,0.44039562,real
0.0,1.0,0.50974554,real
0.0,1.0,0.5345145,real
0.0,0.0,0.481614,real
0.0,1.0,0.53224206,real
0.0,0.0,0.46752653,real
0.0,0.0,0.49762648,real
0.0,1.0,0.5229643,real
0.0,0.0,0.47780335,real
0.0,0.0,0.4474479,real
0.0,0.0,0.47054833,real
0.0,0.0,0.44291386,real
0.0,0.0,0.48986956,real
0.0,0.0,0.47591525,real
0.0,0.0,0.4516019,real
0.0,0.0,0.43809178,real
0.0,0.0,0.4700538,real
0.0,0.0,0.4910489,real
0.0,1.0,0.5244068,real
0.0,0.0,0.47220227,real
0.0,0.0,0.48349872,real
0.0,1.0,0.512304,real
0.0,1.0,0.5432189,real
0.0,1.0,0.5183669,real
0.0,1.0,0.50644696,real
0.0,1.0,0.501085,real
0.0,0.0,0.44902334,real
0.0,0.0,0.46890086,real
0.0,0.0,0.47430375,real
0.0,0.0,0.47627345,real
0.0,0.0,0.4675377,real
0.0,0.0,0.4761789,real
0.0,0.0,0.45510715,real
0.0,1.0,0.50522935,real
0.0,0.0,0.4895737,real
0.0,0.0,0.46162003,real
0.0,0.0,0.4653048,real
0.0,1.0,0.5844029,real
0.0,1.0,0.558006,real
0.0,0.0,0.45714286,real
0.0,0.0,0.44234362,real
0.0,0.0,0.47671604,real
0.0,0.0,0.46367747,real
0.0,1.0,0.55468607,real
0.0,0.0,0.4632033,real
0.0,0.0,0.4535175,real
0.0,0.0,0.45679227,real
0.0,0.0,0.44803885,real
0.0,0.0,0.49342883,real
0.0,1.0,0.5610304,real
0.0,1.0,0.55425584,real
0.0,0.0,0.45414615,real
0.0,0.0,0.47146374,real
0.0,0.0,0.43100917,real
0.0,1.0,0.565687,real
0.0,0.0,0.4507578,real
0.0,0.0,0.4771196,real
0.0,0.0,0.46774682,real
0.0,1.0,0.59651834,real
0.0,0.0,0.47312614,real
0.0,0.0,0.46243173,real
0.0,0.0,0.49419895,real
0.0,0.0,0.4811307,real
0.0,0.0,0.46853346,real
0.0,0.0,0.46748656,real
0.0,0.0,0.45911232,real
0.0,0.0,0.47575536,real
0.0,0.0,0.4499771,real
0.0,0.0,0.49138072,real
0.0,0.0,0.46904206,real
0.0,0.0,0.4410565,real
0.0,0.0,0.47226515,real
0.0,1.0,0.5229116,real
0.0,0.0,0.47749335,real
0.0,1.0,0.5380234,real
0.0,0.0,0.46199542,real
0.0,0.0,0.46298,real
0.0,1.0,0.51385045,real
0.0,0.0,0.4962581,real
0.0,0.0,0.47102422,real
0.0,0.0,0.48647368,real
0.0,0.0,0.47341606,real
0.0,0.0,0.4444289,real
0.0,0.0,0.44413552,real
0.0,0.0,0.47671625,real
0.0,0.0,0.4556472,real
0.0,0.0,0.49968824,real
0.0,0.0,0.48168513,real
0.0,1.0,0.526553,real
0.0,0.0,0.4784179,real
0.0,1.0,0.5468582,real
0.0,1.0,0.5076633,real
0.0,0.0,0.44227585,real
0.0,0.0,0.4774649,real
0.0,0.0,0.46908587,real
0.0,0.0,0.44017756,real
0.0,0.0,0.48931357,real
0.0,0.0,0.4542753,real
0.0,0.0,0.4938469,real
0.0,1.0,0.525579,real
0.0,0.0,0.48404175,real
0.0,0.0,0.45817086,real
0.0,0.0,0.4822854,real
0.0,0.0,0.46439293,real
0.0,0.0,0.47871438,real
0.0,0.0,0.4641322,real
0.0,0.0,0.4610239,real
0.0,1.0,0.50278425,real
0.0,0.0,0.46891826,real
0.0,0.0,0.4761106,real
0.0,0.0,0.44342473,real
0.0,1.0,0.5226342,real
0.0,1.0,0.51688516,real
0.0,0.0,0.46513957,real
0.0,1.0,0.5111809,real
0.0,1.0,0.52381766,real
0.0,0.0,0.48936576,real
0.0,0.0,0.45664838,real
0.0,1.0,0.52173144,real
0.0,0.0,0.48728368,real
0.0,0.0,0.49997777,real
0.0,0.0,0.4558893,real
0.0,0.0,0.48156783,real
0.0,0.0,0.44553587,real
0.0,0.0,0.46984336,real
0.0,1.0,0.516023,real
0.0,0.0,0.47002465,real
0.0,0.0,0.48096332,real
0.0,0.0,0.46188715,real
0.0,1.0,0.5308539,real
0.0,1.0,0.5042136,real
0.0,1.0,0.50397885,real
0.0,0.0,0.48000798,real
0.0,1.0,0.5252802,real
0.0,0.0,0.49693567,real
0.0,0.0,0.47705686,real
0.0,0.0,0.45143676,real
0.0,0.0,0.44563147,real
0.0,0.0,0.47640565,real
0.0,0.0,0.4969117,real
0.0,0.0,0.46585053,real
0.0,1.0,0.50240624,real
0.0,0.0,0.49568844,real
0.0,0.0,0.49918368,real
0.0,0.0,0.4599184,real
0.0,0.0,0.49709964,real
0.0,0.0,0.46955425,real
0.0,0.0,0.48996904,real
0.0,1.0,0.5850363,real
0.0,0.0,0.45902678,real
0.0,1.0,0.5589868,real
0.0,0.0,0.4477951,real
0.0,0.0,0.43389347,real
0.0,1.0,0.5098993,real
0.0,1.0,0.5510978,real
0.0,0.0,0.48216298,real
0.0,1.0,0.511314,real
0.0,1.0,0.5077931,real
0.0,0.0,0.47547275,real
0.0,0.0,0.49467695,real
0.0,1.0,0.5433209,real
0.0,1.0,0.508525,real
0.0,0.0,0.44932246,real
0.0,0.0,0.49619105,real
0.0,0.0,0.49704137,real
0.0,0.0,0.49817824,real
0.0,0.0,0.48592764,real
0.0,0.0,0.45920372,real
0.0,0.0,0.4809793,real
0.0,0.0,0.49908853,real
0.0,0.0,0.46093562,real
0.0,0.0,0.4686912,real
0.0,1.0,0.51520306,real
0.0,0.0,0.43921566,real
0.0,0.0,0.4696363,real
0.0,1.0,0.5750471,real
0.0,0.0,0.4682875,real
0.0,0.0,0.4344602,real
0.0,0.0,0.48987365,real
0.0,1.0,0.53146833,real
0.0,0.0,0.49841467,real
0.0,0.0,0.4437589,real
0.0,0.0,0.45493853,real
0.0,0.0,0.4640224,real
0.0,0.0,0.48191962,real
0.0,1.0,0.5617359,real
0.0,0.0,0.455795,real
0.0,1.0,0.5178301,real
0.0,0.0,0.44368824,real
0.0,0.0,0.41857716,real
0.0,0.0,0.46900162,real
0.0,0.0,0.47681338,real
0.0,0.0,0.4765883,real
0.0,1.0,0.50656843,real
0.0,0.0,0.46809724,real
0.0,0.0,0.4221095,real
0.0,0.0,0.4679743,real
0.0,0.0,0.47126597,real
0.0,1.0,0.5461697,real
0.0,0.0,0.44169623,real
0.0,0.0,0.4696199,real
0.0,0.0,0.48997653,real
0.0,1.0,0.54503304,real
0.0,0.0,0.4667801,real
0.0,0.0,0.46142262,real
0.0,0.0,0.469271,real
0.0,0.0,0.4477485,real
0.0,0.0,0.41137478,real
0.0,0.0,0.49171773,real
0.0,0.0,0.43139443,real
0.0,0.0,0.4258435,real
0.0,0.0,0.45709622,real
0.0,0.0,0.46101183,real
0.0,0.0,0.47192034,real
0.0,1.0,0.50586075,real
0.0,0.0,0.46187568,real
0.0,0.0,0.4588337,real
0.0,0.0,0.43681028,real
0.0,0.0,0.44621047,real
0.0,1.0,0.50723344,real
0.0,1.0,0.5124783,real
0.0,1.0,0.50403416,real
0.0,0.0,0.43511093,real
0.0,1.0,0.5750936,real
0.0,0.0,0.4925188,real
0.0,1.0,0.5318137,real
0.0,1.0,0.50178707,real
0.0,0.0,0.47364366,real
0.0,0.0,0.46688724,real
0.0,0.0,0.4887809,real
0.0,0.0,0.46893796,real
0.0,0.0,0.49562055,real
0.0,0.0,0.48033336,real
0.0,1.0,0.53110594,real
0.0,0.0,0.4580702,real
0.0,0.0,0.46495095,real
0.0,0.0,0.47009066,real
0.0,0.0,0.4699706,real
0.0,1.0,0.54828465,real
0.0,0.0,0.42758933,real
0.0,0.0,0.4740952,real
0.0,0.0,0.47387856,real
0.0,0.0,0.4949897,real
0.0,0.0,0.4921658,real
0.0,1.0,0.51525176,real
0.0,0.0,0.43124557,real
0.0,1.0,0.5230025,real
0.0,0.0,0.45664132,real
0.0,0.0,0.4651749,real
0.0,1.0,0.50159645,real
0.0,0.0,0.4349785,real
0.0,0.0,0.49609628,real
0.0,0.0,0.44054344,real
0.0,0.0,0.45923862,real
0.0,1.0,0.5046239,real
0.0,0.0,0.46677387,real
0.0,1.0,0.51386464,real
0.0,1.0,0.52994484,real
0.0,1.0,0.5110438,real
0.0,0.0,0.45875052,real
0.0,1.0,0.5150982,real
0.0,1.0,0.51384825,real
0.0,0.0,0.45735243,real
0.0,1.0,0.52857065,real
0.0,0.0,0.4320529,real
0.0,1.0,0.5699848,real
0.0,1.0,0.52019423,real
0.0,0.0,0.45701236,real
0.0,1.0,0.52583146,real
0.0,0.0,0.46852216,real
0.0,0.0,0.47285417,real
0.0,0.0,0.4924612,real
0.0,1.0,0.5136279,real
0.0,0.0,0.47151265,real
0.0,0.0,0.43912688,real
0.0,0.0,0.45621437,real
0.0,1.0,0.56382996,real
0.0,1.0,0.51667434,real
0.0,0.0,0.4618277,real
0.0,0.0,0.4755288,real
0.0,0.0,0.4313591,real
0.0,0.0,0.47139215,real
0.0,0.0,0.47334304,real
0.0,0.0,0.46442604,real
0.0,0.0,0.46328062,real
0.0,0.0,0.45920056,real
0.0,1.0,0.5043628,real
0.0,0.0,0.4757039,real
0.0,1.0,0.51702446,real
0.0,1.0,0.54650855,real
0.0,0.0,0.43466073,real
0.0,0.0,0.4661241,real
0.0,0.0,0.49554947,real
0.0,1.0,0.51727444,real
0.0,0.0,0.49440515,real
0.0,0.0,0.4911819,real
0.0,1.0,0.5178391,real
0.0,1.0,0.50038505,real
0.0,0.0,0.4820996,real
0.0,0.0,0.48567975,real
0.0,0.0,0.45762935,real
0.0,1.0,0.5126201,real
0.0,0.0,0.46052468,real
0.0,0.0,0.4517008,real
0.0,0.0,0.4473367,real
0.0,0.0,0.4606495,real
0.0,1.0,0.50014085,real
0.0,0.0,0.4521852,real
0.0,0.0,0.47830266,real
0.0,0.0,0.45666236,real
0.0,1.0,0.5136928,real
0.0,1.0,0.52962613,real
0.0,1.0,0.5491688,real
0.0,0.0,0.45766172,real
0.0,0.0,0.47838724,real
0.0,0.0,0.4914011,real
0.0,0.0,0.46859014,real
0.0,1.0,0.5103491,real
0.0,0.0,0.48122442,real
0.0,0.0,0.4728584,real
0.0,0.0,0.46835107,real
0.0,0.0,0.46570417,real
0.0,0.0,0.44254348,real
0.0,1.0,0.5582716,real
0.0,1.0,0.5299515,real
0.0,1.0,0.5391532,real
0.0,0.0,0.4671678,real
0.0,1.0,0.52710354,real
0.0,0.0,0.43873197,real
0.0,1.0,0.5199028,real
0.0,0.0,0.4776783,real
0.0,0.0,0.4953979,real
0.0,1.0,0.5252745,real
0.0,0.0,0.45588785,real
0.0,1.0,0.5072338,real
0.0,0.0,0.4394927,real
0.0,1.0,0.52533567,real
0.0,0.0,0.49645686,real
0.0,0.0,0.4990134,real
0.0,0.0,0.45852336,real
0.0,0.0,0.4761894,real
0.0,0.0,0.45875597,real
0.0,1.0,0.5702233,real
0.0,1.0,0.5097786,real
0.0,0.0,0.4720415,real
0.0,0.0,0.46734348,real
0.0,0.0,0.44785658,real
0.0,1.0,0.51959616,real
0.0,1.0,0.5544038,real
0.0,1.0,0.5185399,real
0.0,1.0,0.5249509,real
0.0,1.0,0.5073976,real
0.0,0.0,0.44641098,real
0.0,0.0,0.43490195,real
0.0,0.0,0.46870813,real
0.0,1.0,0.51409316,real
0.0,1.0,0.5014755,real
0.0,1.0,0.5037246,real
0.0,1.0,0.51011354,real
0.0,0.0,0.475502,real
0.0,1.0,0.5187631,real
0.0,0.0,0.45834073,real
0.0,1.0,0.51516664,real
0.0,0.0,0.48475817,real
0.0,0.0,0.46235028,real
0.0,0.0,0.45637745,real
0.0,0.0,0.42867154,real
0.0,0.0,0.47910476,real
0.0,0.0,0.4793934,real
0.0,0.0,0.45283455,real
0.0,0.0,0.46947578,real
0.0,1.0,0.51552856,real
0.0,0.0,0.47290638,real
0.0,1.0,0.50274056,real
0.0,0.0,0.4758331,real
0.0,0.0,0.45850402,real
0.0,1.0,0.51240283,real
0.0,0.0,0.4432832,real
0.0,0.0,0.45145136,real
0.0,1.0,0.5194435,real
0.0,0.0,0.47610143,real
0.0,1.0,0.50350046,real
0.0,0.0,0.48244017,real
0.0,0.0,0.4715846,real
0.0,1.0,0.52172923,real
0.0,1.0,0.5171605,real
0.0,1.0,0.5407563,real
0.0,0.0,0.47741014,real
0.0,0.0,0.43011346,real
0.0,0.0,0.43582547,real
0.0,0.0,0.4895355,real
0.0,0.0,0.4864775,real
0.0,0.0,0.42539477,real
0.0,0.0,0.48004776,real
0.0,0.0,0.4776748,real
0.0,0.0,0.4540745,real
0.0,0.0,0.48024267,real
0.0,0.0,0.47540614,real
0.0,1.0,0.52612156,real
0.0,0.0,0.48154753,real
0.0,1.0,0.5557652,real
0.0,0.0,0.45350847,real
0.0,0.0,0.4540379,real
0.0,0.0,0.49929088,real
0.0,0.0,0.44939137,real
0.0,0.0,0.44328755,real
0.0,1.0,0.5556227,real
0.0,1.0,0.5533696,real
0.0,0.0,0.45873863,real
0.0,1.0,0.54298115,real
0.0,1.0,0.52237034,real
0.0,0.0,0.4541194,real
0.0,0.0,0.47079298,real
0.0,0.0,0.4816538,real
0.0,1.0,0.500902,real
0.0,0.0,0.47271642,real
0.0,1.0,0.534135,real
0.0,0.0,0.4675948,real
0.0,0.0,0.43029797,real
0.0,0.0,0.45384374,real
0.0,0.0,0.4289831,real
0.0,0.0,0.48480275,real
0.0,0.0,0.4671765,real
0.0,0.0,0.4564124,real
0.0,1.0,0.5691994,real
0.0,0.0,0.49010187,real
0.0,0.0,0.46924037,real
0.0,0.0,0.42677164,real
0.0,0.0,0.49398196,real
0.0,1.0,0.51110506,real
0.0,0.0,0.48226595,real
0.0,0.0,0.4279951,real
0.0,0.0,0.45751405,real
0.0,0.0,0.48012078,real
0.0,0.0,0.46108606,real
0.0,0.0,0.46956828,real
0.0,0.0,0.4552791,real
0.0,0.0,0.46435273,real
0.0,0.0,0.45606917,real
0.0,0.0,0.48549467,real
0.0,1.0,0.51625866,real
0.0,0.0,0.45274565,real
0.0,0.0,0.4600958,real
0.0,0.0,0.45400947,real
0.0,1.0,0.5621086,real
0.0,0.0,0.4568242,real
0.0,1.0,0.516431,real
0.0,0.0,0.45262805,real
0.0,0.0,0.42833003,real
0.0,0.0,0.45050701,real
0.0,0.0,0.45975506,real
0.0,0.0,0.4443722,real
0.0,1.0,0.5199429,real
0.0,1.0,0.55807716,real
0.0,1.0,0.5070036,real
0.0,0.0,0.4698256,real
0.0,0.0,0.44222555,real
0.0,0.0,0.49284115,real
0.0,0.0,0.47939253,real
0.0,0.0,0.4861721,real
0.0,0.0,0.4352087,real
0.0,0.0,0.41830456,real
0.0,0.0,0.46340805,real
0.0,1.0,0.53292483,real
0.0,0.0,0.45114854,real
0.0,0.0,0.43854496,real
0.0,0.0,0.48422527,real
0.0,0.0,0.4746247,real
0.0,0.0,0.4700002,real
0.0,0.0,0.46615985,real
0.0,0.0,0.45940295,real
0.0,0.0,0.4909132,real
0.0,1.0,0.5231613,real
0.0,1.0,0.5318165,real
0.0,0.0,0.44186345,real
0.0,0.0,0.4449881,real
0.0,0.0,0.46894583,real
0.0,1.0,0.50426114,real
0.0,0.0,0.47978732,real
0.0,0.0,0.46727195,real
0.0,0.0,0.479949,real
0.0,0.0,0.49337858,real
0.0,1.0,0.54193825,real
0.0,1.0,0.50254804,real
0.0,0.0,0.4901719,real
0.0,0.0,0.4776141,real
0.0,1.0,0.52545625,real
0.0,1.0,0.5472629,real
0.0,1.0,0.5272909,real
0.0,0.0,0.49227205,real
0.0,0.0,0.4695513,real
0.0,0.0,0.49184376,real
0.0,0.0,0.46080896,real
0.0,0.0,0.43586165,real
0.0,1.0,0.517589,real
0.0,0.0,0.49295238,real
0.0,1.0,0.5175448,real
0.0,0.0,0.4620111,real
0.0,1.0,0.5003378,real
0.0,0.0,0.47631618,real
0.0,0.0,0.49228534,real
0.0,1.0,0.50127685,real
0.0,0.0,0.4567644,real
0.0,0.0,0.45743832,real
0.0,0.0,0.48979625,real
0.0,1.0,0.57735145,real
0.0,0.0,0.48746508,real
0.0,1.0,0.52981853,real
0.0,0.0,0.45610487,real
0.0,0.0,0.46022066,real
0.0,1.0,0.5025124,real
0.0,0.0,0.46236604,real
0.0,0.0,0.49827582,real
0.0,1.0,0.52528685,real
0.0,0.0,0.44207522,real
0.0,0.0,0.4541746,real
0.0,1.0,0.55441946,real
0.0,0.0,0.4984389,real
0.0,0.0,0.4535026,real
0.0,0.0,0.4849087,real
0.0,1.0,0.53192955,real
0.0,1.0,0.5083112,real
0.0,0.0,0.4597664,real
0.0,1.0,0.51002043,real
0.0,0.0,0.4188586,real
0.0,0.0,0.45506164,real
0.0,0.0,0.48994997,real
0.0,0.0,0.48576984,real
0.0,0.0,0.4850045,real
0.0,1.0,0.5360171,real
0.0,0.0,0.47016212,real
0.0,1.0,0.50537944,real
0.0,0.0,0.45759082,real
0.0,1.0,0.500547,real
0.0,0.0,0.4818552,real
0.0,0.0,0.49281996,real
0.0,0.0,0.47005332,real
0.0,0.0,0.44604728,real
0.0,0.0,0.42353085,real
0.0,0.0,0.48446363,real
0.0,0.0,0.46312964,real
0.0,1.0,0.5234466,real
0.0,0.0,0.4314104,real
0.0,0.0,0.44744807,real
0.0,0.0,0.49917442,real
0.0,0.0,0.4787955,real
0.0,1.0,0.51984525,real
0.0,1.0,0.5354744,real
0.0,0.0,0.48059395,real
0.0,0.0,0.45524582,real
0.0,0.0,0.48841605,real
0.0,0.0,0.46401644,real
0.0,1.0,0.52171344,real
0.0,1.0,0.50623786,real
0.0,0.0,0.46951067,real
0.0,0.0,0.49735346,real
0.0,0.0,0.48490274,real
0.0,0.0,0.48742503,real
0.0,0.0,0.45791414,real
0.0,0.0,0.49152514,real
0.0,0.0,0.45795304,real
0.0,0.0,0.4629159,real
0.0,0.0,0.48298237,real
0.0,1.0,0.5230832,real
0.0,0.0,0.4621997,real
0.0,1.0,0.50512177,real
0.0,0.0,0.46862903,real
0.0,1.0,0.52168906,real
0.0,1.0,0.5235859,real
0.0,0.0,0.48621473,real
0.0,1.0,0.51840085,real
0.0,0.0,0.4927931,real
0.0,1.0,0.504383,real
0.0,0.0,0.46311986,real
0.0,1.0,0.50511366,real
0.0,0.0,0.4589631,real
0.0,1.0,0.5075346,real
0.0,0.0,0.49736506,real
0.0,1.0,0.504069,real
0.0,1.0,0.52704257,real
0.0,0.0,0.4702643,real
0.0,0.0,0.47431934,real
0.0,0.0,0.47267434,real
0.0,0.0,0.48980477,real
0.0,0.0,0.4506253,real
0.0,1.0,0.55543745,real
0.0,1.0,0.5022138,real
0.0,1.0,0.50670564,real
0.0,0.0,0.49972144,real
0.0,0.0,0.49381015,real
0.0,0.0,0.48731017,real
0.0,0.0,0.43610153,real
0.0,0.0,0.49924976,real
0.0,1.0,0.5231042,real
0.0,1.0,0.54453045,real
0.0,1.0,0.5651057,real
0.0,0.0,0.46990123,real
0.0,0.0,0.4490406,real
0.0,0.0,0.49754488,real
0.0,1.0,0.51056457,real
0.0,1.0,0.5207438,real
0.0,1.0,0.545543,real
0.0,0.0,0.48468286,real
0.0,0.0,0.4808192,real
0.0,0.0,0.48263237,real
0.0,1.0,0.5252984,real
0.0,0.0,0.49828848,real
0.0,0.0,0.45034307,real
0.0,0.0,0.4691652,real
0.0,0.0,0.43633163,real
0.0,0.0,0.4857472,real
0.0,0.0,0.43838027,real
0.0,0.0,0.4871225,real
0.0,0.0,0.49268174,real
0.0,0.0,0.470761,real
0.0,0.0,0.44233495,real
0.0,0.0,0.479924,real
0.0,0.0,0.49701235,real
0.0,0.0,0.4632256,real
0.0,0.0,0.47465122,real
0.0,0.0,0.44430256,real
0.0,0.0,0.47642645,real
0.0,0.0,0.48152012,real
0.0,0.0,0.42212832,real
0.0,0.0,0.4735462,real
0.0,0.0,0.43768105,real
0.0,1.0,0.55507547,real
0.0,0.0,0.4726002,real
0.0,0.0,0.47837707,real
0.0,0.0,0.48610303,real
0.0,1.0,0.5408878,real
0.0,0.0,0.441228,real
0.0,0.0,0.49122074,real
0.0,0.0,0.48931545,real
0.0,0.0,0.4712826,real
0.0,0.0,0.4819255,real
0.0,0.0,0.43546665,real
0.0,0.0,0.47616497,real
0.0,0.0,0.45623228,real
0.0,1.0,0.5015532,real
0.0,0.0,0.49349606,real
0.0,0.0,0.49398172,real
0.0,1.0,0.571777,real
0.0,1.0,0.51023453,real
0.0,0.0,0.42310053,real
0.0,0.0,0.46653846,real
0.0,0.0,0.45371643,real
0.0,0.0,0.49444404,real
0.0,0.0,0.4566196,real
0.0,0.0,0.4745551,real
0.0,0.0,0.48387042,real
0.0,0.0,0.48740616,real
0.0,1.0,0.5289283,real
0.0,0.0,0.45532915,real
0.0,0.0,0.4618348,real
0.0,0.0,0.4495284,real
0.0,0.0,0.44913915,real
0.0,0.0,0.4868303,real
0.0,1.0,0.56369555,real
0.0,1.0,0.5119874,real
0.0,1.0,0.5758171,real
0.0,0.0,0.48243317,real
0.0,0.0,0.46258822,real
0.0,1.0,0.54615927,real
0.0,0.0,0.4620613,real
0.0,0.0,0.47545108,real
0.0,0.0,0.44330606,real
0.0,0.0,0.499075,real
0.0,0.0,0.46351084,real
0.0,0.0,0.45939794,real
0.0,1.0,0.5250656,real
0.0,1.0,0.5252816,real
0.0,0.0,0.46151686,real
0.0,1.0,0.52310985,real
0.0,0.0,0.49744064,real
0.0,1.0,0.55653524,real
0.0,0.0,0.44727564,real
0.0,0.0,0.49237323,real
0.0,0.0,0.45964774,real
0.0,0.0,0.48311612,real
0.0,0.0,0.45749664,real
0.0,1.0,0.5042388,real
0.0,1.0,0.50174654,real
0.0,1.0,0.51417875,real
0.0,0.0,0.4786001,real
0.0,0.0,0.4427378,real
0.0,1.0,0.50207675,real
0.0,0.0,0.48112264,real
0.0,0.0,0.46458313,real
0.0,0.0,0.4550411,real
0.0,0.0,0.44233486,real
0.0,1.0,0.5127039,real
0.0,1.0,0.5346309,real
0.0,0.0,0.44624403,real
0.0,1.0,0.5130525,real
0.0,0.0,0.4409234,real
0.0,1.0,0.509679,real
0.0,0.0,0.46508655,real
0.0,0.0,0.44830185,real
0.0,0.0,0.4394838,real
0.0,0.0,0.46784356,real
0.0,0.0,0.44249478,real
0.0,1.0,0.52026093,real
0.0,0.0,0.45783472,real
0.0,0.0,0.49276787,real
0.0,0.0,0.45832074,real
0.0,0.0,0.46233088,real
0.0,1.0,0.52571887,real
0.0,0.0,0.48068926,real
0.0,0.0,0.49903145,real
0.0,0.0,0.4893476,real
0.0,0.0,0.42872363,real
0.0,0.0,0.47248098,real
0.0,0.0,0.45355198,real
0.0,0.0,0.4419413,real
0.0,0.0,0.45196384,real
0.0,0.0,0.46921653,real
0.0,1.0,0.58912677,real
0.0,1.0,0.51303464,real
0.0,1.0,0.5632667,real
0.0,0.0,0.4814887,real
0.0,0.0,0.46596622,real
0.0,1.0,0.5396061,real
0.0,1.0,0.5138213,real
0.0,1.0,0.5348532,real
0.0,0.0,0.48220462,real
0.0,0.0,0.47998503,real
0.0,0.0,0.48704377,real
0.0,1.0,0.5133892,real
0.0,1.0,0.5134439,real
0.0,0.0,0.4945569,real
0.0,0.0,0.4532438,real
0.0,0.0,0.46537387,real
0.0,1.0,0.5472795,real
0.0,0.0,0.48549384,real
0.0,1.0,0.5062288,real
0.0,0.0,0.4452138,real
0.0,1.0,0.516187,real
0.0,0.0,0.45224932,real
0.0,0.0,0.49351278,real
0.0,0.0,0.4717452,real
0.0,0.0,0.46246418,real
0.0,0.0,0.4598331,real
0.0,0.0,0.46988374,real
0.0,1.0,0.517435,real
0.0,1.0,0.5210863,real
0.0,1.0,0.5222866,real
0.0,0.0,0.44248578,real
0.0,0.0,0.48353562,real
0.0,0.0,0.4747965,real
0.0,1.0,0.57509905,real
0.0,1.0,0.53645927,real
0.0,0.0,0.48670816,real
0.0,0.0,0.4583714,real
0.0,0.0,0.46720058,real
0.0,0.0,0.47908866,real
0.0,0.0,0.4697877,real
0.0,0.0,0.4917899,real
0.0,1.0,0.5018221,real
0.0,0.0,0.47113818,real
0.0,1.0,0.5084938,real
0.0,0.0,0.44136325,real
0.0,1.0,0.50360066,real
0.0,0.0,0.42164624,real
0.0,1.0,0.5404482,real
0.0,0.0,0.4895635,real
0.0,0.0,0.4879529,real
0.0,0.0,0.47446018,real
0.0,0.0,0.46493304,real
0.0,0.0,0.49887115,real
0.0,0.0,0.47929358,real
0.0,1.0,0.52738893,real
0.0,0.0,0.46843424,real
0.0,0.0,0.48391765,real
0.0,1.0,0.50764513,real
0.0,0.0,0.4891226,real
0.0,0.0,0.4743291,real
0.0,0.0,0.4598221,real
0.0,0.0,0.42579553,real
0.0,1.0,0.50442004,real
0.0,0.0,0.47648793,real
0.0,0.0,0.46736056,real
0.0,1.0,0.5178857,real
0.0,1.0,0.5076722,real
0.0,0.0,0.4640458,real
0.0,0.0,0.45319858,real
0.0,0.0,0.4560632,real
0.0,1.0,0.537207,real
0.0,1.0,0.53404516,real
0.0,0.0,0.4874104,real
0.0,0.0,0.44436938,real
0.0,0.0,0.47586688,real
0.0,0.0,0.4797362,real
0.0,1.0,0.5453227,real
0.0,0.0,0.46234906,real
0.0,1.0,0.5054786,real
0.0,0.0,0.44101575,real
0.0,0.0,0.46956128,real
0.0,0.0,0.4686674,real
0.0,0.0,0.4760235,real
0.0,1.0,0.54728794,real
0.0,0.0,0.4679398,real
0.0,1.0,0.5227344,real
0.0,0.0,0.42838755,real
0.0,0.0,0.4730157,real
0.0,0.0,0.46682385,real
0.0,1.0,0.51943773,real
0.0,0.0,0.49744558,real
0.0,1.0,0.5076672,real
0.0,1.0,0.5430496,real
0.0,1.0,0.57264775,real
0.0,0.0,0.46416068,real
0.0,1.0,0.5545299,real
0.0,0.0,0.41298458,real
0.0,0.0,0.47889313,real
0.0,1.0,0.5524331,real
0.0,1.0,0.5073936,real
0.0,1.0,0.52334183,real
0.0,0.0,0.4975085,real
0.0,1.0,0.5714597,real
0.0,1.0,0.5275511,real
0.0,0.0,0.46184453,real
0.0,0.0,0.46168274,real
0.0,0.0,0.45930022,real
0.0,0.0,0.46985826,real
0.0,1.0,0.50454795,real
0.0,0.0,0.4721008,real
0.0,1.0,0.5163975,real
0.0,1.0,0.55507505,real
0.0,0.0,0.48176047,real
0.0,0.0,0.42381236,real
0.0,0.0,0.47967032,real
0.0,1.0,0.50821304,real
0.0,0.0,0.45738712,real
0.0,0.0,0.44974482,real
0.0,0.0,0.46897456,real
0.0,0.0,0.4874512,real
0.0,0.0,0.48234326,real
0.0,0.0,0.49973235,real
0.0,1.0,0.52683634,real
0.0,1.0,0.54655474,real
0.0,0.0,0.4994689,real
0.0,0.0,0.46046937,real
0.0,0.0,0.4878959,real
0.0,1.0,0.51054794,real
0.0,1.0,0.51054543,real
0.0,1.0,0.55879045,real
0.0,1.0,0.509945,real
0.0,0.0,0.4751571,real
0.0,1.0,0.52132255,real
0.0,0.0,0.46076933,real
0.0,0.0,0.4801942,real
0.0,1.0,0.5975473,real
0.0,0.0,0.481679,real
0.0,1.0,0.5087206,real
0.0,0.0,0.48770082,real
0.0,1.0,0.5374999,real
0.0,1.0,0.5318841,real
0.0,0.0,0.45459545,real
0.0,0.0,0.42087838,real
0.0,1.0,0.53373754,real
0.0,1.0,0.50722206,real
0.0,0.0,0.45995006,real
0.0,0.0,0.48045963,real
0.0,0.0,0.48299184,real
0.0,0.0,0.46733245,real
0.0,0.0,0.477912,real
0.0,0.0,0.48607513,real
0.0,0.0,0.44343203,real
0.0,0.0,0.48154685,real
0.0,0.0,0.4646552,real
0.0,0.0,0.4800992,real
0.0,0.0,0.44612345,real
0.0,1.0,0.50521284,real
0.0,0.0,0.46544793,real
0.0,0.0,0.4597287,real
0.0,1.0,0.51667094,real
0.0,1.0,0.50676525,real
0.0,0.0,0.4630964,real
0.0,0.0,0.47649756,real
0.0,1.0,0.50179183,real
0.0,1.0,0.5201606,real
0.0,1.0,0.5026447,real
0.0,0.0,0.44264546,real
0.0,0.0,0.466468,real
0.0,0.0,0.45892733,real
0.0,0.0,0.47772238,real
0.0,0.0,0.46877182,real
0.0,1.0,0.5187642,real
0.0,0.0,0.4738801,real
0.0,0.0,0.45575914,real
0.0,0.0,0.46795636,real
0.0,0.0,0.46395946,real
0.0,1.0,0.5748285,real
0.0,0.0,0.48481542,real
0.0,0.0,0.4612187,real
0.0,1.0,0.5149666,real
0.0,0.0,0.48248458,real
0.0,0.0,0.4864714,real
0.0,0.0,0.4347567,real
0.0,0.0,0.4393644,real
0.0,0.0,0.46964747,real
0.0,0.0,0.46826187,real
0.0,1.0,0.5180656,real
0.0,0.0,0.43612447,real
0.0,1.0,0.5051704,real
0.0,0.0,0.46314234,real
0.0,0.0,0.48436472,real
0.0,0.0,0.4736776,real
0.0,1.0,0.5967484,real
0.0,0.0,0.42304787,real
0.0,1.0,0.50460345,real
0.0,0.0,0.492613,real
0.0,1.0,0.5540446,real
0.0,1.0,0.6141707,real
0.0,0.0,0.46220407,real
0.0,0.0,0.4684344,real
0.0,0.0,0.47089857,real
0.0,0.0,0.4660853,real
0.0,0.0,0.49367392,real
0.0,1.0,0.5340434,real
0.0,0.0,0.48268646,real
0.0,0.0,0.4530713,real
0.0,0.0,0.45169887,real
0.0,0.0,0.4817711,real
0.0,0.0,0.45963365,real
0.0,0.0,0.44819593,real
0.0,0.0,0.44680917,real
0.0,1.0,0.5323047,real
0.0,0.0,0.44627044,real
0.0,0.0,0.45153236,real
0.0,0.0,0.46840453,real
0.0,0.0,0.47956425,real
0.0,0.0,0.4304471,real
0.0,0.0,0.4704397,real
0.0,1.0,0.5620328,real
0.0,0.0,0.47913986,real
0.0,1.0,0.5588996,real
0.0,0.0,0.46487305,real
0.0,0.0,0.44832826,real
0.0,0.0,0.48977292,real
0.0,1.0,0.5258421,real
0.0,0.0,0.42861924,real
0.0,1.0,0.5102171,real
0.0,0.0,0.46077034,real
0.0,0.0,0.49235687,real
0.0,0.0,0.4516742,real
0.0,0.0,0.49039263,real
0.0,1.0,0.5427499,real
0.0,1.0,0.55162185,real
0.0,0.0,0.4604234,real
0.0,0.0,0.46454683,real
0.0,0.0,0.44918254,real
0.0,0.0,0.46366763,real
0.0,1.0,0.5130375,real
0.0,1.0,0.54135823,real
0.0,0.0,0.44676358,real
0.0,1.0,0.51322335,real
0.0,1.0,0.5824687,real
0.0,0.0,0.4763012,real
0.0,1.0,0.5037418,real
0.0,0.0,0.48916498,real
0.0,0.0,0.41908953,real
0.0,0.0,0.47341314,real
0.0,0.0,0.46626246,real
0.0,0.0,0.49398318,real
0.0,0.0,0.46316257,real
0.0,0.0,0.4524469,real
0.0,0.0,0.4384091,real
0.0,0.0,0.45854402,real
0.0,1.0,0.51890004,real
0.0,1.0,0.53284186,real
0.0,0.0,0.49305916,real
0.0,0.0,0.4510492,real
0.0,0.0,0.47154424,real
0.0,0.0,0.4315922,real
0.0,0.0,0.4535187,real
0.0,0.0,0.47831902,real
0.0,0.0,0.4653076,real
0.0,0.0,0.4881182,real
0.0,0.0,0.45988724,real
0.0,0.0,0.48641208,real
0.0,0.0,0.49329484,real
0.0,0.0,0.49641117,real
0.0,0.0,0.48789313,real
0.0,0.0,0.48582307,real
0.0,0.0,0.48399404,real
0.0,0.0,0.4868193,real
0.0,1.0,0.50485694,real
0.0,0.0,0.45576847,real
0.0,0.0,0.4853313,real
0.0,0.0,0.49061167,real
0.0,1.0,0.5247342,real
0.0,0.0,0.49481088,real
0.0,1.0,0.50361073,real
0.0,0.0,0.4734876,real
0.0,0.0,0.47375846,real
0.0,0.0,0.4625458,real
0.0,0.0,0.48929623,real
0.0,0.0,0.46567747,real
0.0,0.0,0.4754992,real
0.0,0.0,0.47233984,real
0.0,1.0,0.54402965,real
0.0,0.0,0.46700358,real
0.0,1.0,0.50507045,real
0.0,0.0,0.46104217,real
0.0,0.0,0.46201277,real
0.0,0.0,0.47814786,real
0.0,0.0,0.46763152,real
0.0,0.0,0.455286,real
0.0,1.0,0.5534905,real
0.0,0.0,0.48282516,real
0.0,0.0,0.4823716,real
0.0,0.0,0.43840593,real
0.0,1.0,0.5201557,real
0.0,0.0,0.47705057,real
0.0,0.0,0.4650253,real
0.0,0.0,0.43092835,real
0.0,0.0,0.44728732,real
0.0,0.0,0.45843285,real
0.0,0.0,0.49716786,real
0.0,0.0,0.44504878,real
0.0,0.0,0.47770965,real
0.0,0.0,0.44994992,real
0.0,1.0,0.53833073,real
0.0,0.0,0.49690294,real
0.0,1.0,0.50792766,real
0.0,0.0,0.4680421,real
0.0,0.0,0.475523,real
0.0,0.0,0.40534917,real
0.0,0.0,0.46302503,real
0.0,0.0,0.43241945,real
0.0,0.0,0.426007,real
0.0,1.0,0.51386184,real
0.0,0.0,0.46403262,real
0.0,0.0,0.46507263,real
0.0,1.0,0.5084584,real
0.0,0.0,0.46159965,real
0.0,0.0,0.45618474,real
0.0,0.0,0.49340817,real
0.0,1.0,0.50232935,real
0.0,0.0,0.4571926,real
0.0,1.0,0.52208656,real
0.0,0.0,0.48451468,real
0.0,1.0,0.53172314,real
0.0,0.0,0.4646374,real
0.0,0.0,0.43780082,real
0.0,0.0,0.43699324,real
0.0,0.0,0.45916522,real
0.0,1.0,0.55411124,real
0.0,1.0,0.5193364,real
0.0,0.0,0.45350444,real
0.0,0.0,0.49446058,real
0.0,1.0,0.5684784,real
0.0,0.0,0.45997888,real
0.0,1.0,0.5575298,real
0.0,0.0,0.46679518,real
0.0,0.0,0.47682875,real
0.0,0.0,0.47203875,real
0.0,1.0,0.5536858,real
0.0,0.0,0.4825696,real
0.0,1.0,0.5339764,real
0.0,0.0,0.45615518,real
0.0,1.0,0.5659977,real
0.0,0.0,0.47591466,real
0.0,1.0,0.52823484,real
0.0,1.0,0.5072296,real
0.0,1.0,0.51536703,real
0.0,0.0,0.44587812,real
0.0,0.0,0.46293786,real
0.0,0.0,0.4420926,real
0.0,0.0,0.46360573,real
0.0,0.0,0.48333213,real
0.0,0.0,0.4552421,real
0.0,0.0,0.44384187,real
0.0,0.0,0.43363902,real
0.0,1.0,0.50303024,real
0.0,1.0,0.54551864,real
0.0,0.0,0.4817128,real
0.0,0.0,0.43151453,real
0.0,0.0,0.47011185,real
0.0,0.0,0.49733093,real
0.0,0.0,0.46550962,real
0.0,1.0,0.5102058,real
0.0,1.0,0.51539433,real
0.0,1.0,0.51830184,real
0.0,0.0,0.47743937,real
0.0,0.0,0.49735624,real
0.0,1.0,0.5214313,real
0.0,0.0,0.4510116,real
0.0,0.0,0.45408237,real
0.0,0.0,0.46115127,real
0.0,1.0,0.5254064,real
0.0,1.0,0.51645064,real
0.0,0.0,0.44450977,real
0.0,0.0,0.4862093,real
0.0,0.0,0.46203625,real
0.0,0.0,0.44624227,real
0.0,0.0,0.46488982,real
0.0,0.0,0.4731608,real
0.0,1.0,0.5004769,real
0.0,0.0,0.4980371,real
0.0,1.0,0.5008353,real
0.0,0.0,0.4670816,real
0.0,0.0,0.4567052,real
0.0,0.0,0.4756264,real
0.0,1.0,0.54295486,real
0.0,1.0,0.534152,real
0.0,0.0,0.47742847,real
0.0,0.0,0.4732125,real
0.0,1.0,0.512212,real
0.0,0.0,0.4333777,real
0.0,1.0,0.5199167,real
0.0,0.0,0.49693742,real
0.0,0.0,0.43457535,real
0.0,0.0,0.42988274,real
0.0,0.0,0.4439616,real
0.0,0.0,0.4511415,real
0.0,0.0,0.47910368,real
0.0,0.0,0.43622407,real
0.0,0.0,0.43914545,real
0.0,0.0,0.46195146,real
0.0,1.0,0.53970516,real
0.0,1.0,0.5011225,real
0.0,0.0,0.446026,real
0.0,0.0,0.47247157,real
0.0,0.0,0.45300397,real
0.0,0.0,0.4966835,real
0.0,0.0,0.49254194,real
0.0,0.0,0.4906149,real
0.0,1.0,0.5092296,real
0.0,1.0,0.545406,real
0.0,0.0,0.4933289,real
0.0,1.0,0.5268206,real
0.0,1.0,0.51853335,real
0.0,0.0,0.4886666,real
0.0,0.0,0.46569878,real
0.0,1.0,0.5045772,real
0.0,1.0,0.5078146,real
0.0,0.0,0.46536845,real
0.0,0.0,0.4753906,real
0.0,1.0,0.52438706,real
0.0,1.0,0.5154178,real
0.0,1.0,0.5521442,real
0.0,0.0,0.45185146,real
0.0,0.0,0.45379645,real
0.0,1.0,0.5068758,real
0.0,0.0,0.41784042,real
0.0,0.0,0.46216032,real
0.0,0.0,0.45933565,real
0.0,0.0,0.48286507,real
0.0,0.0,0.48472157,real
0.0,0.0,0.44670448,real
0.0,0.0,0.4630556,real
0.0,0.0,0.45162868,real
0.0,1.0,0.5027052,real
0.0,0.0,0.45637023,real
0.0,0.0,0.45603502,real
0.0,1.0,0.5001319,real
0.0,0.0,0.44950277,real
0.0,1.0,0.5066124,real
0.0,0.0,0.4542487,real
0.0,0.0,0.46198177,real
0.0,0.0,0.4719886,real
0.0,0.0,0.42254657,real
0.0,0.0,0.46564978,real
0.0,0.0,0.46633866,real
0.0,0.0,0.49614838,real
0.0,1.0,0.54122466,real
0.0,0.0,0.48662353,real
0.0,0.0,0.4755384,real
0.0,0.0,0.488335,real
0.0,0.0,0.49107224,real
0.0,0.0,0.48504674,real
0.0,1.0,0.506915,real
0.0,0.0,0.47581095,real
0.0,0.0,0.45912528,real
0.0,0.0,0.47084036,real
0.0,1.0,0.50040394,real
0.0,0.0,0.4497655,real
0.0,0.0,0.47251427,real
0.0,1.0,0.512353,real
0.0,0.0,0.47140074,real
0.0,1.0,0.50719994,real
0.0,0.0,0.43925595,real
0.0,1.0,0.55882144,real
0.0,0.0,0.4446479,real
0.0,0.0,0.4629796,real
0.0,0.0,0.4588952,real
0.0,0.0,0.4722421,real
0.0,1.0,0.51039475,real
0.0,0.0,0.47478566,real
0.0,0.0,0.49714217,real
0.0,0.0,0.45331854,real
0.0,0.0,0.44210947,real
0.0,0.0,0.42761198,real
0.0,1.0,0.51520073,real
0.0,0.0,0.45951128,real
0.0,0.0,0.48841575,real
0.0,1.0,0.5024833,real
0.0,1.0,0.52923703,real
0.0,0.0,0.43442947,real
0.0,0.0,0.4590717,real
0.0,0.0,0.47646528,real
0.0,0.0,0.4345767,real
0.0,0.0,0.45266166,real
0.0,0.0,0.46453503,real
0.0,0.0,0.48719335,real
0.0,0.0,0.43881047,real
0.0,0.0,0.4982586,real
0.0,1.0,0.53053397,real
0.0,1.0,0.5207593,real
0.0,0.0,0.4592735,real
0.0,1.0,0.53365564,real
0.0,0.0,0.42789418,real
0.0,1.0,0.523323,real
0.0,0.0,0.4868156,real
0.0,1.0,0.50005376,real
0.0,0.0,0.49069312,real
0.0,0.0,0.49416167,real
0.0,0.0,0.46233597,real
0.0,0.0,0.46785602,real
0.0,0.0,0.45328674,real
0.0,0.0,0.4274816,real
0.0,0.0,0.47919556,real
0.0,0.0,0.43407297,real
0.0,0.0,0.46285796,real
0.0,0.0,0.47796208,real
0.0,1.0,0.5470896,real
0.0,0.0,0.46566984,real
0.0,0.0,0.42919075,real
0.0,0.0,0.48921388,real
0.0,1.0,0.57275915,real
0.0,0.0,0.48856375,real
0.0,0.0,0.46273014,real
0.0,0.0,0.47724697,real
0.0,1.0,0.5322941,real
0.0,0.0,0.4978952,real
0.0,0.0,0.4890934,real
0.0,1.0,0.50358784,real
0.0,1.0,0.5060069,real
0.0,0.0,0.4931696,real
0.0,1.0,0.5180686,real
0.0,0.0,0.42202517,real
0.0,0.0,0.4562854,real
0.0,0.0,0.45430514,real
0.0,1.0,0.50151527,real
0.0,0.0,0.448552,real
0.0,0.0,0.49154046,real
0.0,0.0,0.4361211,real
0.0,1.0,0.50668305,real
0.0,0.0,0.44139358,real
0.0,1.0,0.54696345,real
0.0,1.0,0.5229811,real
0.0,0.0,0.41551903,real
0.0,1.0,0.52523965,real
0.0,0.0,0.49008623,real
0.0,0.0,0.44041315,real
0.0,0.0,0.46506006,real
0.0,1.0,0.53882074,real
0.0,0.0,0.49869117,real
0.0,0.0,0.44121903,real
0.0,0.0,0.4267175,real
0.0,1.0,0.50015026,real
0.0,0.0,0.45772725,real
0.0,0.0,0.46529633,real
0.0,1.0,0.5745345,real
0.0,1.0,0.50107443,real
0.0,1.0,0.5456667,real
0.0,0.0,0.4610995,real
0.0,0.0,0.43635648,real
0.0,0.0,0.4671866,real
0.0,1.0,0.51994234,real
0.0,0.0,0.4653647,real
0.0,0.0,0.44443417,real
0.0,1.0,0.51136285,real
0.0,0.0,0.42900914,real
0.0,1.0,0.5198229,real
0.0,0.0,0.46384555,real
0.0,0.0,0.47127047,real
0.0,0.0,0.44608012,real
0.0,0.0,0.46271303,real
0.0,1.0,0.55672276,real
0.0,1.0,0.50561464,real
0.0,1.0,0.50922656,real
0.0,0.0,0.46187288,real
0.0,1.0,0.53190356,real
0.0,0.0,0.46646428,real
0.0,0.0,0.48782548,real
0.0,0.0,0.47204298,real
0.0,0.0,0.43592107,real
0.0,1.0,0.516847,real
0.0,0.0,0.4115142,real
0.0,1.0,0.5366731,real
0.0,0.0,0.4254331,real
0.0,0.0,0.43485504,real
0.0,1.0,0.5335492,real
0.0,0.0,0.4583462,real
0.0,0.0,0.46648833,real
0.0,0.0,0.46181998,real
0.0,0.0,0.4389102,real
0.0,0.0,0.49542567,real
0.0,0.0,0.4850047,real
0.0,0.0,0.49173507,real
0.0,0.0,0.46414122,real
0.0,1.0,0.51396817,real
0.0,0.0,0.47599542,real
0.0,0.0,0.48305073,real
0.0,0.0,0.45636737,real
0.0,0.0,0.44867006,real
0.0,0.0,0.47616908,real
0.0,0.0,0.41935334,real
0.0,0.0,0.4338685,real
0.0,0.0,0.4650322,real
0.0,0.0,0.46676877,real
0.0,0.0,0.42908508,real
0.0,0.0,0.48394915,real
0.0,0.0,0.45965135,real
0.0,0.0,0.48864666,real
0.0,0.0,0.4987316,real
0.0,0.0,0.46647206,real
0.0,0.0,0.44374013,real
0.0,1.0,0.52030885,real
0.0,0.0,0.46011496,real
0.0,1.0,0.5496628,real
0.0,1.0,0.5191581,real
0.0,1.0,0.51660174,real
0.0,0.0,0.44209233,real
0.0,0.0,0.48588938,real
0.0,0.0,0.4853659,real
0.0,1.0,0.615066,real
0.0,0.0,0.46138376,real
0.0,0.0,0.49029717,real
0.0,1.0,0.51853657,real
0.0,1.0,0.52556676,real
0.0,1.0,0.5283842,real
0.0,1.0,0.5386931,real
0.0,1.0,0.5490893,real
0.0,1.0,0.5292256,real
0.0,0.0,0.4610556,real
0.0,0.0,0.49810654,real
0.0,0.0,0.45311853,real
0.0,0.0,0.46610254,real
0.0,0.0,0.4213842,real
0.0,0.0,0.46301737,real
0.0,1.0,0.50007963,real
0.0,1.0,0.54662293,real
0.0,1.0,0.50306886,real
0.0,0.0,0.46026945,real
0.0,0.0,0.47129965,real
0.0,0.0,0.44875503,real
0.0,1.0,0.51698756,real
0.0,0.0,0.45146924,real
0.0,0.0,0.47280145,real
0.0,1.0,0.52165776,real
0.0,0.0,0.49336788,real
0.0,0.0,0.4804779,real
0.0,1.0,0.5548371,real
0.0,0.0,0.43318224,real
0.0,0.0,0.45701665,real
0.0,1.0,0.5250541,real
0.0,0.0,0.450846,real
0.0,0.0,0.43560284,real
0.0,1.0,0.54368436,real
0.0,0.0,0.4342911,real
0.0,0.0,0.45586288,real
0.0,0.0,0.47046134,real
0.0,0.0,0.48275623,real
0.0,0.0,0.48779044,real
0.0,0.0,0.45910847,real
0.0,0.0,0.49906024,real
0.0,0.0,0.49564293,real
0.0,1.0,0.50268924,real
0.0,0.0,0.47505,real
0.0,1.0,0.5953011,real
0.0,1.0,0.50029826,real
0.0,1.0,0.5174521,real
0.0,0.0,0.45383883,real
0.0,1.0,0.51261437,real
0.0,0.0,0.45177582,real
0.0,0.0,0.4147919,real
0.0,1.0,0.50610346,real
0.0,0.0,0.4496241,real
0.0,0.0,0.47888163,real
0.0,0.0,0.44308427,real
0.0,1.0,0.5402067,real
0.0,0.0,0.49360117,real
0.0,0.0,0.4809778,real
0.0,1.0,0.58940333,real
0.0,1.0,0.54761297,real
0.0,0.0,0.49525645,real
0.0,0.0,0.48974597,real
0.0,0.0,0.48440573,real
0.0,0.0,0.46084917,real
0.0,1.0,0.50514305,real
0.0,1.0,0.52827084,real
0.0,0.0,0.48022693,real
0.0,0.0,0.43091246,real
0.0,1.0,0.54854155,real
0.0,0.0,0.48839226,real
0.0,0.0,0.49711296,real
0.0,0.0,0.49715513,real
0.0,0.0,0.4545913,real
0.0,0.0,0.47300267,real
0.0,1.0,0.50434136,real
0.0,0.0,0.45255092,real
0.0,0.0,0.41046008,real
0.0,0.0,0.48461545,real
0.0,0.0,0.4874121,real
0.0,0.0,0.4734818,real
0.0,0.0,0.43506265,real
0.0,0.0,0.41837773,real
0.0,0.0,0.45927137,real
0.0,0.0,0.49058563,real
0.0,0.0,0.4832532,real
0.0,0.0,0.47825947,real
0.0,0.0,0.44854385,real
0.0,0.0,0.42307237,real
0.0,0.0,0.47486377,real
0.0,0.0,0.42058086,real
0.0,0.0,0.4629214,real
0.0,1.0,0.5288839,real
0.0,0.0,0.48640805,real
0.0,1.0,0.50877166,real
0.0,0.0,0.47521245,real
0.0,0.0,0.46687967,real
0.0,0.0,0.4676653,real
0.0,0.0,0.45979643,real
0.0,0.0,0.44885322,real
0.0,0.0,0.45094138,real
0.0,1.0,0.51790005,real
0.0,1.0,0.5221761,real
0.0,0.0,0.42644778,real
0.0,1.0,0.51364154,real
0.0,0.0,0.4774822,real
0.0,0.0,0.46145248,real
0.0,1.0,0.53255904,real
0.0,0.0,0.49576578,real
0.0,0.0,0.46138,real
0.0,0.0,0.43972686,real
0.0,0.0,0.4613366,real
0.0,1.0,0.5534961,real
0.0,0.0,0.44315386,real
0.0,0.0,0.45012563,real
0.0,0.0,0.42443046,real
0.0,0.0,0.48019284,real
0.0,1.0,0.5126063,real
0.0,0.0,0.42803597,real
0.0,1.0,0.51669115,real
0.0,0.0,0.47320375,real
0.0,0.0,0.47452408,real
0.0,0.0,0.4675428,real
0.0,0.0,0.49723357,real
0.0,0.0,0.4737555,real
0.0,1.0,0.53027076,real
0.0,1.0,0.5026766,real
0.0,1.0,0.5056572,real
0.0,0.0,0.48431426,real
0.0,0.0,0.46928945,real
0.0,0.0,0.4458738,real
0.0,0.0,0.4811638,real
0.0,0.0,0.47318193,real
0.0,0.0,0.4834689,real
0.0,0.0,0.46150804,real
0.0,0.0,0.4490355,real
0.0,0.0,0.4705159,real
0.0,0.0,0.49382114,real
0.0,0.0,0.46116865,real
0.0,1.0,0.5048669,real
0.0,0.0,0.49601796,real
0.0,0.0,0.46787378,real
0.0,0.0,0.42907295,real
0.0,0.0,0.43933016,real
0.0,0.0,0.42715064,real
0.0,0.0,0.48674148,real
0.0,1.0,0.5279944,real
0.0,0.0,0.4953781,real
0.0,0.0,0.46400824,real
0.0,0.0,0.46553358,real
0.0,0.0,0.48084554,real
0.0,0.0,0.43913454,real
0.0,0.0,0.4492806,real
0.0,0.0,0.45459938,real
0.0,0.0,0.4695074,real
0.0,0.0,0.42659125,real
0.0,0.0,0.4907885,real
0.0,0.0,0.4848185,real
0.0,1.0,0.5419631,real
0.0,1.0,0.52343506,real
0.0,0.0,0.4914019,real
0.0,0.0,0.48044214,real
0.0,0.0,0.46671954,real
0.0,0.0,0.44477186,real
0.0,0.0,0.4635007,real
0.0,0.0,0.48249233,real
0.0,0.0,0.44477624,real
0.0,0.0,0.44348428,real
0.0,1.0,0.532093,real
0.0,0.0,0.46665713,real
0.0,0.0,0.45679256,real
0.0,1.0,0.5415492,real
0.0,0.0,0.4794832,real
0.0,0.0,0.4414133,real
0.0,1.0,0.5322891,real
0.0,0.0,0.47011775,real
0.0,0.0,0.4268313,real
0.0,1.0,0.5058355,real
0.0,0.0,0.49058896,real
0.0,0.0,0.4702257,real
0.0,1.0,0.5401776,real
0.0,0.0,0.46008575,real
0.0,0.0,0.41756374,real
0.0,0.0,0.45329592,real
0.0,0.0,0.47008783,real
0.0,0.0,0.49587157,real
0.0,0.0,0.42114252,real
0.0,1.0,0.55265296,real
0.0,0.0,0.42408893,real
0.0,1.0,0.5343199,real
0.0,0.0,0.48868567,real
0.0,0.0,0.4503274,real
0.0,0.0,0.4884446,real
0.0,0.0,0.43723378,real
0.0,0.0,0.4545222,real
0.0,0.0,0.4564267,real
0.0,0.0,0.4576266,real
0.0,0.0,0.4635512,real
0.0,0.0,0.43547216,real
0.0,0.0,0.45694155,real
0.0,0.0,0.4466724,real
0.0,0.0,0.47930926,real
0.0,0.0,0.43080795,real
0.0,0.0,0.4304494,real
0.0,0.0,0.4889806,real
0.0,0.0,0.45705557,real
0.0,0.0,0.45851704,real
0.0,1.0,0.51035076,real
0.0,0.0,0.49341884,real
0.0,1.0,0.50202316,real
0.0,0.0,0.46637484,real
0.0,0.0,0.4343954,real
0.0,0.0,0.4765366,real
0.0,0.0,0.46570334,real
0.0,0.0,0.4723908,real
0.0,1.0,0.5185483,real
0.0,0.0,0.48622712,real
0.0,0.0,0.46317464,real
0.0,1.0,0.510379,real
0.0,1.0,0.50210875,real
0.0,1.0,0.5333576,real
0.0,0.0,0.46460342,real
0.0,1.0,0.5378273,real
0.0,0.0,0.4511413,real
0.0,0.0,0.44975224,real
0.0,0.0,0.46710095,real
0.0,1.0,0.51590955,real
0.0,0.0,0.4947038,real
0.0,0.0,0.4637711,real
0.0,1.0,0.515996,real
0.0,0.0,0.45534104,real
0.0,0.0,0.49234855,real
0.0,0.0,0.47487876,real
0.0,1.0,0.5041008,real
0.0,0.0,0.49153495,real
0.0,1.0,0.50204337,real
0.0,0.0,0.43840712,real
0.0,0.0,0.45816115,real
0.0,0.0,0.46639395,real
0.0,0.0,0.42068657,real
0.0,0.0,0.48433372,real
0.0,1.0,0.5527878,real
0.0,0.0,0.46639332,real
0.0,1.0,0.54158854,real
0.0,1.0,0.5788068,real
0.0,1.0,0.545166,real
0.0,1.0,0.54305047,real
0.0,0.0,0.4748637,real
0.0,0.0,0.46123037,real
0.0,1.0,0.5021488,real
0.0,0.0,0.4474517,real
0.0,0.0,0.45895627,real
0.0,0.0,0.48561266,real
0.0,0.0,0.43024158,real
0.0,1.0,0.51764864,real
0.0,1.0,0.54601276,real
0.0,0.0,0.4721485,real
0.0,1.0,0.5505163,real
0.0,0.0,0.4897978,real
0.0,1.0,0.51738316,real
0.0,0.0,0.4702824,real
0.0,0.0,0.456028,real
0.0,0.0,0.43882102,real
0.0,0.0,0.47584593,real
0.0,1.0,0.52167344,real
0.0,1.0,0.5163819,real
0.0,0.0,0.4742528,real
0.0,1.0,0.51005214,real
0.0,0.0,0.49945295,real
0.0,0.0,0.46079382,real
0.0,0.0,0.46937415,real
0.0,0.0,0.46783072,real
0.0,1.0,0.5005986,real
0.0,0.0,0.4558489,real
0.0,0.0,0.44588473,real
0.0,0.0,0.42678466,real
0.0,0.0,0.4213052,real
0.0,1.0,0.5106162,real
0.0,1.0,0.5615877,real
0.0,0.0,0.4709541,real
0.0,0.0,0.49903032,real
0.0,0.0,0.4654368,real
0.0,0.0,0.49191964,real
0.0,1.0,0.5311841,real
0.0,1.0,0.50840396,real
0.0,1.0,0.5398909,real
0.0,0.0,0.45724523,real
0.0,0.0,0.45785585,real
0.0,0.0,0.46726903,real
0.0,0.0,0.49203134,real
0.0,0.0,0.47630838,real
0.0,1.0,0.5093299,real
0.0,1.0,0.5282183,real
0.0,0.0,0.46882704,real
0.0,0.0,0.46464074,real
0.0,0.0,0.41752514,real
0.0,0.0,0.46492085,real
0.0,0.0,0.4725938,real
0.0,1.0,0.55754066,real
0.0,0.0,0.46841106,real
0.0,0.0,0.43704808,real
0.0,0.0,0.41343468,real
0.0,1.0,0.52331835,real
0.0,0.0,0.44482803,real
0.0,0.0,0.46640855,real
0.0,0.0,0.47167853,real
0.0,0.0,0.47959074,real
0.0,0.0,0.45108134,real
0.0,1.0,0.51622665,real
0.0,0.0,0.46095416,real
0.0,0.0,0.44170204,real
0.0,1.0,0.542998,real
0.0,1.0,0.5466431,real
0.0,0.0,0.45175996,real
0.0,0.0,0.4120033,real
0.0,1.0,0.52774596,real
0.0,0.0,0.49148667,real
0.0,0.0,0.4737715,real
0.0,0.0,0.48884594,real
0.0,0.0,0.43423638,real
0.0,1.0,0.5074343,real
0.0,0.0,0.4929641,real
0.0,0.0,0.48900107,real
0.0,1.0,0.5072328,real
0.0,1.0,0.5327649,real
0.0,0.0,0.4592944,real
0.0,0.0,0.42124233,real
0.0,0.0,0.47815284,real
0.0,1.0,0.5036817,real
0.0,0.0,0.47331387,real
0.0,1.0,0.51975685,real
0.0,0.0,0.46696168,real
0.0,0.0,0.47583947,real
0.0,0.0,0.46687025,real
0.0,1.0,0.50362194,real
0.0,1.0,0.52781135,real
0.0,0.0,0.48745498,real
0.0,1.0,0.53865135,real
0.0,0.0,0.4602226,real
0.0,0.0,0.4633363,real
0.0,0.0,0.4963237,real
0.0,1.0,0.50149626,real
0.0,1.0,0.5207529,real
0.0,0.0,0.42964107,real
0.0,0.0,0.47993374,real
0.0,0.0,0.43751764,real
0.0,1.0,0.5565724,real
0.0,1.0,0.5341059,real
0.0,0.0,0.48458526,real
0.0,1.0,0.51378816,real
0.0,0.0,0.47985607,real
0.0,0.0,0.47900507,real
0.0,0.0,0.4722774,real
0.0,0.0,0.45154005,real
0.0,1.0,0.5022761,real
0.0,1.0,0.50869644,real
0.0,0.0,0.4920807,real
0.0,1.0,0.51613814,real
0.0,1.0,0.5216838,real
0.0,0.0,0.4759427,real
0.0,0.0,0.48999158,real
0.0,1.0,0.56907755,real
0.0,0.0,0.43585488,real
0.0,1.0,0.50056213,real
0.0,0.0,0.45340514,real
0.0,1.0,0.50547737,real
0.0,0.0,0.44177914,real
0.0,0.0,0.4591157,real
0.0,1.0,0.5231028,real
0.0,0.0,0.4798616,real
0.0,0.0,0.49485886,real
0.0,0.0,0.4244553,real
0.0,0.0,0.46657366,real
0.0,1.0,0.503464,real
0.0,1.0,0.5874524,real
0.0,0.0,0.43970254,real
0.0,0.0,0.47174683,real
0.0,0.0,0.46969783,real
0.0,0.0,0.4927667,real
0.0,1.0,0.5581023,real
0.0,1.0,0.5111809,real
0.0,0.0,0.47463113,real
0.0,0.0,0.47184533,real
0.0,0.0,0.46615985,real
0.0,0.0,0.43493542,real
0.0,1.0,0.5192899,real
0.0,0.0,0.48099583,real
0.0,1.0,0.508844,real
0.0,0.0,0.4972327,real
0.0,0.0,0.44301707,real
0.0,1.0,0.5126035,real
0.0,1.0,0.50454915,real
0.0,1.0,0.5103733,real
0.0,1.0,0.5100975,real
0.0,0.0,0.43843782,real
0.0,0.0,0.49952683,real
0.0,1.0,0.5459554,real
0.0,0.0,0.42350546,real
0.0,0.0,0.4847529,real
0.0,1.0,0.5852932,real
0.0,0.0,0.47565392,real
0.0,0.0,0.45033675,real
0.0,0.0,0.471397,real
0.0,0.0,0.48011744,real
0.0,0.0,0.4835704,real
0.0,0.0,0.49957693,real
0.0,0.0,0.46876532,real
0.0,0.0,0.47315252,real
0.0,0.0,0.48364842,real
0.0,1.0,0.514584,real
0.0,0.0,0.45791966,real
0.0,0.0,0.47902927,real
0.0,0.0,0.43934435,real
0.0,0.0,0.4524084,real
0.0,0.0,0.451349,real
0.0,1.0,0.50208086,real
0.0,0.0,0.49174118,real
0.0,0.0,0.43024415,real
0.0,0.0,0.42521736,real
0.0,0.0,0.48919642,real
0.0,0.0,0.48285204,real
0.0,1.0,0.5239491,real
0.0,0.0,0.45056972,real
0.0,0.0,0.4692186,real
0.0,0.0,0.44023716,real
0.0,1.0,0.54562914,real
0.0,0.0,0.45680526,real
0.0,1.0,0.5479727,real
0.0,1.0,0.5139756,real
0.0,0.0,0.49166602,real
0.0,0.0,0.46622887,real
0.0,0.0,0.42817962,real
0.0,0.0,0.46390927,real
0.0,0.0,0.4615204,real
0.0,0.0,0.45434588,real
0.0,1.0,0.5236534,real
0.0,1.0,0.5255623,real
0.0,0.0,0.46484563,real
0.0,0.0,0.43485793,real
0.0,1.0,0.55813277,real
0.0,1.0,0.5001278,real
0.0,0.0,0.48223537,real
0.0,0.0,0.48727688,real
0.0,1.0,0.5042311,real
0.0,0.0,0.46095416,real
0.0,0.0,0.46253476,real
0.0,0.0,0.4844412,real
0.0,0.0,0.48781714,real
0.0,0.0,0.4259353,real
0.0,0.0,0.46721864,real
0.0,0.0,0.45445803,real
0.0,0.0,0.47456402,real
0.0,1.0,0.5715384,real
0.0,1.0,0.51807517,real
0.0,0.0,0.46115932,real
0.0,0.0,0.4669415,real
0.0,1.0,0.5058472,real
0.0,0.0,0.420237,real
0.0,0.0,0.4502477,real
0.0,0.0,0.49677604,real
0.0,0.0,0.46127993,real
0.0,1.0,0.51157725,real
0.0,0.0,0.4701295,real
0.0,0.0,0.46750242,real
0.0,0.0,0.47042757,real
0.0,0.0,0.44396073,real
0.0,0.0,0.45345524,real
0.0,1.0,0.5216256,real
0.0,0.0,0.44780934,real
0.0,0.0,0.43849483,real
0.0,0.0,0.487557,real
0.0,0.0,0.46677825,real
0.0,0.0,0.47741872,real
0.0,0.0,0.49558553,real
0.0,0.0,0.46100256,real
0.0,0.0,0.48637575,real
0.0,0.0,0.47357413,real
0.0,0.0,0.47158045,real
0.0,0.0,0.483138,real
0.0,0.0,0.45803112,real
0.0,0.0,0.46000117,real
0.0,0.0,0.43578017,real
0.0,1.0,0.5579287,real
0.0,1.0,0.5374871,real
0.0,0.0,0.46726528,real
0.0,0.0,0.4654136,real
0.0,0.0,0.43509242,real
0.0,0.0,0.47504637,real
0.0,0.0,0.4543016,real
0.0,0.0,0.4916475,real
0.0,0.0,0.43302417,real
0.0,0.0,0.46180364,real
0.0,0.0,0.42408547,real
0.0,1.0,0.55288666,real
0.0,0.0,0.4321154,real
0.0,0.0,0.46587533,real
0.0,1.0,0.5453564,real
0.0,0.0,0.47100392,real
0.0,0.0,0.47125503,real
0.0,0.0,0.43542153,real
0.0,0.0,0.46610695,real
0.0,0.0,0.486352,real
0.0,1.0,0.53096473,real
0.0,1.0,0.5163959,real
0.0,0.0,0.4610019,real
0.0,0.0,0.41298038,real
0.0,0.0,0.49258515,real
0.0,0.0,0.43839264,real
0.0,1.0,0.51750386,real
0.0,0.0,0.4549532,real
0.0,0.0,0.49030313,real
0.0,1.0,0.500785,real
0.0,0.0,0.43162474,real
0.0,1.0,0.5087429,real
0.0,0.0,0.45252162,real
0.0,1.0,0.5859984,real
0.0,0.0,0.4863481,real
0.0,1.0,0.5665215,real
0.0,0.0,0.49448648,real
0.0,1.0,0.5201497,real
0.0,0.0,0.4659392,real
0.0,0.0,0.48560867,real
0.0,0.0,0.45366624,real
0.0,0.0,0.4439318,real
0.0,0.0,0.47921747,real
0.0,1.0,0.52615243,real
0.0,0.0,0.45110297,real
0.0,0.0,0.47730383,real
0.0,0.0,0.4895091,real
0.0,0.0,0.49041745,real
0.0,0.0,0.4753847,real
0.0,0.0,0.47910768,real
0.0,0.0,0.4549101,real
0.0,0.0,0.43193483,real
0.0,0.0,0.43079898,real
0.0,0.0,0.477836,real
0.0,1.0,0.5126765,real
0.0,0.0,0.43441314,real
0.0,0.0,0.44996253,real
0.0,1.0,0.54425997,real
0.0,1.0,0.5266697,real
0.0,0.0,0.4416903,real
0.0,0.0,0.4663381,real
0.0,0.0,0.43352348,real
0.0,0.0,0.43506426,real
0.0,0.0,0.457117,real
0.0,0.0,0.45650896,real
0.0,1.0,0.51758486,real
0.0,1.0,0.5144721,real
0.0,0.0,0.48209104,real
0.0,1.0,0.5030488,real
0.0,0.0,0.44759429,real
0.0,0.0,0.43402386,real
0.0,0.0,0.48546982,real
0.0,0.0,0.4866361,real
0.0,0.0,0.46925956,real
0.0,0.0,0.4750483,real
0.0,1.0,0.54170245,real
0.0,1.0,0.5096845,real
0.0,0.0,0.47354323,real
0.0,0.0,0.43271464,real
0.0,0.0,0.49895185,real
0.0,0.0,0.4736531,real
0.0,0.0,0.44513547,real
0.0,0.0,0.4799725,real
0.0,0.0,0.43998528,real
0.0,0.0,0.48659348,real
0.0,0.0,0.47534353,real
0.0,0.0,0.45968068,real
0.0,0.0,0.44925913,real
0.0,0.0,0.49710834,real
0.0,0.0,0.45396763,real
0.0,0.0,0.45336685,real
0.0,0.0,0.45848897,real
0.0,1.0,0.5387584,real
0.0,0.0,0.44052336,real
0.0,0.0,0.43324503,real
0.0,1.0,0.56737876,real
0.0,0.0,0.43931457,real
0.0,0.0,0.44655734,real
0.0,1.0,0.51395535,real
0.0,1.0,0.5188319,real
0.0,1.0,0.5022471,real
0.0,0.0,0.49719322,real
0.0,0.0,0.4976961,real
0.0,1.0,0.5214064,real
0.0,1.0,0.5185458,real
0.0,0.0,0.48513204,real
0.0,0.0,0.42366263,real
0.0,1.0,0.51862854,real
0.0,0.0,0.46342316,real
0.0,0.0,0.45081556,real
0.0,1.0,0.5079287,real
0.0,0.0,0.43124744,real
0.0,0.0,0.45600718,real
0.0,0.0,0.45450965,real
0.0,0.0,0.48792234,real
0.0,0.0,0.44863012,real
0.0,0.0,0.43372273,real
0.0,0.0,0.42841393,real
0.0,1.0,0.5133204,real
0.0,0.0,0.43799087,real
0.0,0.0,0.42717335,real
0.0,0.0,0.4412774,real
0.0,0.0,0.48374313,real
0.0,0.0,0.4618358,real
0.0,0.0,0.45177478,real
0.0,0.0,0.43598464,real
0.0,1.0,0.52697307,real
0.0,0.0,0.4203258,real
0.0,0.0,0.47925773,real
0.0,0.0,0.41009268,real
0.0,0.0,0.47101218,real
0.0,0.0,0.48421112,real
0.0,0.0,0.46551257,real
0.0,1.0,0.5475505,real
0.0,1.0,0.5259008,real
0.0,1.0,0.53202236,real
0.0,1.0,0.5042814,real
0.0,0.0,0.48289153,real
0.0,0.0,0.41887364,real
0.0,0.0,0.46619642,real
0.0,0.0,0.45772052,real
0.0,0.0,0.4931081,real
0.0,0.0,0.4973209,real
0.0,1.0,0.5016915,real
0.0,0.0,0.49740463,real
0.0,1.0,0.5070234,real
0.0,0.0,0.45068341,real
0.0,0.0,0.43845662,real
0.0,0.0,0.4688693,real
0.0,0.0,0.49821848,real
0.0,0.0,0.4958207,real
0.0,1.0,0.50922406,real
0.0,0.0,0.46032402,real
0.0,0.0,0.43209115,real
0.0,0.0,0.44113097,real
0.0,0.0,0.48356706,real
0.0,0.0,0.4443368,real
0.0,1.0,0.5069545,real
0.0,0.0,0.47125116,real
0.0,0.0,0.45304507,real
0.0,1.0,0.50886416,real
0.0,0.0,0.47125614,real
0.0,0.0,0.49654716,real
0.0,1.0,0.5150777,real
0.0,0.0,0.43630394,real
0.0,0.0,0.48718134,real
0.0,1.0,0.5133914,real
0.0,0.0,0.4639138,real
0.0,1.0,0.5802316,real
0.0,0.0,0.45641232,real
0.0,0.0,0.46083778,real
0.0,0.0,0.4850297,real
0.0,0.0,0.4684165,real
0.0,0.0,0.45134985,real
0.0,0.0,0.44497743,real
0.0,1.0,0.5116514,real
0.0,0.0,0.45694286,real
0.0,1.0,0.51377106,real
0.0,1.0,0.5594388,real
0.0,1.0,0.5317188,real
0.0,0.0,0.43857035,real
0.0,0.0,0.44264734,real
0.0,0.0,0.45838442,real
0.0,0.0,0.4721042,real
0.0,0.0,0.44588947,real
0.0,1.0,0.5013827,real
0.0,1.0,0.51861095,real
0.0,1.0,0.53027475,real
0.0,0.0,0.42891684,real
0.0,0.0,0.4508463,real
0.0,1.0,0.53310657,real
0.0,0.0,0.45126653,real
0.0,0.0,0.46487293,real
0.0,0.0,0.46017897,real
0.0,1.0,0.5454848,real
0.0,1.0,0.53946304,real
0.0,1.0,0.5173139,real
0.0,1.0,0.5630417,real
0.0,0.0,0.45999497,real
0.0,1.0,0.5323394,real
0.0,0.0,0.49484533,real
0.0,0.0,0.46421826,real
0.0,1.0,0.51597196,real
0.0,1.0,0.5258905,real
0.0,1.0,0.5088378,real
0.0,1.0,0.5045941,real
0.0,0.0,0.45441213,real
0.0,0.0,0.47158328,real
0.0,0.0,0.4880385,real
0.0,1.0,0.52811706,real
0.0,0.0,0.45249757,real
0.0,1.0,0.50500274,real
0.0,0.0,0.49884972,real
0.0,0.0,0.4803932,real
0.0,0.0,0.49527216,real
0.0,0.0,0.48746672,real
0.0,1.0,0.51369643,real
0.0,0.0,0.46670374,real
0.0,0.0,0.4588206,real
0.0,1.0,0.5915983,real
0.0,1.0,0.5496262,real
0.0,0.0,0.46333358,real
0.0,1.0,0.5167999,real
0.0,0.0,0.46361607,real
0.0,0.0,0.4649054,real
0.0,0.0,0.49713227,real
0.0,1.0,0.51279604,real
0.0,0.0,0.47823635,real
0.0,1.0,0.55627286,real
0.0,0.0,0.48575342,real
0.0,1.0,0.53135186,real
0.0,1.0,0.57928187,real
0.0,0.0,0.4641853,real
0.0,1.0,0.53067845,real
0.0,1.0,0.5062786,real
0.0,1.0,0.547448,real
0.0,1.0,0.52833754,real
0.0,1.0,0.55399984,real
0.0,1.0,0.5193856,real
0.0,1.0,0.5301262,real
0.0,1.0,0.5140985,real
0.0,1.0,0.5307512,real
0.0,1.0,0.54577434,real
0.0,0.0,0.4887342,real
0.0,1.0,0.5120087,real
0.0,1.0,0.5302123,real
0.0,0.0,0.4647277,real
0.0,1.0,0.5401818,real
0.0,1.0,0.5498353,real
0.0,1.0,0.51999867,real
0.0,0.0,0.4657989,real
0.0,0.0,0.49023494,real
0.0,0.0,0.44478813,real
0.0,0.0,0.48395976,real
0.0,1.0,0.5906537,real
0.0,0.0,0.49931547,real
0.0,0.0,0.4742469,real
0.0,1.0,0.50850195,real
0.0,1.0,0.5324848,real
0.0,0.0,0.46783453,real
0.0,0.0,0.47247455,real
0.0,0.0,0.44415632,real
0.0,1.0,0.5281367,real
0.0,0.0,0.45885706,real
0.0,1.0,0.546782,real
0.0,1.0,0.53620315,real
0.0,0.0,0.49289978,real
0.0,0.0,0.47789922,real
0.0,1.0,0.5556237,real
0.0,1.0,0.5002667,real
0.0,1.0,0.54699534,real
0.0,0.0,0.47692254,real
0.0,1.0,0.50319725,real
0.0,1.0,0.52430695,real
0.0,1.0,0.5297964,real
0.0,1.0,0.5504782,real
0.0,1.0,0.5713519,real
0.0,1.0,0.5254431,real
0.0,1.0,0.53074366,real
0.0,0.0,0.4866097,real
0.0,1.0,0.53879744,real
0.0,1.0,0.5287372,real
0.0,1.0,0.51079607,real
0.0,1.0,0.5136219,real
0.0,1.0,0.50353944,real
0.0,1.0,0.5312496,real
0.0,1.0,0.5048281,real
0.0,0.0,0.4849984,real
0.0,0.0,0.48401365,real
0.0,0.0,0.4563259,real
0.0,1.0,0.5369122,real
0.0,1.0,0.5137689,real
0.0,1.0,0.50320506,real
0.0,0.0,0.48371145,real
0.0,1.0,0.5167731,real
0.0,1.0,0.5305402,real
0.0,1.0,0.50372994,real
0.0,1.0,0.5088604,real
0.0,0.0,0.43338296,real
0.0,0.0,0.49650714,real
0.0,1.0,0.5254805,real
0.0,0.0,0.45066896,real
0.0,1.0,0.5136244,real
0.0,1.0,0.55999565,real
0.0,1.0,0.5165412,real
0.0,1.0,0.54520565,real
0.0,0.0,0.46693444,real
0.0,0.0,0.48786673,real
0.0,0.0,0.4982772,real
0.0,0.0,0.49023804,real
0.0,0.0,0.4688129,real
0.0,1.0,0.5157726,real
0.0,0.0,0.4705725,real
0.0,0.0,0.49483845,real
0.0,0.0,0.4741698,real
0.0,1.0,0.50600356,real
0.0,1.0,0.5448263,real
0.0,1.0,0.54673636,real
0.0,0.0,0.4642999,real
0.0,1.0,0.5358067,real
0.0,1.0,0.50406724,real
0.0,1.0,0.5027465,real
0.0,0.0,0.45912397,real
0.0,1.0,0.52013683,real
0.0,0.0,0.44259933,real
0.0,1.0,0.51493233,real
0.0,0.0,0.49143773,real
0.0,1.0,0.51970345,real
0.0,1.0,0.5101031,real
0.0,0.0,0.4733601,real
0.0,0.0,0.48798677,real
0.0,1.0,0.611072,real
0.0,0.0,0.48086172,real
0.0,1.0,0.5403744,real
0.0,0.0,0.4793439,real
0.0,0.0,0.49267513,real
0.0,1.0,0.522169,real
0.0,1.0,0.5189624,real
0.0,0.0,0.46916452,real
0.0,1.0,0.5236757,real
0.0,1.0,0.54205126,real
0.0,1.0,0.56563675,real
0.0,1.0,0.5074443,real
0.0,0.0,0.4711475,real
0.0,1.0,0.5235467,real
0.0,1.0,0.53982896,real
0.0,1.0,0.5183913,real
0.0,0.0,0.45598152,real
0.0,1.0,0.51763123,real
0.0,1.0,0.5384083,real
0.0,1.0,0.50063837,real
0.0,1.0,0.56654555,real
0.0,1.0,0.50048214,real
0.0,1.0,0.52346426,real
0.0,0.0,0.4851786,real
0.0,0.0,0.49529633,real
0.0,1.0,0.51294446,real
0.0,0.0,0.49071258,real
0.0,0.0,0.46004805,real
0.0,1.0,0.53928083,real
0.0,1.0,0.50770676,real
0.0,1.0,0.5199741,real
0.0,1.0,0.5042455,real
0.0,1.0,0.5193234,real
0.0,1.0,0.53246313,real
0.0,0.0,0.4921964,real
0.0,0.0,0.47644538,real
0.0,0.0,0.45173332,real
0.0,1.0,0.53128016,real
0.0,0.0,0.47042662,real
0.0,0.0,0.44289702,real
0.0,1.0,0.5003769,real
0.0,0.0,0.49611452,real
0.0,0.0,0.48742855,real
0.0,1.0,0.52023846,real
0.0,1.0,0.50583875,real
0.0,0.0,0.47074357,real
0.0,1.0,0.51932406,real
0.0,1.0,0.5264881,real
0.0,0.0,0.4775823,real
0.0,1.0,0.53946316,real
0.0,1.0,0.5218186,real
0.0,0.0,0.47160447,real
0.0,1.0,0.51606524,real
0.0,1.0,0.5413509,real
0.0,0.0,0.49536008,real
0.0,1.0,0.52597845,real
0.0,1.0,0.51053715,real
0.0,0.0,0.46794674,real
0.0,1.0,0.5276879,real
0.0,0.0,0.49469954,real
0.0,1.0,0.5095234,real
0.0,1.0,0.5380618,real
0.0,0.0,0.46642795,real
0.0,0.0,0.4976012,real
0.0,1.0,0.5439883,real
0.0,0.0,0.4903091,real
0.0,1.0,0.54664254,real
0.0,1.0,0.5079629,real
0.0,0.0,0.46270874,real
0.0,1.0,0.5242246,real
0.0,1.0,0.53918767,real
0.0,0.0,0.4831651,real
0.0,1.0,0.5463044,real
0.0,0.0,0.49638078,real
0.0,1.0,0.5592418,real
0.0,1.0,0.52890754,real
0.0,0.0,0.47192603,real
0.0,0.0,0.4689485,real
0.0,1.0,0.5361705,real
0.0,1.0,0.50072575,real
0.0,0.0,0.4499309,real
0.0,0.0,0.4542685,real
0.0,0.0,0.46967986,real
0.0,1.0,0.5091364,real
0.0,0.0,0.4846768,real
0.0,0.0,0.47160235,real
0.0,0.0,0.48682636,real
0.0,0.0,0.49879462,real
0.0,1.0,0.56698906,real
0.0,0.0,0.46969005,real
0.0,0.0,0.44054756,real
0.0,0.0,0.46188366,real
0.0,0.0,0.48110119,real
0.0,0.0,0.4791758,real
0.0,1.0,0.51433194,real
0.0,0.0,0.46817306,real
0.0,0.0,0.45442966,real
0.0,0.0,0.48273775,real
0.0,1.0,0.51388305,real
0.0,1.0,0.5704878,real
0.0,0.0,0.4797561,real
0.0,0.0,0.49016663,real
0.0,0.0,0.47898325,real
0.0,1.0,0.53773576,real
0.0,0.0,0.4865739,real
0.0,0.0,0.46091324,real
0.0,0.0,0.4856631,real
0.0,0.0,0.47635642,real
0.0,0.0,0.4986492,real
0.0,0.0,0.4902142,real
0.0,0.0,0.49634513,real
0.0,1.0,0.516532,real
0.0,1.0,0.52526194,real
0.0,1.0,0.539664,real
0.0,0.0,0.4884166,real
0.0,1.0,0.53726643,real
0.0,1.0,0.50432736,real
0.0,1.0,0.53386134,real
0.0,1.0,0.5237408,real
0.0,1.0,0.5163601,real
0.0,1.0,0.51879996,real
0.0,0.0,0.4921047,real
0.0,1.0,0.5459292,real
0.0,1.0,0.54300946,real
0.0,1.0,0.5214662,real
0.0,1.0,0.5343723,real
0.0,0.0,0.48738357,real
0.0,1.0,0.5315755,real
0.0,0.0,0.4787638,real
0.0,1.0,0.5471028,real
0.0,0.0,0.46156317,real
0.0,1.0,0.5017821,real
0.0,1.0,0.5459775,real
0.0,0.0,0.46976602,real
0.0,0.0,0.48399287,real
0.0,1.0,0.53307223,real
0.0,0.0,0.4752286,real
0.0,1.0,0.52021295,real
0.0,1.0,0.51634026,real
0.0,1.0,0.50928664,real
0.0,0.0,0.4682699,real
0.0,1.0,0.5382571,real
0.0,1.0,0.5081436,real
0.0,1.0,0.55146104,real
0.0,1.0,0.521104,real
0.0,1.0,0.5227046,real
0.0,1.0,0.58926916,real
0.0,1.0,0.5257741,real
0.0,1.0,0.54898083,real
0.0,1.0,0.5076961,real
0.0,0.0,0.49241763,real
0.0,0.0,0.4821208,real
0.0,1.0,0.5454568,real
0.0,0.0,0.4989033,real
0.0,1.0,0.50947237,real
0.0,1.0,0.5258237,real
0.0,1.0,0.52417344,real
0.0,1.0,0.5450583,real
0.0,0.0,0.4632611,real
0.0,1.0,0.5529632,real
0.0,1.0,0.5002204,real
0.0,1.0,0.51839596,real
0.0,0.0,0.48992023,real
0.0,0.0,0.49353266,real
0.0,0.0,0.48636886,real
0.0,1.0,0.53340197,real
0.0,1.0,0.5111647,real
0.0,0.0,0.49225914,real
0.0,0.0,0.46316576,real
0.0,1.0,0.5402468,real
0.0,1.0,0.5039075,real
0.0,0.0,0.47081083,real
0.0,1.0,0.51864094,real
0.0,1.0,0.5443351,real
0.0,1.0,0.52117896,real
0.0,0.0,0.4706178,real
0.0,0.0,0.49489355,real
0.0,0.0,0.43747813,real
0.0,1.0,0.50194407,real
0.0,1.0,0.5391595,real
0.0,1.0,0.51688427,real
0.0,0.0,0.4816662,real
0.0,0.0,0.49329385,real
0.0,0.0,0.4921675,real
0.0,0.0,0.49783367,real
0.0,1.0,0.5062461,real
0.0,0.0,0.46187267,real
0.0,0.0,0.4680916,real
0.0,1.0,0.54833305,real
0.0,1.0,0.5654274,real
0.0,0.0,0.46644518,real
0.0,0.0,0.45659623,real
0.0,1.0,0.5415369,real
0.0,1.0,0.5412196,real
0.0,1.0,0.5427396,real
0.0,1.0,0.5051882,real
0.0,0.0,0.43610096,real
0.0,0.0,0.45850566,real
0.0,1.0,0.54969823,real
0.0,1.0,0.5193868,real
0.0,0.0,0.48941967,real
0.0,1.0,0.5085401,real
0.0,0.0,0.49628183,real
0.0,1.0,0.5733536,real
0.0,0.0,0.46573493,real
0.0,0.0,0.48209536,real
0.0,1.0,0.51959443,real
0.0,0.0,0.49698973,real
0.0,1.0,0.5569561,real
0.0,1.0,0.503645,real
0.0,0.0,0.47703734,real
0.0,0.0,0.46328333,real
0.0,1.0,0.52164793,real
0.0,1.0,0.5027643,real
0.0,0.0,0.43445054,real
0.0,0.0,0.4908573,real
0.0,1.0,0.50247455,real
0.0,1.0,0.5225135,real
0.0,0.0,0.4884356,real
0.0,1.0,0.55549884,real
0.0,1.0,0.52278477,real
0.0,1.0,0.5392167,real
0.0,1.0,0.5003016,real
0.0,1.0,0.55232686,real
0.0,1.0,0.50785285,real
0.0,1.0,0.5094024,real
0.0,0.0,0.46922323,real
0.0,0.0,0.47284207,real
0.0,1.0,0.50192606,real
0.0,0.0,0.49995482,real
0.0,1.0,0.5213029,real
0.0,0.0,0.49703512,real
0.0,0.0,0.4835111,real
0.0,1.0,0.5254459,real
0.0,1.0,0.53638566,real
0.0,0.0,0.47822207,real
0.0,0.0,0.4814402,real
0.0,1.0,0.5497419,real
0.0,1.0,0.5548485,real
0.0,1.0,0.5121922,real
0.0,0.0,0.4700932,real
0.0,1.0,0.51328254,real
0.0,0.0,0.44828933,real
0.0,1.0,0.5243055,real
0.0,1.0,0.53495985,real
0.0,1.0,0.50524783,real
0.0,0.0,0.49792534,real
0.0,1.0,0.5342943,real
0.0,1.0,0.5129677,real
0.0,0.0,0.46873304,real
0.0,1.0,0.5059921,real
0.0,1.0,0.57816565,real
0.0,1.0,0.5408232,real
0.0,0.0,0.47571895,real
0.0,1.0,0.51543206,real
0.0,1.0,0.54069644,real
0.0,1.0,0.51349527,real
0.0,0.0,0.4934718,real
0.0,0.0,0.46241084,real
0.0,1.0,0.5219645,real
0.0,1.0,0.5169231,real
0.0,0.0,0.44914398,real
0.0,1.0,0.5688716,real
0.0,1.0,0.5777985,real
0.0,0.0,0.472094,real
0.0,1.0,0.5157759,real
0.0,1.0,0.5359719,real
0.0,1.0,0.51372313,real
0.0,0.0,0.4975975,real
0.0,1.0,0.5919093,real
0.0,0.0,0.49969292,real
0.0,1.0,0.525362,real
0.0,0.0,0.45914558,real
0.0,0.0,0.460554,real
0.0,1.0,0.50850827,real
0.0,0.0,0.46120515,real
0.0,0.0,0.49823752,real
0.0,1.0,0.510258,real
0.0,1.0,0.51277953,real
0.0,1.0,0.52496004,real
0.0,1.0,0.51146567,real
0.0,1.0,0.50705147,real
0.0,1.0,0.5228179,real
0.0,1.0,0.5239911,real
0.0,0.0,0.48753992,real
0.0,0.0,0.44013202,real
0.0,0.0,0.48255774,real
0.0,1.0,0.56175685,real
0.0,1.0,0.5158609,real
0.0,0.0,0.49745214,real
0.0,0.0,0.48913223,real
0.0,1.0,0.5532653,real
0.0,0.0,0.44970095,real
0.0,1.0,0.53052473,real
0.0,0.0,0.49758014,real
0.0,1.0,0.54011023,real
0.0,1.0,0.5759976,real
0.0,0.0,0.49793327,real
0.0,1.0,0.54274,real
0.0,1.0,0.51512915,real
0.0,1.0,0.5048616,real
0.0,0.0,0.4723591,real
0.0,1.0,0.501176,real
0.0,0.0,0.47821018,real
0.0,1.0,0.5533634,real
0.0,0.0,0.48823455,real
0.0,0.0,0.4760604,real
0.0,1.0,0.52910554,real
0.0,0.0,0.4876274,real
0.0,0.0,0.4771669,real
0.0,1.0,0.5823805,real
0.0,1.0,0.5381985,real
0.0,1.0,0.5353797,real
0.0,0.0,0.48469004,real
0.0,1.0,0.50986165,real
0.0,0.0,0.45793113,real
0.0,1.0,0.5116267,real
0.0,1.0,0.55371636,real
0.0,1.0,0.52634,real
0.0,1.0,0.5170587,real
0.0,1.0,0.54299766,real
0.0,0.0,0.4816979,real
0.0,1.0,0.51330644,real
0.0,1.0,0.52477777,real
0.0,1.0,0.52540606,real
0.0,0.0,0.48612183,real
0.0,1.0,0.5394,real
0.0,1.0,0.5506836,real
0.0,0.0,0.49614632,real
0.0,1.0,0.52833945,real
0.0,1.0,0.5572089,real
0.0,1.0,0.51392794,real
0.0,1.0,0.52762896,real
0.0,0.0,0.4841822,real
0.0,0.0,0.4831142,real
0.0,0.0,0.48541394,real
0.0,1.0,0.5085037,real
0.0,1.0,0.52402383,real
0.0,0.0,0.492024,real
0.0,1.0,0.50946933,real
0.0,0.0,0.47615212,real
0.0,0.0,0.49290627,real
0.0,1.0,0.55171233,real
0.0,1.0,0.5067684,real
0.0,0.0,0.45939744,real
0.0,1.0,0.5601678,real
0.0,1.0,0.5122482,real
0.0,0.0,0.48381326,real
0.0,0.0,0.46092165,real
0.0,0.0,0.47672427,real
0.0,1.0,0.5137754,real
0.0,1.0,0.5583145,real
0.0,0.0,0.44821045,real
0.0,1.0,0.50134575,real
0.0,0.0,0.46231645,real
0.0,0.0,0.49438,real
0.0,1.0,0.5376801,real
0.0,1.0,0.5108944,real
0.0,1.0,0.5688888,real
0.0,0.0,0.44638497,real
0.0,1.0,0.5058198,real
0.0,1.0,0.5590383,real
0.0,1.0,0.53525734,real
0.0,1.0,0.52311146,real
0.0,0.0,0.45621362,real
0.0,0.0,0.47671717,real
0.0,1.0,0.5397755,real
0.0,1.0,0.56585693,real
0.0,1.0,0.50455546,real
0.0,1.0,0.51646465,real
0.0,0.0,0.45509443,real
0.0,0.0,0.47669783,real
0.0,1.0,0.500455,real
0.0,0.0,0.49283776,real
0.0,0.0,0.42566326,real
0.0,0.0,0.48679742,real
0.0,0.0,0.44762114,real
0.0,0.0,0.44272956,real
0.0,1.0,0.5140387,real
0.0,1.0,0.5212679,real
0.0,0.0,0.47101545,real
0.0,0.0,0.48092768,real
0.0,0.0,0.46446905,real
0.0,0.0,0.49554595,real
0.0,1.0,0.5220372,real
0.0,0.0,0.45869517,real
0.0,1.0,0.5098401,real
0.0,1.0,0.5006131,real
0.0,0.0,0.46708372,real
0.0,1.0,0.5567375,real
0.0,0.0,0.48151818,real
0.0,0.0,0.48396513,real
0.0,0.0,0.46617198,real
0.0,0.0,0.474362,real
0.0,1.0,0.5013964,real
0.0,0.0,0.46993002,real
0.0,1.0,0.53740704,real
0.0,1.0,0.51986504,real
0.0,1.0,0.5606296,real
0.0,0.0,0.498475,real
0.0,1.0,0.5476115,real
0.0,1.0,0.5028568,real
0.0,0.0,0.45836994,real
0.0,0.0,0.4931157,real
0.0,1.0,0.5643509,real
0.0,1.0,0.5390843,real
0.0,1.0,0.5233549,real
0.0,0.0,0.44926062,real
0.0,0.0,0.47262713,real
0.0,0.0,0.4473176,real
0.0,1.0,0.530705,real
0.0,0.0,0.49363092,real
0.0,1.0,0.5092841,real
0.0,0.0,0.4758644,real
0.0,1.0,0.5193983,real
0.0,0.0,0.45639282,real
0.0,0.0,0.45404905,real
0.0,1.0,0.54819673,real
0.0,0.0,0.4945558,real
0.0,1.0,0.532161,real
0.0,1.0,0.5731781,real
0.0,1.0,0.53199697,real
0.0,1.0,0.531306,real
0.0,1.0,0.5659614,real
0.0,1.0,0.5335491,real
0.0,1.0,0.6157942,real
0.0,1.0,0.52894515,real
0.0,0.0,0.4934849,real
0.0,1.0,0.5151307,real
0.0,0.0,0.4886219,real
0.0,1.0,0.5543109,real
0.0,0.0,0.4778835,real
0.0,0.0,0.47225794,real
0.0,1.0,0.53486985,real
0.0,1.0,0.5000936,real
0.0,1.0,0.55027264,real
0.0,0.0,0.4357095,real
0.0,1.0,0.5110157,real
0.0,1.0,0.51939523,real
0.0,1.0,0.5643977,real
0.0,1.0,0.5278375,real
0.0,1.0,0.5259131,real
0.0,1.0,0.5094424,real
0.0,1.0,0.58871293,real
0.0,1.0,0.507799,real
0.0,0.0,0.48269847,real
0.0,1.0,0.5718236,real
0.0,1.0,0.5123683,real
0.0,1.0,0.52469724,real
0.0,1.0,0.5335011,real
0.0,0.0,0.4998639,real
0.0,1.0,0.54262483,real
0.0,1.0,0.5404425,real
0.0,1.0,0.5143895,real
0.0,1.0,0.5637249,real
0.0,0.0,0.49335977,real
0.0,1.0,0.5695328,real
0.0,0.0,0.45104206,real
0.0,1.0,0.5017394,real
0.0,1.0,0.5348244,real
0.0,0.0,0.49203384,real
0.0,1.0,0.5032788,real
0.0,0.0,0.48323873,real
0.0,0.0,0.49193242,real
0.0,0.0,0.49665698,real
0.0,1.0,0.505416,real
0.0,0.0,0.49196133,real
0.0,0.0,0.474262,real
0.0,1.0,0.55230784,real
0.0,1.0,0.51081276,real
0.0,0.0,0.4660111,real
0.0,1.0,0.5116246,real
0.0,1.0,0.5275317,real
0.0,1.0,0.5013523,real
0.0,1.0,0.5228426,real
0.0,1.0,0.5109185,real
0.0,1.0,0.54065984,real
0.0,0.0,0.49242368,real
0.0,0.0,0.47391713,real
0.0,0.0,0.46381417,real
0.0,1.0,0.52324164,real
0.0,1.0,0.50218123,real
0.0,1.0,0.54344064,real
0.0,0.0,0.49423337,real
0.0,0.0,0.4685589,real
0.0,0.0,0.4261798,real
0.0,0.0,0.49108806,real
0.0,0.0,0.45201945,real
0.0,0.0,0.46830767,real
0.0,0.0,0.49632612,real
0.0,1.0,0.5226157,real
0.0,1.0,0.50270057,real
0.0,1.0,0.5822316,real
0.0,0.0,0.47664365,real
0.0,1.0,0.5925769,real
0.0,1.0,0.5258327,real
0.0,0.0,0.47810248,real
0.0,1.0,0.52604187,real
0.0,0.0,0.4831298,real
0.0,1.0,0.5479464,real
0.0,1.0,0.5263115,real
0.0,1.0,0.50795037,real
0.0,1.0,0.5143262,real
0.0,1.0,0.53838474,real
0.0,1.0,0.50920963,real
0.0,0.0,0.48475137,real
0.0,0.0,0.4772828,real
0.0,1.0,0.5397859,real
0.0,1.0,0.5232112,real
0.0,1.0,0.5366029,real
0.0,1.0,0.5085603,real
0.0,0.0,0.4818878,real
0.0,1.0,0.541628,real
0.0,1.0,0.5663495,real
0.0,1.0,0.51613665,real
0.0,1.0,0.5432777,real
0.0,1.0,0.5628967,real
0.0,1.0,0.5463437,real
0.0,1.0,0.52225244,real
0.0,0.0,0.44947603,real
0.0,1.0,0.5286495,real
0.0,1.0,0.5261373,real
0.0,0.0,0.4863235,real
0.0,0.0,0.4773746,real
0.0,1.0,0.57373774,real
0.0,0.0,0.49385947,real
0.0,1.0,0.5315388,real
0.0,0.0,0.45931944,real
0.0,0.0,0.46776977,real
0.0,1.0,0.54839236,real
0.0,1.0,0.5454085,real
0.0,1.0,0.54992515,real
0.0,1.0,0.53815603,real
0.0,1.0,0.5349122,real
0.0,1.0,0.50488234,real
0.0,1.0,0.51956844,real
0.0,0.0,0.4743563,real
0.0,1.0,0.5457273,real
0.0,1.0,0.567154,real
0.0,1.0,0.5196996,real
0.0,1.0,0.5690622,real
0.0,0.0,0.48867667,real
0.0,0.0,0.49679363,real
0.0,1.0,0.55056363,real
0.0,0.0,0.4713769,real
0.0,0.0,0.47385374,real
0.0,1.0,0.5112726,real
0.0,0.0,0.49898413,real
0.0,1.0,0.54205394,real
0.0,1.0,0.5563959,real
0.0,1.0,0.5602389,real
0.0,1.0,0.52062356,real
0.0,0.0,0.48022434,real
0.0,1.0,0.5246912,real
0.0,0.0,0.48308328,real
0.0,1.0,0.51870286,real
0.0,1.0,0.5330794,real
0.0,1.0,0.58605176,real
0.0,1.0,0.54219896,real
0.0,1.0,0.5440705,real
0.0,0.0,0.4939481,real
0.0,1.0,0.5798152,real
0.0,1.0,0.56639904,real
0.0,0.0,0.43611512,real
0.0,0.0,0.42165738,real
0.0,1.0,0.50813967,real
0.0,1.0,0.5561262,real
0.0,0.0,0.47753102,real
0.0,1.0,0.517951,real
0.0,1.0,0.6007847,real
0.0,1.0,0.56324357,real
0.0,0.0,0.47131196,real
0.0,1.0,0.5020736,real
0.0,1.0,0.5378223,real
0.0,1.0,0.5379485,real
0.0,1.0,0.54451334,real
0.0,0.0,0.49311477,real
0.0,0.0,0.46427825,real
0.0,1.0,0.517904,real
0.0,1.0,0.5083231,real
0.0,1.0,0.52299553,real
0.0,1.0,0.5521006,real
0.0,1.0,0.545931,real
0.0,1.0,0.5251045,real
0.0,1.0,0.5370957,real
0.0,0.0,0.46755394,real
0.0,0.0,0.4575324,real
0.0,0.0,0.4883893,real
0.0,1.0,0.5985721,real
0.0,1.0,0.5551296,real
0.0,0.0,0.48513594,real
0.0,1.0,0.50256896,real
0.0,1.0,0.531955,real
0.0,0.0,0.48872495,real
0.0,0.0,0.47627822,real
0.0,1.0,0.5210756,real
0.0,0.0,0.47742358,real
0.0,1.0,0.5471926,real
0.0,0.0,0.4985129,real
0.0,0.0,0.47497654,real
0.0,0.0,0.4795771,real
0.0,0.0,0.48598453,real
0.0,1.0,0.55159396,real
0.0,0.0,0.49934015,real
0.0,0.0,0.4574883,real
0.0,1.0,0.523546,real
0.0,1.0,0.50633717,real
0.0,1.0,0.5194426,real
0.0,1.0,0.5248916,real
0.0,1.0,0.5036293,real
0.0,0.0,0.4848673,real
0.0,0.0,0.47737747,real
0.0,0.0,0.49359956,real
0.0,1.0,0.5096946,real
0.0,0.0,0.4848028,real
0.0,0.0,0.46130732,real
0.0,0.0,0.47311282,real
0.0,0.0,0.48547128,real
0.0,1.0,0.5201279,real
0.0,0.0,0.46178758,real
0.0,0.0,0.49990186,real
0.0,1.0,0.5240835,real
0.0,0.0,0.49764082,real
0.0,1.0,0.5530731,real
0.0,0.0,0.48426154,real
0.0,1.0,0.51125485,real
0.0,1.0,0.5096751,real
0.0,0.0,0.4944406,real
0.0,1.0,0.52752304,real
0.0,0.0,0.49509567,real
0.0,1.0,0.50957215,real
0.0,0.0,0.48207974,real
0.0,1.0,0.5060793,real
0.0,1.0,0.52412903,real
0.0,0.0,0.46621022,real
0.0,1.0,0.5430471,real
0.0,1.0,0.5309331,real
0.0,1.0,0.5301585,real
0.0,1.0,0.50405467,real
0.0,1.0,0.50518274,real
0.0,0.0,0.45969513,real
0.0,0.0,0.4867407,real
0.0,1.0,0.5296005,real
0.0,1.0,0.55665225,real
0.0,0.0,0.49303436,real
0.0,1.0,0.5017639,real
0.0,0.0,0.477023,real
0.0,1.0,0.50815225,real
0.0,1.0,0.51169115,real
0.0,1.0,0.51279193,real
0.0,0.0,0.49764708,real
0.0,1.0,0.5384464,real
0.0,1.0,0.53672683,real
0.0,1.0,0.50574154,real
0.0,1.0,0.5477628,real
0.0,1.0,0.5182818,real
0.0,1.0,0.5266978,real
0.0,1.0,0.51772684,real
0.0,1.0,0.5140459,real
0.0,0.0,0.4649323,real
0.0,0.0,0.47507876,real
0.0,1.0,0.52418184,real
0.0,0.0,0.41769165,real
0.0,0.0,0.47113058,real
0.0,1.0,0.5345272,real
0.0,1.0,0.5419505,real
0.0,0.0,0.47158453,real
0.0,1.0,0.5367476,real
0.0,0.0,0.47884446,real
0.0,0.0,0.47954172,real
0.0,0.0,0.4354566,real
0.0,0.0,0.49623686,real
0.0,1.0,0.5235849,real
0.0,0.0,0.47399166,real
0.0,0.0,0.47485828,real
0.0,0.0,0.44434774,real
0.0,0.0,0.46885702,real
0.0,1.0,0.53006047,real
0.0,1.0,0.5063016,real
0.0,0.0,0.46658975,real
0.0,1.0,0.52332896,real
0.0,1.0,0.54265815,real
0.0,1.0,0.5135723,real
0.0,0.0,0.45182046,real
0.0,1.0,0.53582674,real
0.0,0.0,0.44468656,real
0.0,1.0,0.5167595,real
0.0,1.0,0.51339746,real
0.0,1.0,0.52160215,real
0.0,0.0,0.46587336,real
0.0,0.0,0.46999416,real
0.0,0.0,0.4926981,real
0.0,1.0,0.5007795,real
0.0,1.0,0.5016913,real
0.0,0.0,0.4782845,real
0.0,0.0,0.48115763,real
0.0,0.0,0.43782145,real
0.0,1.0,0.50997406,real
0.0,0.0,0.46127313,real
0.0,1.0,0.5546847,real
0.0,1.0,0.5356067,real
0.0,1.0,0.50849223,real
0.0,0.0,0.49892983,real
0.0,1.0,0.53765655,real
0.0,0.0,0.4897397,real
0.0,1.0,0.55316275,real
0.0,0.0,0.4473703,real
0.0,0.0,0.49022177,real
0.0,1.0,0.52906346,real
0.0,1.0,0.5638402,real
0.0,1.0,0.5290658,real
0.0,1.0,0.5248363,real
0.0,0.0,0.4654401,real
0.0,0.0,0.44263303,real
0.0,0.0,0.43168917,real
0.0,1.0,0.55223435,real
0.0,1.0,0.58662766,real
0.0,1.0,0.53443456,real
0.0,1.0,0.5016332,real
0.0,0.0,0.47417313,real
0.0,1.0,0.566023,real
0.0,1.0,0.5121677,real
0.0,1.0,0.53592163,real
0.0,0.0,0.4734258,real
0.0,0.0,0.45831463,real
0.0,0.0,0.47572726,real
0.0,1.0,0.5021461,real
0.0,0.0,0.497877,real
0.0,0.0,0.47899067,real
0.0,1.0,0.50190735,real
0.0,1.0,0.52217793,real
0.0,0.0,0.4810883,real
0.0,1.0,0.5085514,real
0.0,1.0,0.5082808,real
0.0,0.0,0.4954907,real
0.0,1.0,0.5273846,real
0.0,1.0,0.6053837,real
0.0,1.0,0.5211705,real
0.0,1.0,0.5030544,real
0.0,1.0,0.5090284,real
0.0,1.0,0.5565789,real
0.0,1.0,0.50539666,real
0.0,1.0,0.5301917,real
0.0,1.0,0.5532615,real
0.0,1.0,0.56442463,real
0.0,0.0,0.49050084,real
0.0,1.0,0.5095242,real
0.0,0.0,0.4919265,real
0.0,0.0,0.49017972,real
0.0,1.0,0.50726527,real
0.0,0.0,0.49108213,real
0.0,1.0,0.5426047,real
0.0,1.0,0.58688396,real
0.0,1.0,0.5130619,real
0.0,1.0,0.52105474,real
0.0,0.0,0.4886342,real
0.0,1.0,0.5129845,real
0.0,0.0,0.49522614,real
0.0,1.0,0.52807194,real
0.0,1.0,0.5145226,real
0.0,1.0,0.54998225,real
0.0,1.0,0.5786185,real
0.0,1.0,0.504035,real
0.0,1.0,0.5308938,real
0.0,1.0,0.5088413,real
0.0,1.0,0.5132237,real
0.0,1.0,0.5054783,real
0.0,1.0,0.5349767,real
0.0,1.0,0.53287107,real
0.0,1.0,0.52090675,real
0.0,1.0,0.5231184,real
0.0,1.0,0.5350264,real
0.0,1.0,0.5063637,real
0.0,1.0,0.552801,real
0.0,1.0,0.527494,real
0.0,0.0,0.480434,real
0.0,1.0,0.5256474,real
0.0,0.0,0.4950046,real
0.0,1.0,0.58218235,real
0.0,0.0,0.4514191,real
0.0,1.0,0.54188186,real
0.0,1.0,0.5087399,real
0.0,0.0,0.4521745,real
0.0,1.0,0.5179268,real
0.0,1.0,0.5566839,real
0.0,0.0,0.48444405,real
0.0,0.0,0.48092276,real
0.0,1.0,0.5635262,real
0.0,0.0,0.46271652,real
0.0,0.0,0.4632324,real
0.0,0.0,0.49508446,real
0.0,0.0,0.48534006,real
0.0,0.0,0.44853973,real
0.0,1.0,0.542111,real
0.0,0.0,0.47757506,real
0.0,0.0,0.49527165,real
0.0,1.0,0.51373833,real
0.0,0.0,0.4828565,real
0.0,0.0,0.4858726,real
0.0,1.0,0.5062165,real
0.0,0.0,0.47832078,real
0.0,0.0,0.46273887,real
0.0,1.0,0.5144747,real
0.0,0.0,0.4798093,real
0.0,1.0,0.56283814,real
0.0,1.0,0.50802886,real
0.0,0.0,0.4984254,real
0.0,0.0,0.46485156,real
0.0,1.0,0.5004815,real
0.0,1.0,0.53819394,real
0.0,0.0,0.4789909,real
0.0,0.0,0.49430162,real
0.0,0.0,0.47466975,real
0.0,0.0,0.49400988,real
0.0,1.0,0.5285685,real
0.0,1.0,0.5382092,real
0.0,0.0,0.48518085,real
0.0,0.0,0.48317257,real
0.0,1.0,0.52549803,real
0.0,1.0,0.5164626,real
0.0,1.0,0.5097375,real
0.0,1.0,0.5263647,real
0.0,1.0,0.51084363,real
0.0,0.0,0.45760214,real
0.0,1.0,0.5112371,real
0.0,1.0,0.5252547,real
0.0,1.0,0.5197827,real
0.0,1.0,0.56808954,real
0.0,1.0,0.53363854,real
0.0,1.0,0.5119838,real
0.0,1.0,0.5010873,real
0.0,1.0,0.54044646,real
0.0,0.0,0.49757943,real
0.0,1.0,0.54561335,real
0.0,1.0,0.521554,real
0.0,0.0,0.4956831,real
0.0,0.0,0.46916068,real
0.0,1.0,0.5274664,real
0.0,1.0,0.5608406,real
0.0,1.0,0.55543673,real
0.0,1.0,0.5498806,real
0.0,1.0,0.52225655,real
0.0,1.0,0.51590955,real
0.0,1.0,0.526152,real
0.0,1.0,0.53576255,real
0.0,0.0,0.47576207,real
0.0,1.0,0.5443108,real
0.0,1.0,0.5028732,real
0.0,1.0,0.52097094,real
0.0,1.0,0.5869707,real
0.0,0.0,0.48822218,real
0.0,1.0,0.5436827,real
0.0,1.0,0.5208165,real
0.0,1.0,0.5214024,real
0.0,1.0,0.5204835,real
0.0,1.0,0.5210628,real
0.0,0.0,0.48449972,real
0.0,1.0,0.53556854,real
